"Key","Item Type","Publication Year","Author","Title","Publication Title","ISBN","ISSN","DOI","Url","Abstract Note","Date","Date Added","Date Modified","Access Date","Pages","Num Pages","Issue","Volume","Number Of Volumes","Journal Abbreviation","Short Title","Series","Series Number","Series Text","Series Title","Publisher","Place","Language","Rights","Type","Archive","Archive Location","Library Catalog","Call Number","Extra","Notes","File Attachments","Link Attachments","Manual Tags","Automatic Tags","Editor","Series Editor","Translator","Contributor","Attorney Agent","Book Author","Cast Member","Commenter","Composer","Cosponsor","Counsel","Interviewer","Producer","Recipient","Reviewed Author","Scriptwriter","Words By","Guest","Number","Edition","Running Time","Scale","Medium","Artwork Size","Filing Date","Application Number","Assignee","Issuing Authority","Country","Meeting Name","Conference Name","Court","References","Reporter","Legal Status","Priority Numbers","Programming Language","Version","System","Code","Code Number","Section","Session","Committee","History","Legislative Body"
"TZJBD7GB","journalArticle","2025","Moore, Margaret Jane; Demeyere, Nele","Registered reports in neuropsychology: Insights from the burning houses study","CORTEX","","0010-9452","10.1016/j.cortex.2025.07.002","","We recently completed our first registered report project within a neuropsychological population (Moore et al., 2025). In this project, we set out to evaluate the replicability of the seminal case study by Marshall & Halligan (1988) on pre-attentive semantic processing in neglect, and replicated this effect under stringent experimental conditions. Our undertaking of this registered report study spanned over five years. In this viewpoint, we aim to share our personal reflections on this project in the hope that our experiences (and setbacks) can prove helpful for future studies aiming to conduct registered reports in neuropsychological populations. More broadly, our experience with this project provides a salient example of the challenges faced by registered report studies which may help account for the low uptake of this format in neuropsychology. Ultimately, we believe that encouraging adherence to fundamental open science practices including openly pre-registering plans and open reporting of data/code should be prioritised in neuropsychology and call for targeted discussions surrounding registered report formats specific to neuropsychological studies. (c) 2025 Published by Elsevier Ltd.","2025-09","2026-03-24 19:34:00","2026-03-24 19:34:00","","155-159","","","190","","","","","","","","","","English","","","","","","","Place: 65 CAMILLE DESMOULINS CS50083 ISSY-LES-MOULINEAUX, 92442 PARIS, FRANCE Publisher: ELSEVIER MASSON, CORP OFF Type: Article","","","","Neuropsychology; Registered reports","","","","","","","","","","","","","","","","","","","","","","","","","","","","","","","","","","","","","","","","","","","","","","",""
"V2JDQ5S8","journalArticle","2025","Lin, Chujun; Keles, Umit; Thornton, Mark A.; Adolphs, Ralph","How trait impressions of faces shape subsequent mental state inferences","NATURE HUMAN BEHAVIOUR","","2397-3374","10.1038/s41562-024-02059-4","","People form impressions of one another in a split second from faces. However, people also infer others' momentary mental states on the basis of context-for example, one might infer that somebody feels encouraged from the fact that they are receiving constructive feedback. How do trait judgements of faces influence these context-based mental state inferences? In this Registered Report, we asked participants to infer the mental states of unfamiliar people, identified by their neutral faces, under specific contexts. To increase generalizability, we representatively sampled all stimuli from inclusive sets using computational methods. We tested four hypotheses: that trait impressions of faces (1) are correlated with subsequent mental state inferences in a range of contexts, (2) alter the dimensional space that underlies mental state inferences, (3) are associated with specific mental state dimensions in this space and (4) causally influence mental state inferences. We found evidence in support of all hypotheses. In this Stage 2 Registered Report, Lin et al. show that trait impressions of faces are correlated with and causally influence mental state inferences from the same faces.","2025-01","2026-03-24 19:34:01","2026-03-24 19:34:01","","208-226","","1","9","","","","","","","","","","English","","","","","","","Place: HEIDELBERGER PLATZ 3, BERLIN, 14197, GERMANY Publisher: NATURE PORTFOLIO Type: Article","","","","","","","","","","","","","","","","","","","","","","","","","","","","","","","","","","","","","","","","","","","","","","","","","","",""
"X66P8AX9","journalArticle","2025","Clayson, Peter E.; Carbine, Kaylie A.; Shuford, John L.; Mcdonald, Julia B.; Larson, Michael J.","A registered report of preregistration practices in studies of electroencephalogram (EEG) and event-related potentials (ERPs): A first look at accessibility, adherence, transparency, and selection bias","CORTEX","","0010-9452","10.1016/j.cortex.2025.02.008","","Common explanations for replication failures in neuroscience and psychophysiology include the exploitation of researcher degrees of freedom and ambiguous or inappropriate methodology, creating an environment in which flexibility during data processing and analysis could increase the probability of erroneous or irreplicable findings. The present registered report described preregistration practices in EEG/ERP studies, quantified adherence to preregistration, and estimated expected replication/discovery rates. Out of 506 preregistrations and 25 registered reports screened, 385 met eligibility. The EEG/ERP preregistrations resulted in 92 published manuscripts. For the preregistered studies, 57-99% included the minimal necessary methodological detail for replication. Adherence to preregistration in the 92 published studies averaged 60%. Exploratory analyses indicated that registered reports had the highest average adherence (92%), followed by articles explicitly mentioning preregistration (60%), and then by those not mentioning preregistration (39%). Only 16% of published studies fully adhered to preregistered plans or disclosed all deviations. Preregistered studies reported more methodological details (64% vs. 61%) and more frequently justified sample sizes and data exclusion than companion non- preregistered studies. A z-curve analysis indicated that selective reporting was likely present in published preregistered studies. Although preregistration can enhance transparency and reduce researcher bias in EEG/ERP research, current practices fall short. Ambiguity in preregistrations and inconsistent adherence undermine utility of preregistration. Moving forward, researchers should prioritize clarity and accessibility in preregistrations, and journals should implement policies to ensure the review of preregistration adherence. (c) 2025 Elsevier Ltd. All rights are reserved, including those for text and data mining, AI training, and similar technologies.","2025-04","2026-03-24 19:34:01","2026-03-24 19:34:01","","253-269","","","185","","","","","","","","","","English","","","","","","","Place: 65 CAMILLE DESMOULINS CS50083 ISSY-LES-MOULINEAUX, 92442 PARIS, FRANCE Publisher: ELSEVIER MASSON, CORP OFF Type: Article","","","","Electroencephalography (EEG); Event-related brain potentials (ERPs); Garden of forking paths; Open science; Reproducibility and replicability; Selective reporting","","","","","","","","","","","","","","","","","","","","","","","","","","","","","","","","","","","","","","","","","","","","","","",""
"5PGJJ57N","journalArticle","2026","Tenney, Elizabeth R.; Rochford, Kylie; Stillwell, Amelia; Liu, Coco Xinyue; Tannenbaum, David; Hennecke, Marie; Stefanucci, Jeanine K.; Blair, B. Ariel; Graham, Jesse; Bonner, Bryan L.","Registered Report: A Replication Examining Occupational Experience and Performance on the Water-Level Task","PSYCHOLOGICAL SCIENCE","","0956-7976","10.1177/09567976251412721","","This is a registered report to directly replicate the primary finding in Hecht and Proffitt (1995). Hecht and Proffitt found that those with occupational experience handling liquid in containers performed worse at solving a water-level problem than those in occupations that did not require handling liquids. Shortly after, Vasta et al. (1997) found the opposite: Experience was associated with superior performance on the task. The conflicting findings and the small sample sizes in each study leave the relationship between experience and water-level-task performance uncertain. We addressed these concerns with a high-powered direct replication of Hecht and Proffitt with adults in Germany (N = 407). We failed to replicate Hecht and Proffitt's results, finding that their study had less than 33% power to detect the small, nonsignificant difference that we observed between groups.","2026-02","2026-03-24 19:34:01","2026-03-24 19:34:01","","125-135","","2","37","","","","","","","","","","English","","","","","","","Place: 2455 ℡LER RD, THOUSAND OAKS, CA 91320 USA Publisher: SAGE PUBLICATIONS INC Type: Article","","","","cognitive psychology; expertise; intuitive physics; occupational experience; perception; registered report; replication; water-level task","","","","","","","","","","","","","","","","","","","","","","","","","","","","","","","","","","","","","","","","","","","","","","",""
"6QV98UHS","journalArticle","2025","Watanabe, Ryoichi; Tsuchiya, Naotsugu; Qianchen, Liang; Myowa, Masako; Moriguchi, Yusuke","How much can children see and report about their experience of a brief glance at a natural scene?","NEUROSCIENCE OF CONSCIOUSNESS","","","10.1093/nc/niaf019","","Recent studies on brief scene perception have revealed that adults discriminate between what they see and do not see in a photograph with varying degrees of confidence. In this study, we attempt to extend previous studies by asking if these perceptual/cognitive abilities are already established in preschool and school-aged children. In Experiment 1 (n = 122) and 2 (n = 205, registered report), using an online experiment, we briefly presented a natural scene (267 ms in Experiment 1 and 133 ms in Experiment 2) to participants and, subsequently, asked them if a small patch was included in the original scene. Experiment 2 was a registered report. We tested various patch locations to probe “how much” the participants can see and report about it with graded levels of confidence. In Experiment 1, discriminative performance was nearly saturated (the area under the receiver operating characteristic curve (AUC)) = 0.9 across age groups) with no effects of ages, but metacognition slightly improved across ages (AUC = 0.74 in 5-6-year-olds to 0.79 in adults). In a critical registered report (Experiment 2), with reduced stimulus duration, we found a developmental effect (AUC = 0.73 in 5-6-year-olds to 0.91 in adults), and, again, metacognitive accuracy was constant across development (AUC = 0.73 in 5-6-year-olds to 0.75 in adults). Additionally, our analysis of semantic congruence between objects and scenes revealed age-related differences in performance. Contrary to our expectation, the size of the image modification strongly affected task performance, uniformly across ages. Overall, we conclude that 5-6-year-olds' perceptual and metacognitive abilities are much better than we expected when they were tested with briefly presented natural scenes, although their performances were generally lower than adults.Highlights Metacognition in brief natural scene perception has been considered poorly developed in children. We seek to identify how perceptual discriminative and metacognitive performance develop. Our registered report experiments demonstrate that children's perceptual and metacognitive abilities are much better than previously believed. We found that no pairs of original-modified images in which age or semantics of modification mattered but found that the size of modifications matters across ages.","2025","2026-03-24 19:34:01","2026-03-24 19:34:01","","","","1","2025","","","","","","","","","","English","","","","","","","Place: GREAT CLARENDON ST, OXFORD OX2 6DP, ENGLAND Publisher: OXFORD UNIV PRESS Type: Article","","","","children; cognitive development; massive report paradigm; metacognition; natural scene perception; visual experience","","","","","","","","","","","","","","","","","","","","","","","","","","","","","","","","","","","","","","","","","","","","","","",""
"RB5CNKVK","journalArticle","2024","Blume, Christine; Cajochen, Christian; Schoellhorn, Isabel; Slawik, Helen C.; Spitschan, Manuel","Effects of calibrated blue-yellow changes in light on the human circadian clock","NATURE HUMAN BEHAVIOUR","","2397-3374","10.1038/s41562-023-01791-7","","Evening exposure to short-wavelength light can affect the circadian clock, sleep and alertness. Intrinsically photosensitive retinal ganglion cells expressing melanopsin are thought to be the primary drivers of these effects. Whether colour-sensitive cones also contribute is unclear. Here, using calibrated silent-substitution changes in light colour along the blue-yellow axis, we investigated whether mechanisms of colour vision affect the human circadian system and sleep. In a 32.5-h repeated within-subjects protocol, 16 healthy participants were exposed to three different light scenarios for 1 h starting 30 min after habitual bedtime: baseline control condition (93.5 photopic lux), intermittently flickering (1 Hz, 30 s on-off) yellow-bright light (123.5 photopic lux) and intermittently flickering blue-dim light (67.0 photopic lux), all calibrated to have equal melanopsin excitation. We did not find conclusive evidence for differences between the three lighting conditions regarding circadian melatonin phase delays, melatonin suppression, subjective sleepiness, psychomotor vigilance or sleep.The Stage 1 protocol for this Registered Report was accepted in principle on 9 September 2020. The protocol, as accepted by the journal, can be found at https://doi.org/10.6084/m9.figshare.13050215.v1. In this Stage 2 Registered Report, Blume et al. report results of a study on the contribution of colour vision mechanisms to circadian modulation by light.","2024-03","2026-03-24 19:34:01","2026-03-24 19:34:01","","","","3","8","","","","","","","","","","English","","","","","","","Place: HEIDELBERGER PLATZ 3, BERLIN, 14197, GERMANY Publisher: NATURE PORTFOLIO Type: Article","","","","","","","","","","","","","","","","","","","","","","","","","","","","","","","","","","","","","","","","","","","","","","","","","","",""
"GQQQDQ25","journalArticle","2025","McCarthy, Kathryn S.; Hinze, Scott R.","Stage 2 Registered Report-You've Got Some Explaining to Do: Effects of Explanation Prompts on Science Text Comprehension","APPLIED COGNITIVE PSYCHOLOGY","","0888-4080","10.1002/acp.70093","","The use of active comprehension strategies that encourage students to explain what they have read can improve students' comprehension of complex scientific texts. Most research has focused on either strategies that are engaged during reading (online) or those used after reading (offline)-often ignoring potential interactions that might occur in authentic learning. This study used a 2 (online: think-aloud, self-explain) x 3 (offline: reread, free recall, explanatory retrieval) design with a 7-day delayed comprehension test to examine how explanatory prompts might affect comprehension. Analyses from this Stage 2 Registered Report revealed a main effect of online condition, but no main effect offline condition. This was qualified by an interaction such that retrieval of any kind supported the comprehension benefits of self-explanation. These findings highlight the importance of considering how comprehension strategies interact and the conditions under which they are most effective.","2025-07-28","2026-03-24 19:34:01","2026-03-24 19:34:01","","","","4","39","","","","","","","","","","English","","","","","","","Place: 111 RIVER ST, HOBOKEN 07030-5774, NJ USA Publisher: WILEY Type: Article","","","","retrieval practice; self-explanation; text comprehension","","","","","","","","","","","","","","","","","","","","","","","","","","","","","","","","","","","","","","","","","","","","","","",""
"3QKT849H","journalArticle","2025","Hasan, Eeshan; Liu, Yanjun; Owens, Nicole; Trueblood, Jennifer S.","A registered report on presentation factors that influence the attraction effect","JUDGMENT AND DECISION MAKING","","1930-2975","10.1017/jdm.2024.27","","Context effects occur when the preference between two alternatives is affected by the presence of an extra alternative. These effects are some of the most well studied phenomena in multi-alternative, multi-attribute decision making. Recent research in this area has revealed an intriguing pattern of results. On the one hand, these effects are robust and ubiquitous. That is, they have been demonstrated in many domains and different choice settings. On the other hand, they are fragile and they disappear or even reverse under different conditions. This pattern of results has spurred debate and speculation about the cognitive mechanisms that drive these choices. The attraction effect, where the preference for an option increases in the presence of a dominated decoy, has generated the most controversy. In this registered report, we systematically vary factors that are known to be associated with the attraction effect to build a solid foundation of empirical results to aid future theory development. We find a robust attraction effect across the different conditions. The strength of this effect is modulated by the display order (e.g., decoy top, target middle, competitor bottom) and mode (numeric vs. graphical) but not display layout (by-attribute vs. by-alternative).","2025-01-17","2026-03-24 19:34:01","2026-03-24 19:34:01","","","","","20","","","","","","","","","","English","","","","","","","Place: EDINBURGH BLDG, SHAFTESBURY RD, CB2 8RU CAMBRIDGE, ENGLAND Publisher: CAMBRIDGE UNIV PRESS Type: Article","","","","attraction effect; by-alternative by-attribute; context effects; presentation format","","","","","","","","","","","","","","","","","","","","","","","","","","","","","","","","","","","","","","","","","","","","","","",""
"ZTFKM8JD","journalArticle","2026","Franco-Martinez, Alicia; Rey-Saez, Ricardo; Adrian-Ventura, Jesus; Amerio, Pietro; Baciero, Ana; Bennis, Amine; Bergstrom, Fredrik; Cleeremans, Axel; Contu, Laura; Dell'Acqua, Roberto; Deng, Xinping; Dolu, Fatma Nur; Gambarota, Filippo; Gao, Yi; Garre-Frutos, Francisco; Grubert, Anna; Hernando, Ana; Hinojosa, Jose A.; Hoory, Asaf; Hou, Zhikun; Hung, Shao-Min; Ito, Aine; Jimenez, Mikel; Kosachenko, Alexandra, I; Kulaksiz, Merve; Lee, Daryl Y. H.; Malas, Elmas Merve; Malejka, Simone; Montoro, Pedro R.; Mudrik, Liad; Pavlov, Yuri G.; Pesimena, Gabriele; Prieto, Antonio; Rahnev, Dobromir; Ringenberg, Lais; Sandoval-Lentisco, Alejandro; Sarodo, Akira; Schreiber, Maor; Sessa, Paola; Solana, Pablo; Tarasov, Dmitrii A.; Tortajada, Miriam; Xue, Kai; Xue, Ziqian; Zheng, Yunxuan; Cinici, Merve; Shanks, David R.; Soto, David; Vadillo, Miguel A.","Replicating the unconscious working memory effect: a multisite Registered Report","NEUROSCIENCE OF CONSCIOUSNESS","","","10.1093/nc/niaf046","","Although in recent years some studies have found evidence suggesting that working memory (WM) may operate on unconscious perceptual contents, decisive demonstrations of the existence of unconscious WM are lacking. In the present Registered Report, we replicate the first study on this topic by Soto et al. (Working memory without consciousness. Curr Biol 2011;21:R912-3.): a visual discrimination task asking participants to report the direction in which a subliminal Gabor grating was rotated after a 2-s delay. We acquired a multisite sample from 19 laboratories, with a larger number of participants (N = 531) and trials (720 in two sessions) than those typically used in previous studies. As a result, a large-sample, international, and open-access dataset is now available for researchers and future analyses. Furthermore, some minimal baseline requirements were guaranteed for the experimental task (i.e. number of valid trials, motivation, and consistent labels for the Perceptual Awareness Scale). The results showed (1) above-chance WM performance in cue-present trials reported as unseen (.55 accuracy), (2) a significant positive correlation between WM performance and cue detection sensitivity (r = .228), and (3) a significant above-chance intercept in the regression of performance on sensitivity (beta 0 = .521). These findings suggest that WM can operate on unconscious representations, although it remains positively associated with perceptual sensitivity. Crucially, because measurement error could compromise the interpretation of these three results, we provide evidence for our measures' excellent reliability and, more fundamentally, for their validity.","2026","2026-03-24 19:34:01","2026-03-24 19:34:01","","","","1","2026","","","","","","","","","","English","","","","","","","Place: GREAT CLARENDON ST, OXFORD OX2 6DP, ENGLAND Publisher: OXFORD UNIV PRESS Type: Article","","","","multisite; perceptual awareness; Registered Report; replication; unconscious; working memory","","","","","","","","","","","","","","","","","","","","","","","","","","","","","","","","","","","","","","","","","","","","","","",""
"832SRD2F","journalArticle","2025","Neville, Claire M.; Williams, Matt N.","Does Truth Pay? Investigating the Effectiveness of the Bayesian Truth Serum With an Interim Payment: A Registered Report","ADVANCES IN METHODS AND PRACTICES IN PSYCHOLOGICAL SCIENCE","","2515-2459","10.1177/25152459251343043","","Self-report data are vital in psychological research, but biases such as careless responding and socially desirable responding can compromise their validity. Although various methods are employed to mitigate these biases, they have limitations. The Bayesian truth serum (BTS) offers a survey scoring method to incentivize truthfulness by leveraging correlations between personal and collective opinions and rewarding “surprisingly common” responses. In this study, we evaluated the effectiveness of the BTS in mitigating socially desirable responding to sensitive questions and tested whether an interim payment could enhance its efficacy by increasing trust. In a between-subjects experimental survey, 877 participants were randomly assigned to one of three conditions: BTS, BTS with interim payment, and regular incentive (RI). Contrary to the hypotheses, participants in the BTS conditions displayed lower agreement with socially undesirable statements compared with the RI condition. The interim payment did not significantly enhance the BTS's effectiveness. Instead, response patterns diverged from the mechanism's intended effects, raising concerns about its robustness. As the second registered report to challenge its efficacy, this study's results cast serious doubt on the BTS as a reliable tool for mitigating socially desirable responding and improving the validity of self-report data in psychological research.","2025-07","2026-03-24 19:34:01","2026-03-24 19:34:01","","","","3","8","","","","","","","","","","English","","","","","","","Place: 2455 ℡LER RD, THOUSAND OAKS, CA 91320 USA Publisher: SAGE PUBLICATIONS INC Type: Article","","","","Bayesian truth serum; BTS; data integrity; incentivizing truthfulness; open data; open materials; preregistration; response biases; SDR; self-report data; sensitive questions; socially desirable responding; survey methodology","","","","","","","","","","","","","","","","","","","","","","","","","","","","","","","","","","","","","","","","","","","","","","",""
"BV9HAAVM","journalArticle","2024","Lin, Ting-Yu; Cheng, Hao-Chien; Tsai, Yi-Luen; Liu, Hung-Wen; Hung, Tsung-Min","Effects of resistance exercises on inhibitory control and plasma epinephrine levels: A registered report of a crossover randomized controlled trial","PSYCHOPHYSIOLOGY","","0048-5772","10.1111/psyp.14489","","According to the locus coeruleus-norepinephrine (LC-NE) theory, activity of the LC, the major releaser of NE in the brain, regulates inhibitory control. As there is reciprocal communication between circulating epinephrine and the LC, plasma epinephrine is used as the index of LC-NE activity. The aim of this crossover randomized controlled trial is to expand on previous findings by investigating the effects of free-weight, multiple-joint, and structural barbell resistance exercises. Previous studies have had some methodological limitations, such as failure to report the process of randomization, absence of resistance exercise familiarization before the maximal strength testing, and lack of protocol publication. To address these issues, this study incorporates resistance exercise familiarization, transparent reporting of randomization, and submission as a registered report. The results suggest that a single session of resistance exercise (barbell squat, press, and deadlift) with an intensity of 65%-78% 1RM for five repetitions (70%-90% relative intensity) and three sets with 3-min rest intervals improved Stroop congruent reaction time (RT) only (t(27) = -2.663, mean reduction = -15 ms, p = .013, 95% CI [-26, -3]). No significant enhancements were observed in Stroop incongruent RT, inhibitory control as indexed by Stroop effect, or inhibitory control as indexed by the RT difference between the Stroop task and the simple reaction task. Moreover, the alterations in plasma epinephrine levels did not significantly associate with changes in any measure of cognitive performance. By addressing previous methodological limitations and employing a registered report format, this study provides more reliable findings on the effects of acute resistance exercise on cognitive performance. We found that, although acute resistance exercise enhances a certain cognitive outcome measured by the Stroop task, the improvement does not appear to be associated with changes in plasma epinephrine.","2024-02","2026-03-24 19:34:01","2026-03-24 19:34:01","","","","2","61","","","","","","","","","","English","","","","","","","Place: 111 RIVER ST, HOBOKEN 07030-5774, NJ USA Publisher: WILEY Type: Article","","","","adrenaline; autonomic; executive function; hormonal; research methods; resistance training; Stroop task","","","","","","","","","","","","","","","","","","","","","","","","","","","","","","","","","","","","","","","","","","","","","","",""
"ZAFN54QP","journalArticle","2025","Yamada, Masahiro; Saemi, Esmaeel; Delfi, Shadi; Afrash, Sana","A registered report with a single blind procedure to examine the effect of attentional focus and imagery dominance on dart throwing","PSYCHOLOGY OF SPORT AND EXERCISE","","1469-0292","10.1016/j.psychsport.2024.102745","","External focus of attention (EFOA) has been shown to improve motor performance relative to internal focus of attention (IFOA). Recently, studies have shown that this attentional focus effect may depend upon an individual difference ( i.e. , motor imagery): Those with a higher ability to visualize movements benefited more from EFOA, and those with a higher ability to feel movements benefited more from IFOA. However, inconsistent findings exist, potentially due to underpowered studies with various potential biases. Thus, leveraging a registered report and single-blind procedure, we will examine the effect of EFOA and IFOA on dart-throwing performance and how the attentional focus could be altered based on individuals' imagery dominance. Participants will complete a dart-throw task with EFOA and IFOA. Then, participants will complete practice trials with no attentional focus, which will be followed by another set of performance trials with EFOA and IFOA. This study will examine whether the effect of attentional focus instruction will persist in a single-blind study and explore its effect on imagery dominance.","2025-01","2026-03-24 19:34:01","2026-03-24 19:34:01","","","","","76","","","","","","","","","","English","","","","","","","Place: RADARWEG 29, 1043 NX AMSTERDAM, NETHERLANDS Publisher: ELSEVIER Type: Article","","","","","","","","","","","","","","","","","","","","","","","","","","","","","","","","","","","","","","","","","","","","","","","","","","",""
"AVTAR89U","journalArticle","2025","Lu, Sirui; Efendic, Emir; Feldman, Gilad","Associations of Fear, Anger, Happiness, and Hope With Risk Judgments: Revisiting Appraisal-Tendency Framework With a Replication and Extensions Registered Report of Lerner and Keltner (2001)","JOURNAL OF PERSONALITY AND SOCIAL PSYCHOLOGY","","0022-3514","10.1037/pspp0000586","","The appraisal-tendency framework proposed that specific emotions predispose individuals to appraise future events corresponding to the core appraisal themes of the emotions. In a registered report with a U.S. American online Amazon Mechanical Turk CloudResearch sample (N = 780), we conducted an independent close replication of Experiments 1, 2, and 3 in Lerner and Keltner (2001). We found support for the appraisal-tendency framework for risk optimism in general, risk optimism for positive events, and risk optimism for ambiguous events, but not for risk preference and risk optimism for negative events. Extending the replication, we added hope as a positive-valence dispositional emotion with low certainty and control and failed to find support for the assumptions of the appraisal-tendency framework.","2025-12-15","2026-03-24 19:34:01","2026-03-24 19:34:01","","","","","","","","","","","","","","","English","","","","","","","Place: 750 FIRST ST NE, WASHINGTON, DC 20002-4242 USA Publisher: AMER PSYCHOLOGICAL ASSOC Type: Article; Early Access","","","","affect; appraisal-tendency framework; registered report; replication; risk preferences","","","","","","","","","","","","","","","","","","","","","","","","","","","","","","","","","","","","","","","","","","","","","","",""
"AW2J3XR7","journalArticle","2025","Long, Feiteng; Ye, Zi; Luo, Lijuan","Joint collective action increases support for social change and mitigates intergroup polarisation: A registered report","JOURNAL OF EXPERIMENTAL SOCIAL PSYCHOLOGY","","0022-1031","10.1016/j.jesp.2025.104732","","Over the past decade, a surge in protests and social movements worldwide has offered promise for positive social change while also introducing divisions and tensions into society. In the current research, we examined the impact of joint collective action involving both advantaged and disadvantaged group members, as well as collective action solely involving disadvantaged group members, on public support for social change and intergroup polarisation. Two experimental studies (Studies 1a and 1b; N = 575) provided initial insights, revealing that joint collective action (vs. collective action by the disadvantaged) facilitated support for social change and mitigated intergroup polarisation. Building upon these initial findings, we propose two studies (Studies 2 and 3; projected N similar to 1132) in the form of a registered report, aiming to delve into the psychological mechanisms underlying the observed effects (i.e., morality threat and perceived respect) and replicate these findings in varied protest contexts (i.e., gender and race relations). Additionally, we aim to examine if the (leadership vs. supportive) role of advantaged allies in joint collective action would have different impacts on disadvantaged group members' responses.","2025-05","2026-03-24 19:34:01","2026-03-24 19:34:01","","","","","118","","","","","","","","","","English","","","","","","","Place: 525 B ST, STE 1900, SAN DIEGO, CA 92101-4495 USA Publisher: ACADEMIC PRESS INC ELSEVIER SCIENCE Type: Article","","","","Intergroup polarisation; Joint collective action; Social change","","","","","","","","","","","","","","","","","","","","","","","","","","","","","","","","","","","","","","","","","","","","","","",""
"7NCTLJVQ","journalArticle","2026","Zhu, Yong","A study of the effect of AI usage on students' self-efficacy and academic performance in business education: Moderating effect of teacher support [Registered report - stage I]","ACTA PSYCHOLOGICA","","0001-6918","10.1016/j.actpsy.2026.106256","","The integration of artificial intelligence (AI) in business education marks a significant shift in pedagogical approaches, yet the psychological mechanisms and contextual factors influencing its effectiveness are not yet fully understood. This registered report-stage I study aims to contribute to the field by examining the impact of AI usage on college students' academic self-efficacy and performance in business courses, with a particular focus on the role of teacher support. Drawing on self-efficacy theory, the study proposes a theoretical framework with 4 hypotheses, and employes field and online experiments to test these hypotheses. By addressing the current gaps in research, this study seeks to contribute to the academic literature on the integration of AI in business education, with a focus on self-efficacy and teacher support. The study not only deepens our understanding of the impact of AI in business education but also underscores the critical role of teacher support in shaping student outcomes in the context of AI integration.","2026-03","2026-03-24 19:34:01","2026-03-24 19:34:01","","","","","263","","","","","","","","","","English","","","","","","","Place: RADARWEG 29, 1043 NX AMSTERDAM, NETHERLANDS Publisher: ELSEVIER Type: Article","","","","Academic performance; Artificial intelligence; Self-efficacy; Teacher support","","","","","","","","","","","","","","","","","","","","","","","","","","","","","","","","","","","","","","","","","","","","","","",""
"VN38WDXX","journalArticle","2025","Buchanan, Erin M.; Cuccolo, Kelly; Heyman, Tom; van Berkel, Niels; Coles, Nicholas A.; Iyer, Aishwarya; Peters, Kim; van't Veer, A. E.; Montefinese, Maria; Maxwell, Nicholas P.; Taylor, Jack E.; Valentine, Kathrene D.; Arriaga, Patricia; Barzykowski, Krystian; Boucher, Leanne; Collins, W. Matthew; Vaidis, David C.; Aczel, Balazs; Al-Hoorie, Ali H.; Ambrosini, Ettore; Besson, Theo; Burin, Debora I.; Butt, Muhammad Mussaffa; Clarke, A. J. Benjamin; Daryani, Yalda; El-Dakhs, Dina Abdel Salam; Elsherif, Mahmoud M.; Fernandez-Lopez, Maria; Ferreira, Paulo Roberto dos Santos; Freitag, Raquel Meister Ko; Gattei, Carolina A.; Godbersen, Hendrik; Grim, Philip A.; Halama, Peter; Havan, Patrik; Irrazabal, Natalia C.; Isloi, Chris; Iversen, Rebecca Kvisler; Julliard, Yoann; Karaaslan, Aslan; Kohut, Michal; Kohutova, Veronika; Kos, Julija; Kosachenko, Alexandra I.; de Lima, Tiago Jesse Souza; Mak, Matthew H. C.; Manouilidou, Christina; Marciaga, Leonardo A.; Melinna, Xiaolin Melinna; Miranda, Jacob Francisco; Morvinski, Coby; Muppoor, Aishwarya; Muejdeci, F. Elif; Nielsen, Yngwie A.; Oliveros, Juan Carlos; Onic, Jas; Papadatou-Pastou, Marietta; Patel, Ishani; Pavlovic, Zoran; Pazon, Blaz; Pfuhl, Gerit; Pronizius, Ekaterina; Roettger, Timo B.; Ronderos, Camilo R.; Ruiz-Fernandez, Susana; Senderecka, Magdalena; Solak, Caglar; Stueckler, Anna; Szekely-Copindean, Raluca D.; Taboh, Anali R.; Theriault, Remi; Tran, Ulrich S.; Trecca, Fabio; Ulloa, Jose Luis; Varga, Marton A.; Verheyen, Steven; Pavlovic, Tijana Vesic; Viviani, Giada; Wang, Nan; Zivna, Kristyna; Yun, Chen Chu; Clark, Oliver James; Acar, Oguz A.; Adamkovic, Matus; Agnoletti, Giulia; Akil, Atakan M.; Alsuhaibani, Zainab; Amenta, Simona; Ananyeva, Olga A.; Andreychik, Michael; Angele, Bernhard; Arias Quinones, Danna Catalina; Arinze, Nwadiogo Chisom; Askelund, Adrian Dahl; Baker, Bradley J.; Baskin, Ernest; Batalha, Luisa; Batres, Carlota; Beato, Maria Soledad; Becker, Manuel; Becker, Maja; Behnke, Maciej; Blaison, Christophe; Borghi, Anna M.; Brandstaetter, Eduard; Buczny, Jacek; Budak, Nesrin; Cabana, Alvaro; Cai, Zhenguang G.; Canessa, Enrique C.; Cavdan, Muege; Cecchetti, Luca; Chaigneau, Sergio E.; Chang, Feria X. W.; Chartier, Christopher R.; Chen, Sau-Chin; Cherniaeva, Elena; Christiansen, Morten H.; Chuan-Peng, Hu; Chwilkowska, Patrycja; Comesana, Montserrat; Cong, Chin Wen; Cowan, Casey; Dandeneau, Stephane Daniel; David, Oana A.; Davis, William E.; Demirag Burak, Elif Gizem; Dixson, Barnaby James Wyld; Du, Hongfei; Duclos, Rod; Duyck, Wouter; Efimova, Liudmila A.; Egan, Ciara; Era, Vanessa; Evans, Thomas R.; Exner, Anna; Feldman, Gilad; Fellnhofer, Katharina; Fini, Chiara; Fisher, Sarah E.; Flowe, Heather D.; Garrido-Vasquez, Patricia; Gatti, Daniele; Geller, Jason; Giannouli, Vaitsa; Gorokhova, Anna Sergeevna; Griener, Lindsay M.; Grigoryev, Dmitry; Grossmann, Igor; Ghasemi, Hesam; Handjaras, Giacomo; Hauspie, Cathy; He, Zhiran; Heilman, Renata M.; Heydari, Amirmahdi; Hine, Alanna M.; Hoyer, Karlijn; Hryniszak, Weronika; Hsiao, Janet Hui-wen; Huang, Guanxiong; Ihaya, Keiko; Ilczuk, Ewa; Ishii, Tatsunori; Dumbrava, Andrei; Jankowiak, Katarzyna; Jiang, Xiaoming; Johnson, David C.; Jonczyk, Rafal; Jaervikivi, Juhani; Kaczer, Laura; Kamermans, Kevin Leander; Karl, Johannes A.; Karner, Alexander; Kacmar, Pavol; Keech, Jacob J.; Kim, M. Justin; Korbmacher, Max; Kostorz, Kathrin; Kowal, Marta; Kratochvil, Tomas; Kunisato, Yoshihiko; Kuzminska, Anna O.; Koertvelyessy, Livia; Koese, Fatma Ebru; Koester, Massimo; Kekus, Magdalena; Labusch, Melanie; Lamm, Claus; Lau, Chaak Ming; Laurino, Julieta; Law, Wilbert; Lettieri, Giada; Levitan, Carmel A.; Lu, Jackson G.; MacPherson, Sarah E.; Malinakova, Klara; Manriquez-Robles, Diego; Marchant, Nicolas; Marelli, Marco; Martinez, Martin; Matthews, Molly F.; Mattiassi, Alan D. A.; Mattoli-Sanchez, Josefina; Mazzuca, Claudia; McGovern, David P.; Meier, Zdenek; Melinscak, Filip; Misiak, Michal; Monteiro, Luis Carlos Pereira; Moreau, David; Moreno, Sebastian; Mulgrew, Kate E.; Muller, Dominique; Nagy, Tamas; Naranowicz, Marcin; Ndukaihe, Izuchukwu L. G.; Neta, Maital; Novak, Lukas; Ogbonnaya, Chisom Esther; Paek, Jessica Jee Won; Paltoglou, Aspasia Eleni; Parada, Francisco J.; Parker, Adam J.; Paruzel-Czachura, Mariola; Pavlov, Yuri G.; Paydarfard, Saeed; Pegler, Dominik; Peker, Mehmet; Perea, Manuel; Pfattheicher, Stefan; Protzko, John; Prusova, Irina Sergeevna; Pypno-Blajda, Katarzyna; Qiu, Zhuang; Reips, Ulf-Dietrich; Ribeiro, Gianni; Rinaldi, Luca; Roberts, S. Craig; Roembke, Tanja C.; Romanova, Marina O.; Ross, Robert M.; Roeer, Jan Philipp; Rizaoglu, Filiz; Saari, Toni T.; Sampaolo, Erika; Santos, Anabela Caetano; Saricicek, F. Caglar; Sasaki, Kyoshiro; Scharnowski, Frank; Schmidt, Kathleen; Sepehri, Amir; Serce, Halid O.; Sevincer, A. Timur; Siew, Cynthia S. Q.; Simonetti, Matilde Ellen; Sirota, Miroslav; Sorokowska, Agnieszka; Sorokowski, Piotr; Stephen, Ian D.; Stevens, Laura M.; Stewart, Suzanne L. K.; Steyrl, David; Stieger, Stefan; Studzinska, Anna; Suarez, Mar; Szala, Anna; Szmalec, Arnaud; Sznycer, Daniel; Szumowska, Ewa; Soeylemez, Sinem; Soeylemez, Bahadir; Takashima, Kaito; Tamnes, Christian K.; Tan, Joel C. R.; Tang, Chengxiang; Tavel, Peter; Tejada, Julian; Thompson, Benjamin C.; Tiernan, Jake G.; Torres-Munoz, Vicente; Touloumakos, Anna K.; Tremoliere, Bastien; Tschense, Monika; Tuerkan, Belguezar Nilay; Vadillo, Miguel A.; Vannucci, Caterina; Varnum, Michael E. W.; Vasilev, Martin R.; Vaughn, Leigh Ann; Verkampt, Fanny; Villar, Liliana M.; Wallot, Sebastian; Wang, Lijun; Wang, Ke; Williams, Glenn Patrick; Willinger, David; Wolfe, Kelly; Wormley, Alexandra S.; Yamada, Yuki; Yang, Yunkai; Zhou, Yuwei; Zhang, Mengfan; Zheng, Wang; Zheng, Yueyuan; Zhou, Chenghao; Zidkova, Radka; Zumbrunn, Nina Meret; Coker, Ogeday; Coksan, Sami; Oner, Sezin; Ozdogru, Asil Ali; Sahin, Seda Merve; Kasanov, Dauren; Arvanitis, Alexios; Brick, Cameron; Colloff, Melissa F.; Gallyamova, Albina; Koch, Christopher; Ropovik, Ivan; Zhang, Yucheng; Zhou, Xingxing; Patel, Sneh; Suchow, Jordan W.; Lewis, Savannah C.","Measuring the semantic priming effect across many languages","NATURE HUMAN BEHAVIOUR","","2397-3374","10.1038/s41562-025-02254-x","","Semantic priming has been studied for nearly 50 years across various experimental manipulations and theoretical frameworks. Although previous studies provide insight into the cognitive underpinnings of semantic representations, they have suffered from small sample sizes and a lack of linguistic and cultural diversity. In this Registered Report, we measured the size and the variability of the semantic priming effect across 19 languages (n = 25,163 participants analysed) by creating the largest available database of semantic priming values using an adaptive sampling procedure. We found evidence for semantic priming in terms of differences in response latencies between related word-pair conditions and unrelated word-pair conditions. Model comparisons showed that the inclusion of a random intercept for language improved model fit, providing support for variability in semantic priming across languages. This study highlights the robustness and variability of semantic priming across languages and provides a rich, linguistically diverse dataset for further analysis. The Stage 1 protocol for this Registered Report was accepted in principle on 15 July 2022. The protocol, as accepted by the journal, can be found at https://osf.io/u5bp6 (registration) or https://osf.io/q4fjy (preprint version 6, 31 May 2022).","2025-09-24","2026-03-24 19:34:01","2026-03-24 19:34:01","","","","","","","","","","","","","","","English","","","","","","","Place: HEIDELBERGER PLATZ 3, BERLIN, 14197, GERMANY Publisher: NATURE PORTFOLIO Type: Article; Early Access","","","","","","","","","","","","","","","","","","","","","","","","","","","","","","","","","","","","","","","","","","","","","","","","","","",""
"VA7V264S","journalArticle","2023","Jones, Alexander; Silas, Jonathan; Anderson, Wayne; Ward, Emma, V","Null effects of temporal prediction on recognition memory but evidence for differential neural activity at encoding. A registered report","CORTEX","","0010-9452","10.1016/j.cortex.2023.09.006","","Previous research has demonstrated that rhythmic presentation of stimuli during encoding boosts subsequent recognition and is associated with distinct neural activity compared with when stimuli are presented in an arrhythmic manner. However, it is unclear whether the effect is driven by automatic entrainment to rhythm or non-rhythmic temporal prediction. This registered report presents an Electroencephalographic (EEG) study aimed at establishing the cognitive and neural mechanisms of the effect of temporal prediction on recognition. In a blocked design, stimulus onset during encoding was systematically manipulated in four conditions prior to recognition testing: rhythmic fixed (RF), rhythmic variable (RV), arrhythmic fixed (AF), and arrhythmic variable (AV). By orthogonally varying rhythm and temporal position we were able to assess their independent contributions to recognition enhancement. Our behavioural results did not replicate previous findings that show a difference in recognition memory based on temporal predictability at encoding. However, event-related potential (ERP) component analysis did show an early (N1) inter-action effect of temporal position and rhythm, and later (N2 and Dm) effects driven by temporal position only. Taken together, we observed effects of temporal prediction at encoding, but these differences did not translate to later effects of memory, suggesting that effects of temporal prediction on recognition are less robust than previously thought.(c) 2023 The Authors. Published by Elsevier Ltd. This is an open access article under the CC BY-NC-ND license (http://creativecommons.org/licenses/by-nc-nd/4.0/).","2023-12","2026-03-24 19:34:02","2026-03-24 19:34:02","","130-145","","","169","","","","","","","","","","English","","","","","","","Place: 65 CAMILLE DESMOULINS CS50083 ISSY-LES-MOULINEAUX, 92442 PARIS, FRANCE Publisher: ELSEVIER MASSON, CORP OFF Type: Article","","","","EEG; Prediction; Recognition memory; Rhythm; Temporal expectation","","","","","","","","","","","","","","","","","","","","","","","","","","","","","","","","","","","","","","","","","","","","","","",""
"E2TFHIQP","journalArticle","2024","Veckalov, Bojana; Gligoric, Vukasin; Petrovic, Marija B.","No evidence that priming analytic thinking reduces belief in conspiracy theories: A Registered Report of high-powered direct replications of Study 2 and Study 4 from Swami, Voracek, Stieger, Tran, and Furnham (2014)*","JOURNAL OF EXPERIMENTAL SOCIAL PSYCHOLOGY","","0022-1031","10.1016/j.jesp.2023.104549","","Analytic thinking is reliably associated with lower belief in conspiracy theories. However, evidence for whether increasing analytic thinking can reduce belief in conspiracies is sparse. As an exception to this, Swami et al. (2014) showed that priming analytical thinking through a verbal fluency task (i.e., scrambled sentence task) or a processing fluency manipulation (i.e., difficult-to-read fonts) reduced belief in conspiracy theories. To probe the robustness of these effects, in this Registered Report, we present two highly powered (i.e., 95%) direct replications of two of the original studies (i.e., Studies 2 and 4). We found no evidence that priming analytic thinking through the scrambled sentence task (N = 302), nor the difficult-to-read fonts (N = 488) elicited more analytic thinking, nor reduced belief in conspiracy theories. This work highlights the need for further research to identify effective ways of inducing analytic thinking in order to gauge its potential causal impact on belief in conspiracies.","2024-01","2026-03-24 19:34:02","2026-03-24 19:34:02","","","","","110","","","","","","","","","","English","","","","","","","Place: 525 B ST, STE 1900, SAN DIEGO, CA 92101-4495 USA Publisher: ACADEMIC PRESS INC ELSEVIER SCIENCE Type: Article","","","","Analytic thinking; Conspiracy beliefs; Conspiracy theories; Replication","","","","","","","","","","","","","","","","","","","","","","","","","","","","","","","","","","","","","","","","","","","","","","",""
"N4W5NGI7","journalArticle","2025","Cassario, Abigail L.; Vallabha, Shree; Thompson, Jordan L.; Carrillo, Alejandro; Solanki, Prachi; Gnall, Samantha A.; Rice, Sada; Wetherell, Geoffrey A.; Brandt, Mark J.","Registered report: Cognitive ability, but not cognitive reflection, predicts expressing greater political animosity and favouritism","BRITISH JOURNAL OF SOCIAL PSYCHOLOGY","","0144-6665","10.1111/bjso.12814","","Liberals and conservatives both express political animosity and favouritism. However, less is known about whether the same or different factors contribute to this phenomenon among liberals and conservatives. We test three different relationships that could emerge among cognitive ability, cognitive reflection and political group-based attitudes. Analysing two nationally representative surveys of US Americans (N=9035) containing a measure of cognitive ability, we find evidence that compared to people lower in cognitive ability, people higher in cognitive ability express more animosity towards ideologically discordant groups and more favouritism towards ideologically concordant groups. This pattern was particularly pronounced among liberals. In a registered report study, we then test whether the same is true of cognitive reflection in another large dataset (N=3498). In contrast to cognitive ability, we find no relationship between cognitive reflection, political animosity and favouritism. Together, these studies provide a comprehensive test of how cognitive ability and cognitive reflection are related to political animosity and favouritism for liberals and conservatives in the United States.","2025-04","2026-03-24 19:34:02","2026-03-24 19:34:02","","","","2","64","","","","","","","","","","English","","","","","","","Place: 111 RIVER ST, HOBOKEN 07030-5774, NJ USA Publisher: WILEY Type: Article","","","","cognitive ability; cognitive reflection; political animosity; worldview conflict","","","","","","","","","","","","","","","","","","","","","","","","","","","","","","","","","","","","","","","","","","","","","","",""
"QUWN7JXK","journalArticle","2026","Pillai, Raunak M.; Arshad, Suha; Fazio, Lisa K.","How prior knowledge and statement truth affect retrieval experiences over time","MEMORY","","0965-8211","10.1080/09658211.2025.2584452","","When retrieving information, people often shift over time from “Remembering” high levels of detail about a study episode to simply “Knowing” the information absent such detail. This “Remember-Know” shift is well-documented for true information, and recent work suggests that this effect exists, but is attenuated, for false information. One explanation for this difference is that true information is better represented in people's prior knowledge, supporting retention of this content as “Known” over time. In this registered report we tested this hypothesis by measuring people's reported retrieval experiences (e.g., “Remembering” or “Knowing”) for true and false information at two levels of anticipated prior knowledge. While we replicate the “Remember-Know” shift, we do not find that it differs by anticipated prior knowledge. We also examine the relation between retrieval experiences and the production of encountered information, as well as the impact of repeated testing on retrieval experiences.","2026-01-02","2026-03-24 19:34:02","2026-03-24 19:34:02","","96-112","","1","34","","","","","","","","","","English","","","","","","","Place: 2-4 PARK SQUARE, MILTON PARK, ABINGDON OX14 4RN, OXON, ENGLAND Publisher: ROUTLEDGE JOURNALS, TAYLOR & FRANCIS LTD Type: Article","","","","episodic memory; false information; remember-know paradigm; Semantic memory; source memory","","","","","","","","","","","","","","","","","","","","","","","","","","","","","","","","","","","","","","","","","","","","","","",""
"6SVZ2M34","journalArticle","2024","Clayson, Peter E.; Rocha, Harold A.; McDonald, Julia B.; Baldwin, Scott A.; Larson, Michael J.","A registered report of a two-site study of variations of the flanker task: ERN experimental effects and data quality","PSYCHOPHYSIOLOGY","","0048-5772","10.1111/psyp.14607","","Error-related negativity is a widely used measure of error monitoring, and many projects are independently moving ERN recorded during a flanker task toward standardization, optimization, and eventual clinical application. However, each project uses a different version of the flanker task and tacitly assumes ERN is functionally equivalent across each version. The routine neglect of a rigorous test of this assumption undermines efforts to integrate ERN findings across tasks, optimize and standardize ERN assessment, and widely apply ERN in clinical trials. The purpose of this registered report was to determine whether ERN shows similar experimental effects (correct vs. error trials) and data quality (intraindividual variability) during three commonly used versions of a flanker task. ERN was recorded from 172 participants during three versions of a flanker task across two study sites. ERN scores showed numerical differences between tasks, raising questions about the comparability of ERN findings across studies and tasks. Although ERN scores from all three versions of the flanker task yielded high data quality and internal consistency, one version did outperform the other two in terms of the size of experimental effects and the data quality. Exploratory analyses of the error positivity (Pe) provided tentative support for the other two versions of the task over the paradigm that appeared optimal for ERN. The present study provides a roadmap for how to statistically compare psychometric characteristics of ERP scores across paradigms and gives preliminary recommendations for flanker tasks to use for ERN- and Pe-focused studies.","2024-09","2026-03-24 19:34:02","2026-03-24 19:34:02","","","","9","61","","","","","","","","","","English","","","","","","","Place: 111 RIVER ST, HOBOKEN 07030-5774, NJ USA Publisher: WILEY Type: Article","","","","data quality; ERP psychometric reliability; event-related brain potentials (ERPs); intraindividual variability; multilevel location-scale models; performance monitoring","","","","","","","","","","","","","","","","","","","","","","","","","","","","","","","","","","","","","","","","","","","","","","",""
"ALYEU8FV","journalArticle","2025","Rawls, Eric; Sponheim, Scott R.","Oscillatory and Aperiodic Contributions to EEG Event-Related Time-Frequency Metrics During Cognitive Control and Reinforcement Processing: A Registered Report","PSYCHOPHYSIOLOGY","","0048-5772","10.1111/psyp.70073","","Brain oscillations, or rhythms, coordinate communication across distributed brain networks. These rhythms provide a foundation for the brain network interactions required for cognition. Oscillations coexist with non-rhythmic background aperiodic activity that forms a characteristic 1/f pattern in power spectra. Aperiodic brain activity is associated with cognition and can confound the detection of oscillations. In this Registered Report, we applied time-resolved spectral parameterization to EEG recordings during two common cognitive tasks. Neural dynamics recorded during many cognitive paradigms show similar patterns, including synchronization of mediofrontal theta (4-8 Hz) and desynchronization of posterior alpha (9-13 Hz) and central beta (15-30 Hz). Our results indicate that common task time-frequency signatures, including mediofrontal theta synchronization and parietal alpha desynchronization, can be attributed primarily to neural oscillatory phenomena. Intriguingly, we uncover evidence of stimulus-locked aperiodic power changes, which are responsive to the need for cognitive control and to reinforcement processing. Furthermore, aperiodic power correlated strongly with non-baseline-corrected total power estimates, and whereas oscillatory power correlated strongly with portions of baseline-corrected power estimates, it failed to correlate with other portions of baseline-corrected power. Finally, after baseline correction, aperiodic correlations with TF power remain high. These results indicate two primary outcomes. First, task TF signatures in theta and alpha bands reflect primarily parameterized oscillations. Second, aperiodic activity is time-dependent during cognitive processing, and these dynamics are not accounted for by baseline correction.","2025-06","2026-03-24 19:34:02","2026-03-24 19:34:02","","","","6","62","","","","","","","","","","English","","","","","","","Place: 111 RIVER ST, HOBOKEN 07030-5774, NJ USA Publisher: WILEY Type: Article","","","","1/f time frequency; alpha; aperiodic; cognitive control; mediofrontal theta; oscillations; reinforcement processing","","","","","","","","","","","","","","","","","","","","","","","","","","","","","","","","","","","","","","","","","","","","","","",""
"MBWMMP6V","journalArticle","2025","Muller-Boysen, Thekla; Pirla, Sergio; Pfattheicher, Stefan","On the relation between boredom and social behavior: A registered report","JOURNAL OF EXPERIMENTAL SOCIAL PSYCHOLOGY","","0022-1031","10.1016/j.jesp.2025.104804","","Boredom plays an essential role in everyday life and is a powerful motivator. This registered report investigated the interpersonal consequences of boredom. We recruited participants online (N = 3568) and ran one experiment manipulating boredom with three variations of behavioral options as dependent variables: 1) prosocial and nonsocial, 2) antisocial and non-social, and 3) prosocial, antisocial, and non-social. First, we tested whether boredom increases the likelihood of individuals engaging in any type of behavior, including both social and non-social alternatives. We found no significant main effect of boredom on behavior. Second, we tested whether boredom increases the likelihood of individuals engaging in prosocial or antisocial behavior. No clear evidence emerged for a total effect of boredom on prosocial or antisocial behavior. Moderation analyses revealed no significant effect of the prosocial personality trait Honestly-Humility, and the antisocial personality trait D. In addition, mediation analyses showed that boredom reduces individuals' sense of agency, which in turn is associated with increased prosocial and antisocial behavior; boredom also reduces a sense of meaning, which in turn relates to increased prosocial behavior when only this social option is presented. Overall, this study examined the motivational aspect of boredom with regard to social behavior and the role of personality traits as moderators and lack of agency and meaning as mediators.","2025-11","2026-03-24 19:34:02","2026-03-24 19:34:02","","","","","121","","","","","","","","","","English","","","","","","","Place: 525 B ST, STE 1900, SAN DIEGO, CA 92101-4495 USA Publisher: ACADEMIC PRESS INC ELSEVIER SCIENCE Type: Article","","","","Antisocial behavior; Boredom; D -factor; honesty-humility; Interpersonal behavior; Prosocial behavior","","","","","","","","","","","","","","","","","","","","","","","","","","","","","","","","","","","","","","","","","","","","","","",""
"E7ZNXT75","journalArticle","2026","Hinvest, Neal; Taylor, Nathan","Stage 1 registered report examining agency and outcome valence on inter-brain synchrony during dyadic moral judgments","FRONTIERS IN PSYCHOLOGY","","1664-1078","10.3389/fpsyg.2025.1710844","","Inter-brain synchrony (IBS) has emerged as a promising marker of neural processes supporting social interaction, cooperation, and moral evaluation. Previous hyperscanning research shows that IBS increases during tasks involving joint attention, cooperation, or shared intentionality. Nevertheless, little is known about how agency-the extent to which individuals can influence outcomes-and outcome valence interact to shape neural alignment between people. Real-world social contexts often involve asymmetries in control and responsibility, and these dynamics may critically influence how individuals coordinate and evaluate one another's decisions. The present registered report outlines two experiments designed to examine the relationship between agency and outcome valence and IBS. In the first experiment, agency (high vs. low) and outcome valence (reward vs. punishment) are jointly manipulated during moral adjudications of economic game offers. We predict that high-agency contexts, especially when linked to punishing unfairness, will enhance IBS by fostering shared responsibility and coordinated evaluation. In the second experiment, asymmetric agency roles (equal, unilateral, none) are introduced to examine whether unequal distributions of control reduce IBS. We also explore directional influences from higher- to lower-agency partners. By systematically manipulating both the degree of agency and the valence of social outcomes, this research aims to advance theoretical accounts of joint moral decision-making and hierarchical social interaction. The findings will contribute to understanding how responsibility, fairness, and power dynamics shape neural alignment that underpins cooperative and moral behavior.","2026-02-12","2026-03-24 19:34:02","2026-03-24 19:34:02","","","","","16","","","","","","","","","","English","","","","","","","Place: AVENUE DU TRIBUNAL FEDERAL 34, LAUSANNE, CH-1015, SWITZERLAND Publisher: FRONTIERS MEDIA SA Type: Article","","","","ability to affect outcomes; affect; agency; agency attribution; agency manipulations; analysis pipeline; asymmetric agency roles; brain networks","","","","","","","","","","","","","","","","","","","","","","","","","","","","","","","","","","","","","","","","","","","","","","",""
"PHHHNHLE","journalArticle","2026","Mcauliff, Bradley D.","Law and Human Behavior in the Age of Open Science and Diversity, Equity, and Inclusion","LAW AND HUMAN BEHAVIOR","","0147-7307","10.1037/lhb0000645","","The 50th anniversary of Law and Human Behavior provides a unique opportunity to reflect on the journal's past and future. During my term as editor-in-chief (2019-2024), our editorial team advanced two key initiatives: promoting open science and expanding diversity, equity, and inclusion. We sought to strengthen scientific validity by adopting the Transparency and Openness Promotion Guidelines, enhancing reporting standards, and supporting practices such as registered reports. We also prioritized representation by publishing special issues on race and bias, increasing the diversity of the editorial board, and launching a reviewer mentoring program to expand the pipeline for future leadership. Together, these efforts underscore the importance of integrating scientific rigor with equity-driven practices to ensure that Law and Human Behavior remains the premier outlet for scholarship on psychology and law. Future work is necessary to better align our field's overwhelmingly positive attitudes toward open science with actual engagement and to expand the journal's diversity pipeline.","2026-02","2026-03-24 19:34:02","2026-03-24 19:34:02","","17-19","","1","50","","","","","","","","","","English","","","","","","","Place: 750 FIRST ST, NE, WASHINGTON, DC 20002-4242 USA Publisher: EDUCATIONAL PUBLISHING FOUNDATION-AMERICAN PSYCHOLOGICAL ASSOC Type: Editorial Material","","","","diversity; editorial; equity; inclusion; open science","","","","","","","","","","","","","","","","","","","","","","","","","","","","","","","","","","","","","","","","","","","","","","",""
"B8BNDNY3","journalArticle","2024","Brito, Henrique; Lopes, Henrique; de Carvalho, Margarida Vaz; Carrilho, Daniel; Carvalho, Adriano; Araujo, Duarte","The effects of nature-based vs. indoor settings on the adaptability, performance and affect of calisthenics exercisers. A registered report","PSYCHOLOGY OF SPORT AND EXERCISE","","1469-0292","10.1016/j.psychsport.2024.102626","","Comparisons of the beneficial effects of nature-based versus indoor physical activity have been extensively reported, but existing research addresses mainly aerobic activity (running, jogging), not resistance or mixed (aerobic and resistance) exercise. It is unclear if the psychological benefits extend to functionality, i.e., if participants perform their activities better in nature, and how movement is expressed in nature-based and indoor environments, during similar exercise. The present registered report was a randomized controlled trial investigating how engaging in similar resistance-based exercise (calisthenics) in nature-based and indoor settings differed in affective valence, perceived exertion, visual attention, movement adaptability, heart rate variability, and performance. Nature-based exercisers (N = 51) showed increased performance output than indoor exercisers (N = 53) (p < 0.001). There were no group differences in affective valence, perceived exertion, or visual attention. However, psychological states of nature-based exercisers showed stronger associations to performance output (r < 0.33) than those of indoor exercisers (r < 0.03). Nature-based exercisers' movement variability and structure, measured with non-linear and fractal techniques (Sample Entropy and Detrended Fluctuation Analysis), were more regular (p < 0.001) and more functionally adaptive (long-term Detrended Fluctuation Analysis, p = 0.022) to achieve better performance output. Heart rate variability measures were not different between groups. Distinct environments can influence movement adaptability in a calisthenics exercise routine, and ultimately contribute to better performance. These results show how action is specific to task environment, and how action implies not only the task, but also the characteristics of the environment. Trial registration: NCT05090501 (Clinicaltrials.gov). Registered October 21, 2021.","2024-07","2026-03-24 19:34:02","2026-03-24 19:34:02","","","","","73","","","","","","","","","","English","","","","","","","Place: RADARWEG 29, 1043 NX AMSTERDAM, NETHERLANDS Publisher: ELSEVIER Type: Article","","","","Feeling; Green exercise; Nature; Perceptual attunement; Performance; Variability","","","","","","","","","","","","","","","","","","","","","","","","","","","","","","","","","","","","","","","","","","","","","","",""
"AWIQW487","journalArticle","2026","Tibon, Roni; Greve, Andrea; Humphreys, Gina; Quent, Jorn Alexander; Henson, Richard","Neural activations and representations during episodic versus semantic memory retrieval","NATURE HUMAN BEHAVIOUR","","2397-3374","10.1038/s41562-025-02390-4","","Although the distinction between episodic and semantic memory is supported by numerous neuropsychological studies, neuroimaging data have shown considerable overlap between regions that are activated during semantic and episodic remembering. This might indicate similar or shared mechanisms but might also result from inadequate task designs or poor functional magnetic resonance imaging signal coverage. Here we compared neural activations and representations associated with successful retrieval of episodic and semantic memories, using tasks that are more closely matched. A total of n = 40 participants recalled pairings between logos and brand names, where the pairings corresponded to real-world knowledge (semantic task) or were learned in an initial study phase (episodic task). Neither a priori-defined networks nor clusters generally activated by our task provided evidence for any difference between successful semantic and episodic retrieval, with the Bayes factor for the a priori networks supporting the null hypothesis of no difference. Protocol registration The Stage 1 protocol for this Registered Report was accepted in principle on 15 September 2021. The protocol, as accepted by the journal, can be found at https://osf.io/dm47y/.","2026-01-27","2026-03-24 19:34:02","2026-03-24 19:34:02","","","","","","","","","","","","","","","English","","","","","","","Place: HEIDELBERGER PLATZ 3, BERLIN, 14197, GERMANY Publisher: NATURE PORTFOLIO Type: Article; Early Access","","","","","","","","","","","","","","","","","","","","","","","","","","","","","","","","","","","","","","","","","","","","","","","","","","",""
"7ZL7SQSN","journalArticle","2024","Chenot, Quentin; Hamery, Caroline; Truninger, Moritz; Langer, Nicolas; De Boissezon, Xavier; Scannella, Sebastien","Investigating the relationship between resting-state EEG microstates and executive functions: A null finding","CORTEX","","0010-9452","10.1016/j.cortex.2024.05.019","","Recent advances in cognitive neurosciences suggest that intrinsic brain networks dynamics are associated with cognitive functioning. Despite this emerging perspective, limited research exists to validate this hypothesis. This Registered Report aimed to specifically test the relationship between intrinsic brain spatio-temporal dynamics and executive functions. Resting -state EEG microstates were used to assess brain spatio-temporal dynamics, while a comprehensive battery of nine cognitive function tasks was employed to evaluate executive functions in 140 participants. We hypothesized that microstates (class C and D) metrics would correlate with an executive functions composite score. Contrary to expectations, our hypotheses were not supported by the data. We however observed a small, non -significant trend with a negative correlation between microstate D occurrences and executive functions scores (r = - .18, 95% CI [ - .33, - .01]) which however did not meet the adjusted threshold for significance. In light of the inconclusive or minor effect sizes observed, the assertion that intrinsic brain networks dynamics - as measured by resting -state EEG microstate metrics - are a reliable signature of executive functioning remains unsupported. (c) 2024 The Author(s). Published by Elsevier Ltd. This is an open access article under the CC BY license (http://creativecommons.org/licenses/by/4.0/).","2024-09","2026-03-24 19:34:02","2026-03-24 19:34:02","","1-17","","","178","","","","","","","","","","English","","","","","","","Place: 65 CAMILLE DESMOULINS CS50083 ISSY-LES-MOULINEAUX, 92442 PARIS, FRANCE Publisher: ELSEVIER MASSON, CORP OFF Type: Article","","","","EEG; Executive functions; Microstates; Registered report; Resting-state","","","","","","","","","","","","","","","","","","","","","","","","","","","","","","","","","","","","","","","","","","","","","","",""
"32I6QUS9","journalArticle","2025","Tidwell, Colin A.; Danvers, Alexander F.; Pfeifer, Valeria A.; Abel, Danielle B.; Alisic, Eva; Beer, Andrew; Bierstetel, Sabrina J.; Bollich-Ziegler, Kathryn L.; Bruni, Michelle; Calabrese, William R.; Chiarello, Christine; Demiray, Burcu; Dimidjian, Sona; Fingerman, Karen L.; Haas, Maximilian; Kaplan, Deanna M.; Kim, Yijung K.; Knezevic, Goran; Lazarevic, Ljiljana B.; Luo, Minxia; Macbeth, Alessandra; Manson, Joseph H.; Mascaro, Jennifer S.; Metcalf, Christina; Minor, Kyle S.; Moseley, Suzanne; Polsinelli, Angelina J.; Raison, Charles L.; Rilling, James K.; Robbins, Megan L.; Sbarra, David; Slatcher, Richard B.; Sun, Jessie; Vasileva, Mira; Vazire, Simine; Mehl, Matthias R.","Are Women Really (Not) More Talkative Than Men? A Registered Report of Binary Gender Similarities/Differences in Daily Word Use","JOURNAL OF PERSONALITY AND SOCIAL PSYCHOLOGY","","0022-3514","10.1037/pspp0000534","","Women are widely assumed to be more talkative than men. Challenging this assumption, Mehl et al. (2007) provided empirical evidence that men and women do not differ significantly in their daily word use, speaking about 16,000 words per day (WPD) each. However, concerns were raised that their sample was too small to yield generalizable estimates and too age and context homogeneous to permit inferences beyond college students. This registered report replicated and extended the previous study of binary gender differences in daily word use to address these concerns. Across 2,197 participants (more than five-fold the original sample size), pooled over 22 samples (631,030 ambient audio recordings), men spoke on average 11,950 WPD and women 13,349 WPD, with very large individual differences (<100 to >120,000 WPD). The estimated gender difference (1,073 WPD; d = 0.13; 95% CrI [316, 1,824]) was about twice as large as in the original study. Smaller differences emerged among adolescent (513 WPD), emerging adult (841 WPD), and older adult (-788 WPD) participants, but a substantially larger difference emerged for participants in early and middle adulthood (3,275 WPD; d = 0.32). Despite the considerable sample size(s), all estimates carried large statistical uncertainty and, except for the gender difference in early and middle adulthood, provide inconclusive evidence regarding whether the two genders ultimately speak a practically equivalent number of WPD, based on the preregistered +/- 1,000 WPD regions of practical equivalence criterion. Experienced stress had no meaningful effect on the gender difference, and no clear pattern emerged as to whether the gender difference is accentuated for subjectively rated compared with objectively observed talkativeness.","2025-02","2026-03-24 19:34:02","2026-03-24 19:34:02","","367-391","","2","128","","","","","","","","","","English","","","","","","","Place: 750 FIRST ST NE, WASHINGTON, DC 20002-4242 USA Publisher: AMER PSYCHOLOGICAL ASSOC Type: Article","","","","daily vocabulary; gender stereotypes; lexical budget; replication; sex differences","","","","","","","","","","","","","","","","","","","","","","","","","","","","","","","","","","","","","","","","","","","","","","",""
"UP2TRAT3","journalArticle","2025","Fassi, Luisa; Ferguson, Amanda M.; Przybylski, Andrew K.; Ford, Tamsin J.; Orben, Amy","Social media use in adolescents with and without mental health conditions","NATURE HUMAN BEHAVIOUR","","2397-3374","10.1038/s41562-025-02134-4","","Concerns about the relationship between social media use and adolescent mental health are growing, yet few studies focus on adolescents with clinical-level mental health symptoms. This limits our understanding of how social media use varies across mental health profiles. In this Registered Report, we analyse nationally representative UK data (N = 3,340, aged 11-19 years) including diagnostic assessments by clinical raters alongside quantitative and qualitative social media measures. As hypothesized, adolescents with mental health conditions reported spending more time on social media and were less happy about the number of online friends than adolescents without conditions. We also found hypothesized differences in social media use by condition type: adolescents with internalizing conditions reported spending more time on social media, engaging in more social comparison and experiencing greater impact of feedback on mood, alongside lower happiness about the number of online friends and lower honest self-disclosure. In contrast, those with externalizing conditions only reported higher time spent. These findings emphasize the need to consider diverse adolescent mental health profiles in policy and clinical practice.","2025-06","2026-03-24 19:34:02","2026-03-24 19:34:02","","","","6","9","","","","","","","","","","English","","","","","","","Place: HEIDELBERGER PLATZ 3, BERLIN, 14197, GERMANY Publisher: NATURE PORTFOLIO Type: Article","","","","","","","","","","","","","","","","","","","","","","","","","","","","","","","","","","","","","","","","","","","","","","","","","","",""
"2L2NKIUU","journalArticle","2024","Mickelberg, Amy J.; Walker, Bradley; Ecker, Ullrich K. H.; Fay, Nicolas","Helpful or harmful? The effect of a diagnostic label and its later retraction on person impressions","ACTA PSYCHOLOGICA","","0001-6918","10.1016/j.actpsy.2024.104420","","Diagnostic labels for mental health conditions can inadvertently reinforce harmful stereotypes and exacerbate stigma. If a diagnosis is incorrect and a label is wrongly applied, this may negatively impact person impressions even if the inaccurate label is later corrected. This registered report examined this issue. Participants (N N = 560) read a vignette about a hospital patient who was either diagnosed with schizophrenia, diagnosed with major depressive disorder, or not diagnosed with a mental health condition. The diagnostic labels were later retracted strongly, retracted weakly, or not retracted. Participants completed several stigma measures (desire for social distance, perceived dangerousness, and unpredictability), plus several inferential-reasoning measures that tested their reliance on the diagnostic label. As predicted, each mental health diagnosis elicited stigma, and influenced inferential reasoning. This effect was stronger for the schizophrenia diagnosis compared to the major depressive disorder diagnosis. Importantly, the diagnostic label continued to influence person judgments after a clear retraction (strong or weak), highlighting the limitations of corrections in reducing reliance on person-related misinformation and mental health stigma.","2024-08","2026-03-24 19:34:02","2026-03-24 19:34:02","","","","","248","","","","","","","","","","English","","","","","","","Place: RADARWEG 29, 1043 NX AMSTERDAM, NETHERLANDS Publisher: ELSEVIER Type: Article","","","","Diagnostic labels; Impression formation; Major depressive disorder; Misdiagnosis; Misinformation; Schizophrenia; Stigma","","","","","","","","","","","","","","","","","","","","","","","","","","","","","","","","","","","","","","","","","","","","","","",""
"Z76GFQBD","journalArticle","2024","McHugh, Cillian; Francis, Kathryn B.; Everett, Jim A. C.; Timmons, Shane","To beckon or not to beckon: Testing a causal-evaluative modelling approach to moral judgment: A registered report","JOURNAL OF EXPERIMENTAL SOCIAL PSYCHOLOGY","","0022-1031","10.1016/j.jesp.2024.104616","","Moral judgments are increasingly being understood as showing context dependent variability. A growing literature has identified a range of specific contextual factors (e.g., emotions, intentions) that can influence moral judgments in predictable ways. Integrating these diverse influences into a unified approach to understanding moral judgments remains a challenge. Recent work by Railton (2017) attempted to address this with a causalevaluative modelling approach to moral judgment. In support of this model Railton presents evidence from novel variations of classic trolley type dilemmas. We present results from a pre -registered pilot study that highlight a significant confound and demonstrate that it likely influenced Railton's results. Building on this, our registered report presents a replication -extension of Railton's study, using larger more diverse samples, and more rigorous methods and materials, specifically controlling for potential confounds. We found that participants' judgments in sacrificial dilemmas are influenced by both direct personal force, and by whether harm occurs as a means or as a side -effect of action. We also show the relationship between a range of individual difference variables and responses to sacrificial moral dilemmas. Our results provide novel insights into the factors that influence people's moral judgments, and contribute to ongoing theoretical debates in moral psychology.","2024-07","2026-03-24 19:34:02","2026-03-24 19:34:02","","","","","113","","","","","","","","","","English","","","","","","","Place: 525 B ST, STE 1900, SAN DIEGO, CA 92101-4495 USA Publisher: ACADEMIC PRESS INC ELSEVIER SCIENCE Type: Article","","","","Causal evaluative modelling; Contextual influences; Deontology; Means vs side -effect; Moral judgment; Trolley problems; Utilitarianism","","","","","","","","","","","","","","","","","","","","","","","","","","","","","","","","","","","","","","","","","","","","","","",""
"75UR8I8T","journalArticle","2024","Engstrom, Holly R.; Laurin, Kristin","Lower social class, better social skills? A registered report testing diverging predictions from the rank and cultural approaches to social class","JOURNAL OF EXPERIMENTAL SOCIAL PSYCHOLOGY","","0022-1031","10.1016/j.jesp.2023.104577","","Are people with lower socioeconomic status (SES) better than those with higher SES at empathic accuracy, or recognizing others' thoughts and feelings? Two psychological approaches to the study of SES say they are, but emphasize different reasons. The rank approach argues that because individuals with lower SES experience low rank, they feel less in control and more threatened by others, so it is more valuable for them to understand others' mental states. The cultural approach argues that because lower SES cultures foster more interdependent values, people steeped in those cultures focus more on others, leading them to better understand others' mental states. Previous tests of the basic hypothesis these two approaches share have yielded mixed evidence. This registered report uses a large-scale, nationally representative sample to accomplish two goals. First, it tests the basic shared hypothesis, finding that lower subjective rank, social class cultural group, and income-but not education-all predict better empathic accuracy. Second, it explores additional research questions, finding that subjective rank more strongly predicts empathic accuracy compared to SES cultural group (consistent with the rank approach), but childhood SES more strongly predicts empathic accuracy than adulthood SES (consistent with the cultural approach). Results regarding the moderating role of the valence of the mental state being recognized were not consistent. We conclude there is indeed a negative association between social class and empathic accuracy, and discuss the degree to which this is due to the psychology of rank and childhood cultural socialization.","2024-03","2026-03-24 19:34:02","2026-03-24 19:34:02","","","","","111","","","","","","","","","","English","","","","","","","Place: 525 B ST, STE 1900, SAN DIEGO, CA 92101-4495 USA Publisher: ACADEMIC PRESS INC ELSEVIER SCIENCE Type: Article","","","","Empathic accuracy; Registered report; Social class; Socioeconomic status","","","","","","","","","","","","","","","","","","","","","","","","","","","","","","","","","","","","","","","","","","","","","","",""
"HL5KIIAB","journalArticle","2024","Zenko, Zachary; Hall, Eric E.; Bixby, Walter R.","The effects of affect-guided interval training on pleasure, enjoyment, and autonomy: A registered report","PSYCHOLOGY OF SPORT AND EXERCISE","","1469-0292","10.1016/j.psychsport.2024.102611","","This registered report tested the effects of a novel exercise protocol, namely affect-guided interval training, on motivationally relevant variables of remembered pleasure, forecasted pleasure, enjoyment, and autonomy. Affect-guided interval training (AIT) consisted of 60-s intervals that alternated between the highest pleasant intensity and lowest pleasant intensity for 20 min; this was intended to minimize the potential displeasure of traditional high-intensity interval training. The novel protocol was compared to self-selected exercise intensity (30 min) and high-intensity interval training (60-s intervals for 20 min). All sessions were, on average, vigorous in intensity (80-89% peak heart rate). Data indicate that the AIT session was experienced as the most pleasant, had the most pleasant slope of affect, was remembered as the most pleasant, resulted in the most positive affective forecasts, and was the most enjoyable. Both the affect-guided interval session and self-selected exercise session resulted in greater autonomy than high-intensity interval training. Several evaluative and motivationally relevant variables, including (a) remembered pleasure, (b) enjoyment, and (c) forecasted pleasure were predicted by (a) experienced pleasure, the (b) pleasure experienced at the end of exercise, and (c) the slope of pleasure experienced throughout the exercise session. Overall, this study suggests that affect-guided interval training is a feasible and positive alternative that can be included as a viable option for exercise programming.","2024-07","2026-03-24 19:34:02","2026-03-24 19:34:02","","","","","73","","","","","","","","","","English","","","","","","","Place: RADARWEG 29, 1043 NX AMSTERDAM, NETHERLANDS Publisher: ELSEVIER Type: Article","","","","Affect; Autonomy; High-intensity interval training; Self-selected exercise","","","","","","","","","","","","","","","","","","","","","","","","","","","","","","","","","","","","","","","","","","","","","","",""
"LVGFNMTJ","journalArticle","2025","Henderson, Emma L.; Abrams, Ruth; Marcu, Afrodita; Atkins, Lou; Farran, Emily K.","Investigating the Barriers and Enablers to Data-Sharing Behaviors: A Qualitative Registered Report","ADVANCES IN METHODS AND PRACTICES IN PSYCHOLOGICAL SCIENCE","","2515-2459","10.1177/25152459251385960","","“Data sharing” describes the process of making research data available for reuse. The availability of research data is the basis of transparent, effective research systems that democratize access to knowledge and advance discovery. Despite a broad recognition of the value of data sharing across the sector, many researchers are not yet engaging meaningfully with data-sharing behaviors. Through a behavioral lens, in this qualitative Registered Report, we aimed to identify the barriers and enablers to data sharing experienced by researchers working at a UK university. Data were collected using a theoretically informed 26-item interview schedule (capability, opportunity, motivation-behavior [COM-B] model; theoretical-domains framework [TDF]). Fourteen participants across a range of career levels and disciplines were recruited to take part in semistructured interviews focused on data-sharing behaviors and their influences. Transcripts were analyzed using thematic template analysis based on the COM-B constructs and TDF domains. Results indicated that quantitative data-sharing behaviors were performed differently to qualitative behaviors, which affected the required skills. However, the barriers experienced were similar across all disciplines. These barriers included a lack of time to undertake data-sharing activities, concerns over General Data Protection Regulation/correct deidentification of data, and limited infrastructure. Enablers included researchers' drive to be seen as open researchers. This identity matters to them for both the good of research and what it signals about them. It is a key enabling factor, potentially driving behavior even in the absence of other factors. Mandating data-sharing activities could encourage more widespread behaviors. However, such mandates need to be both discipline-specific and supported by institutions providing adequate resources.","2025-10","2026-03-24 19:34:02","2026-03-24 19:34:02","","","","4","8","","","","","","","","","","English","","","","","","","Place: 2455 ℡LER RD, THOUSAND OAKS, CA 91320 USA Publisher: SAGE PUBLICATIONS INC Type: Article","","","","behavior change; COM-B; data sharing; data stewardship; open data; open materials; open research; open science; preregistration; TDF","","","","","","","","","","","","","","","","","","","","","","","","","","","","","","","","","","","","","","","","","","","","","","",""
"CEMS2WYV","journalArticle","2024","Willmot, Nicholas; Leow, Li -Ann; Filmer, Hannah L.; Dux, Paul E.","Exploring the intra-individual reliability of tDCS: A registered report","CORTEX","","0010-9452","10.1016/j.cortex.2023.12.015","","Transcranial direct current stimulation (tDCS), a form of non-invasive brain stimulation, has become an important tool for the study of in -vivo brain function due to its modulatory effects. Over the past two decades, interest in the influence of tDCS on behaviour has increased markedly, resulting in a large body of literature spanning multiple domains. However, the effect of tDCS on human performance often varies, bringing into question the reliability of this approach. While reviews and meta -analyses highlight the contributions of methodological inconsistencies and individual differences, no published studies have directly tested the intra-individual reliability of tDCS effects on behaviour. Here, we conducted a large scale, double -blinded, sham -controlled registered report to assess the reliability of two single -session low -dose tDCS montages, previously found to impact response selection and motor learning operations, across two separate time periods. Our planned analysis found no evidence for either protocol being effective nor reliable. Post -hoc explorative analyses found evidence that tDCS influenced motor learning, but not response selection learning. In addition, the reliability of motor learning performance across trials was shown to be disrupted by tDCS. These findings are amongst the first to shed light specifically on the intra-individual reliability of tDCS effects on behaviour and provide valuable information to the field. (c) 2024 The Author(s). Published by Elsevier Ltd. This is an open access article under the CC BY license (http://creativecommons.org/licenses/by/4.0/).","2024-04","2026-03-24 19:34:02","2026-03-24 19:34:02","","61-79","","","173","","","","","","","","","","English","","","","","","","Place: 65 CAMILLE DESMOULINS CS50083 ISSY-LES-MOULINEAUX, 92442 PARIS, FRANCE Publisher: ELSEVIER MASSON, CORP OFF Type: Article","","","","Behaviour; Intra-individual; Motor-learning; Reliability; Response-learning; tDCS","","","","","","","","","","","","","","","","","","","","","","","","","","","","","","","","","","","","","","","","","","","","","","",""
"N4LJW2X2","journalArticle","2025","Kramer, Robin S. S.; Mcintosh, Robert D.","Face matching and self-insight A Registered Report investigating individual differences in metacognitive sensitivity, efficiency, and bias","QUARTERLY JOURNAL OF EXPERIMENTAL PSYCHOLOGY","","1747-0218","10.1177/17470218241254209","","Deciding whether two face photographs depict the same person or not can be a challenging task, and there are substantial individual differences in face matching ability. Far less is known about differences in metacognitive ability; that is, how well people can estimate the quality of their own face matching judgements. The purpose of this Registered Report was to determine the relationship between first-order performance in a face matching task, and three metacognitive measures: metacognitive sensitivity (the information exploited by metacognition), metacognitive efficiency (the quality of metacognitive processing itself), and metacognitive bias (the overall tendency towards high or low confidence). Participants completed a 200-trial unfamiliar face matching task, providing a second-order (metacognitive) confidence rating after each first-order (cognitive) response. Cognitive performance and metacognitive sensitivity showed a substantial positive association (rs = .60), suggesting that they were based on overlapping information, with poorer performers having lower quality information available. Once these differences in the information available to metacognition were accounted for, the quality of metacognitive processing itself (metacognitive efficiency) did not vary systematically with cognitive performance (rs = .00). Moreover, poor performers were not less or more confident overall than good performers, as cognitive performance and metacognitive bias did not correlate significantly (rs = .11). These findings allow us to move beyond consideration of group-level insight and inform regarding individual differences in cognitive and metacognitive abilities.","2025-04","2026-03-24 19:34:02","2026-03-24 19:34:02","","660-671","","4","78","","","","","","","","","","English","","","","","","","Place: 1 OLIVERS YARD, 55 CITY ROAD, LONDON EC1Y 1SP, ENGLAND Publisher: SAGE PUBLICATIONS LTD Type: Article","","","","face matching; individual differences; Metacognition; metacognitive efficiency","","","","","","","","","","","","","","","","","","","","","","","","","","","","","","","","","","","","","","","","","","","","","","",""
"WSVNWNAW","journalArticle","2025","King, Kevin M.; Dora, Jonas; Schultz, Megan; McCabe, Connor J.; Lee, Christine M.; Shoda, Yuichi; Fairlie, Anne M.; Litt, Dana M.; Lewis, Melissa A.; Patrick, Megan E.; Smith, Gregory T.","Within-Day Associations Between Affect and Intentions to Drink Alcohol in Adolescents and Young Adults: A Registered Report","PSYCHOLOGY OF ADDICTIVE BEHAVIORS","","0893-164X","10.1037/adb0001074","","Objective: Motivational theories hypothesizing that people drink to relieve negative affect have not been supported using data from people's daily lives. People may experience negative affect when alcohol is unavailable or when use would conflict with people's current goals, but people's thoughts about alcohol use, such as intentions to drink later in the day, are less contextually constrained. Alcohol intentions may serve as affect regulation and lead to decreases in negative or increases in positive affect prior to drinking itself. Method: This registered report provides an initial test of this hypothesis across two large ecological momentary assessment samples of adolescents and young adults (total n = 1,511). We tested whether daily drinking intentions were associated with levels and within-day changes in negative and positive affect in two large samples of adolescents and young adults and whether drinking history and motives moderated these associations. Results: We found evidence, replicated across studies, that positive affect was higher and increased more on days when people reported intending to drink more than usual, but negative affect was only very weakly associated with daily drinking intentions. We found no evidence of moderation that replicated across samples. Conclusions: Results suggest that prior research linking positive affect and alcohol use is at least in part capturing the anticipation of drinking rather than a causal association between affect and drinking behaviors among adolescents and young adults. Theories should consider how anticipation, as well as the contexts in which drinking occurs, shapes people's motives for drinking and their drinking behaviors themselves.","2025-08","2026-03-24 19:34:02","2026-03-24 19:34:02","","411-430","","5","39","","","","","","","","","","English","","","","","","","Place: 750 FIRST ST, NE, WASHINGTON, DC 20002-4242 USA Publisher: EDUCATIONAL PUBLISHING FOUNDATION-AMERICAN PSYCHOLOGICAL ASSOC Type: Article","","","","affect regulation; alcohol intentions; ecological momentary assessment; emotions","","","","","","","","","","","","","","","","","","","","","","","","","","","","","","","","","","","","","","","","","","","","","","",""
"N7Z9B535","journalArticle","2024","Lin, Hause; Westbrook, Andrew; Fan, Frank; Inzlicht, Michael","An experimental manipulation of the value of effort","NATURE HUMAN BEHAVIOUR","","2397-3374","10.1038/s41562-024-01842-7","","People who take on challenges and persevere longer are more likely to succeed in life. But individuals often avoid exerting effort, and there is limited experimental research investigating whether we can learn to value effort. We developed a paradigm to test the hypothesis that people can learn to value effort and will seek effortful challenges if directly incentivized to do so. We also dissociate the effects of rewarding people for choosing effortful challenges and performing well. The results provide limited evidence that rewarding effort increased people's willingness to choose harder tasks when rewards were no longer offered (near transfer). There was also mixed evidence that rewarding effort increased willingness to choose harder tasks in another unrelated and unrewarded task (far transfer). These heterogeneous results highlight the need for further research to understand when this paradigm may be the most effective for increasing and generalizing the value of effort. In this Stage 2 Registered Report, Lin et al. report that people can learn to value effort and that this valuation can generalize to unfamiliar and unrewarded tasks.","2024-05","2026-03-24 19:34:02","2026-03-24 19:34:02","","","","5","8","","","","","","","","","","English","","","","","","","Place: HEIDELBERGER PLATZ 3, BERLIN, 14197, GERMANY Publisher: NATURE PORTFOLIO Type: Article","","","","","","","","","","","","","","","","","","","","","","","","","","","","","","","","","","","","","","","","","","","","","","","","","","",""
"9UPDP957","journalArticle","2024","Woods, Adrienne D.; Jiao, June L. L.; Morgan, Paul L.; Buxton, Orfeu M.","Is sleep longitudinally related to children's achievement, executive function and classroom behaviour?","INFANT AND CHILD DEVELOPMENT","","1522-7227","10.1002/icd.2426","","In this registered report, we evaluated how sleep is related to school functioning. Using data from the Future of Families and Child Wellbeing Study (N = 3002), we evaluated a series of structural equation models evaluating whether sleep at age 5 has a direct or indirect effect on academic achievement, executive function and classroom behaviour at age 9, and whether this relation is moderated by race or ethnicity, poverty, maternal education or disability. We found that sleep duration (but not other aspects of sleep health) had a direct, linear relation to attention problems, acting-out behaviours and executive functions, as well as an indirect effect on academic achievement through executive functions. We also found that this model was moderated by disability, poverty, maternal education and race or ethnicity. Our results suggest that experiencing insufficient amounts of sleep may have a disproportionately negative effect on children with disabilities or children whose mothers received less education. Initiatives to promote healthy sleep habits, including increasing sleep duration among these groups, may thus also indirectly raise measures of achievement.","2024-03","2026-03-24 19:34:02","2026-03-24 19:34:02","","","","2, SI","33","","","","","","","","","","English","","","","","","","Place: 111 RIVER ST, HOBOKEN 07030-5774, NJ USA Publisher: WILEY Type: Article","","","","achievement; classroom behavior; executive function; moderated mediation; sleep; structural equation modeling","","","","","","","","","","","","","","","","","","","","","","","","","","","","","","","","","","","","","","","","","","","","","","",""
"BVJUAWCI","journalArticle","2023","Nichols, Aaron D.; Axt, Jordan; Gosnell, Evelyn; Ariely, Dan","A field study of the impacts of workplace diversity on the recruitment of minority group members","NATURE HUMAN BEHAVIOUR","","2397-3374","10.1038/s41562-023-01731-5","","Increasing workplace diversity is a common goal. Given research showing that minority applicants anticipate better treatment in diverse workplaces, we ran a field experiment (N = 1,585 applicants, N = 31,928 website visitors) exploring how subtle organizational diversity cues affected applicant behaviour. Potential applicants viewed a company with varying levels of racial/ethnic or gender diversity. There was little evidence that racial/ethnic or gender diversity impacted the demographic composition or quality of the applicant pool. However, fewer applications were submitted to organizations with one form of diversity (that is, racial/ethnic or gender diversity), and more applications were submitted to organizations with only white men employees or employees diverse in race/ethnicity and gender. Finally, exploratory analyses found that female applicants were rated as more qualified than male applicants. Presenting a more diverse workforce does not guarantee more minority applicants, and organizations seeking to recruit minority applicants may need stronger displays of commitments to diversity. A Registered Report field study by Nichols et al. finds little evidence that images of organizational diversity change the volume or quality of minority applicants. Stronger commitments to diversity may be needed to increase recruitment of minority applicants.","2023-12","2026-03-24 19:34:02","2026-03-24 19:35:44","","2212-2227","","12","7","","","","","","","","","","English","","","","","","","Place: HEIDELBERGER PLATZ 3, BERLIN, 14197, GERMANY Publisher: NATURE PORTFOLIO Type: Article","","C:\Users\moin\Zotero\storage\H8MBLH9F\Nichols et al. - 2023 - A field study of the impacts of workplace diversity on the recruitment of minority group members.pdf","","","","","","","","","","","","","","","","","","","","","","","","","","","","","","","","","","","","","","","","","","","","","","","","",""
"FA7C9CWF","journalArticle","2026","Poole, Daniel; Grange, Jim; Milne, Elizabeth","Can location cues facilitate attentional suppression?","QUARTERLY JOURNAL OF EXPERIMENTAL PSYCHOLOGY","","1747-0218","10.1177/17470218251357942","","The spatial cueing paradigm has illustrated that location cues result in attentional enhancement of target stimuli. However, evidence is mixed on whether proactive attentional suppression can be cued similarly. In this registered report, we used a hybrid flanker-visual search-spatial cueing paradigm in which participants were presented with informative or non-informative cues regarding the upcoming location of a target feature matching a distractor in the search array. We aimed to replicate and extend a previous study which found evidence that cues support attentional suppression. We repeated the experiment with informative and non-informative cue conditions blocked (Experiment 2) and with possible target and distractor locations separated (Experiment 3). Across all three experiments (total n = 554), we did not observe any evidence of cueing-enhanced attentional suppression. In Experiments 1 and 3, participant responses were slightly slower in the informative cue condition, suggesting that the cue itself captured attention when the cue type was interleaved and thus unpredictable trial-to-trial. Surprisingly, post-experiment assessment of distractor learning suggested participants had not learnt the association between cue and distractor location in any experiment. These findings do not support spatial cue-enhanced attentional suppression.","2026-03","2026-03-24 19:34:03","2026-03-24 19:34:03","","571-588","","3","79","","","","","","","","","","English","","","","","","","Place: 1 OLIVERS YARD, 55 CITY ROAD, LONDON EC1Y 1SP, ENGLAND Publisher: SAGE PUBLICATIONS LTD Type: Article","","","","Attention; cueing; distractor; expectation; suppression","","","","","","","","","","","","","","","","","","","","","","","","","","","","","","","","","","","","","","","","","","","","","","",""
"HT6K7ENR","journalArticle","2025","Gallagher, Natalie M.; Foster-Hanson, Emily; Olson, Kristina R.","Gender categorization and memory in transgender and cisgender people","JOURNAL OF EXPERIMENTAL SOCIAL PSYCHOLOGY","","0022-1031","10.1016/j.jesp.2024.104691","","Gender categorization is central to everyday life. Discussions about gender have traditionally focused on gender identities, or gender categories to which a person might have an internal sense of belonging (e.g., men and women, boys and girls). More recently, discussions about gender also include gender modality (transgender or cisgender), or how a person's gender identity relates to their sex assigned at birth. In this registered report, we investigate gender-relevant categorization including gender identity and gender modality using measures assessing the automatic encoding of categories and explicit beliefs about the similarity between categories. We also compare performance on these tasks in transgender and cisgender youth and adults to help shed light on long-standing debates about the role of experience in categorization. Across two studies (N = 1144), we found that participants automatically encoded both gender identity and gender modality, and that variations in categorization between participant groups were largely mediated by participants' attitudes (i.e., openness to nonbinary identities) and experiences (i.e., contact with trans people). These results thus help refine our psychological theories of gender categorization to more accurately reflect the landscape of gender categories permeating modern society.","2025-01","2026-03-24 19:34:03","2026-03-24 19:34:03","","","","","116","","","","","","","","","","English","","","","","","","Place: 525 B ST, STE 1900, SAN DIEGO, CA 92101-4495 USA Publisher: ACADEMIC PRESS INC ELSEVIER SCIENCE Type: Article","","","","Categorization; Gender; Gender modality; Person memory; Transgender","","","","","","","","","","","","","","","","","","","","","","","","","","","","","","","","","","","","","","","","","","","","","","",""
"SGY2MHS4","journalArticle","2024","Abado, Elinor; Aue, Tatjana; Pourtois, Gilles; Okon-Singer, Hadas","Expectancy and attention bias to spiders: Dissecting anticipation and allocation processes using ERPs","PSYCHOPHYSIOLOGY","","0048-5772","10.1111/psyp.14546","","The current registered report focused on the temporal dynamics of the relationship between expectancy and attention toward threat, to better understand the mechanisms underlying the prioritization of threat detection over expectancy. In the current event-related potentials experiment, a-priori expectancy was manipulated, and attention bias was measured, using a well-validated paradigm. A visual search array was presented, with one of two targets: spiders (threatening) or birds (neutral). A verbal cue stating the likelihood of encountering a target preceded the array, creating congruent and incongruent trials. Following cue presentation, preparatory processes were examined using the contingent negative variation (CNV) component. Following target presentation, two components were measured: early posterior negativity (EPN) and late positive potential (LPP), reflecting early and late stages of natural selective attention toward emotional stimuli, respectively. Behaviorally, spiders were found faster than birds, and congruency effects emerged for both targets. For the CNV, a non-significant trend of more negative amplitudes following spider cues emerged. As expected, EPN and LPP amplitudes were larger for spider targets compared to bird targets. Data-driven, exploratory, topographical analyses revealed different patterns of activation for bird cues compared to spider cues. Furthermore, 400-500 ms post-target, a congruency effect was revealed only for bird targets. Together, these results demonstrate that while expectancy for spider appearance is evident in differential neural preparation, the actual appearance of spider target overrides this expectancy effect and only in later stages of processing does the cueing effect come again into play.","2024-06","2026-03-24 19:34:03","2026-03-24 19:35:39","","","","6","61","","","","","","","","","","English","","","","","","","Place: 111 RIVER ST, HOBOKEN 07030-5774, NJ USA Publisher: WILEY Type: Article","","C:\Users\moin\Zotero\storage\3VSSTF7D\Abado et al. - 2024 - Expectancy and attention bias to spiders Dissecting anticipation and allocation processes using sp.pdf","","attention bias in spider fear; CNV; EPN; ERP; expectancy bias in spider fear; LPP","","","","","","","","","","","","","","","","","","","","","","","","","","","","","","","","","","","","","","","","","","","","","","",""
"2VYN5UP5","journalArticle","2023","Cracco, Emiel; Liepelt, Roman; Brass, Marcel; Genschow, Oliver","Top-Down Modulation of Motor Priming by Belief About Animacy","EXPERIMENTAL PSYCHOLOGY","","1618-3169","10.1027/1618-3169/a000605","","Research has shown that people automatically imitate others and that this tendency is stronger when the other person is a human compared with a nonhuman agent. However, a controversial question is whether automatic imitation is also modulated by whether people believe the other person is a human. Although early research supported this hypothesis, not all studies reached the same conclusion and a recent meta-analysis found that there is currently neither evidence in favor nor against an influence of animacy beliefs on automatic imitation. One of the most prominent studies supporting such an influence is the study by Liepelt and Brass (2010), who found that automatic imitation was stronger when participants believed an ambiguous, gloved hand to be human, as opposed to wooden. In this registered report, we provide a high-powered replication of this study (N = 199). In contrast to Liepelt and Brass (2010), we did not find an effect of animacy beliefs on automatic imitation. However, we did find a correlation between automatic imitation and perceived self-other similarity. Together, these results suggest that the gloved hand procedure does not reliably influence automatic imitation, but interindividual differences in perceived similarity do.","2023-11","2026-03-24 19:34:03","2026-03-24 19:34:03","","355-365","","6","70","","","","","","","","","","English","","","","","","","Place: 361 NEWBURY ST, 5 FL, BOSTON, MA, UNITED STATES Publisher: HOGREFE PUBLISHING CORP Type: Article","","","","animacy; automatic imitation; beliefs; replication","","","","","","","","","","","","","","","","","","","","","","","","","","","","","","","","","","","","","","","","","","","","","","",""
"CWMFGI8G","journalArticle","2025","Gligoric, Vukasin; van Kleef, Gerben A.; Rutjens, Bastiaan T.","Political ideology and trust in scientists in the USA","NATURE HUMAN BEHAVIOUR","","2397-3374","10.1038/s41562-025-02147-z","","Trust in scientists is a key predictor of compliance with science-based solutions to societal challenges. Although liberals in the USA generally trust scientists more than conservatives do, it is not clear how these ideological differences vary across different scientific occupations and whether they can be mitigated. Here, in this Registered Report (including 7,800 US participants), we demonstrate that, even though the strength of the relationship between political ideology and trust varies across scientific occupations, liberals (compared with conservatives) show higher trust in most scientists. Moreover, following motivational accounts of scientist distrust, the study tested five theoretically grounded intervention strategies to improve conservatives' trust in scientists. None of the interventions were successful, suggesting that trust in scientists reflects relatively stable attitudes that require more elaborate and time-intensive interventions.","2025-07","2026-03-24 19:34:03","2026-03-24 19:34:03","","","","7","9","","","","","","","","","","English","","","","","","","Place: HEIDELBERGER PLATZ 3, BERLIN, 14197, GERMANY Publisher: NATURE PORTFOLIO Type: Article","","","","","","","","","","","","","","","","","","","","","","","","","","","","","","","","","","","","","","","","","","","","","","","","","","",""
"7U2KB8VB","journalArticle","2024","Bo, Simen; Sjastad, Hallgeir","Revisiting the moral forecasting error - A preregistered replication and extension of “Are we more moral than we think?”","JOURNAL OF EXPERIMENTAL SOCIAL PSYCHOLOGY","","0022-1031","10.1016/j.jesp.2024.104662","","Predictions are often inaccurate. Still, the direction of prediction errors may vary. Contrary to research on the intention-behavior gap, where people fail to live up to their ambitions, a study on “moral forecasting” found that people behaved more honestly than they predicted. In this registered report, we present two close replication attempts and one conceptual replication attempt of this moral forecasting error across two experiments. In Experiment 1 (N = 1839), we recruited a general population sample from the same country as the original study (Canada) to an online experiment. We successfully replicated the moral forecasting error using a math-based cheating task from the original study: Predicted cheating was much higher in a moral forecasting condition than actual cheating in a moral action condition (d = 0.69). In Experiment 2 (N = 1381) we replicated the forecasting error again, using the same task in a general population sample from the U.S. (d = 0.72). However, we were unable to conceptually replicate the effect using a different dishonesty measure, the “mind game”, in Experiment 1 (phi = 0.03). We also could not reduce the forecasting error through a debiasing intervention in Experiment 2 (d = 0.01). Across both experiments, participants predicted that others would cheat much more than they would themselves. In this registered report, we conclude that the moral forecasting error is robust for the original cheating task. We also show that it can generalize contextually (from a lab to an online setting), but not to a different task. Future research may show exactly when predictions about one's own honesty are pessimistic rather than optimistic.","2024-11","2026-03-24 19:34:03","2026-03-24 19:34:03","","","","","115","","","","","","","","","","English","","","","","","","Place: 525 B ST, STE 1900, SAN DIEGO, CA 92101-4495 USA Publisher: ACADEMIC PRESS INC ELSEVIER SCIENCE Type: Article","","","","Decision making; Forecasting; Future thinking; Intention-behavior gap; Morality","","","","","","","","","","","","","","","","","","","","","","","","","","","","","","","","","","","","","","","","","","","","","","",""
"YIVMRZ9P","journalArticle","2025","James, Emma; Thompson, Paul A.; Bowes, Lucy; Nation, Kate","Language and Beyond: A Registered Report Examining Single and Multiple Risk Models of Later Reading Comprehension Weaknesses","DEVELOPMENTAL SCIENCE","","1363-755X","10.1111/desc.70048","","Children with poor reading comprehension tend to have oral language weaknesses, suggesting that poor language in the early years is a proximal cause of later reading comprehension difficulties. Yet, longitudinal studies have not succeeded in reliably predicting which children go on to have comprehension weaknesses (CW), and evidence comprises small sample sizes and a narrow focus on language in isolation. In this registered report, we examined early predictors of later outcomes in 879 children with CW identified at 9 years in the Avon Longitudinal Study of Parents and Children. Study 1 showed that these children had poorer language at 24 and 38 months (but not 15 months) than peers who did not go on to develop reading difficulties (n = 4516). However, preschool language ability was a poor predictor of individual outcomes, which was not improved by accounting for the language and communication environment. Study 2 used a multiple risk approach to ask whether breadth (number) or depth (severity) of risk factors predicted reading outcomes in a subsample of 125 children with CW and 561 typically developing readers. Having three or more risk factors increases the risk for later CW. Language was the most consistent predictor of group membership, but the depth of cognitive risks beyond language was associated with the severity of reading impairment. However, neither the breadth nor the depth of risks could adequately predict individual outcomes. These findings align with a multiple risk view of reading CW and highlight the challenges in early identification.Summary Children with comprehension weaknesses (CW) in mid-childhood had language weaknesses at 24 and 38 months, but prediction was poor at an individual child level. The breadth of early risk factors related to both the presence and severity of later CW, but remained poor predictors of individual outcomes. While lower levels of preschool language were a risk factor for poor comprehension, other cognitive factors were associated with the severity of difficulties. These findings highlight the challenge in identifying children at risk for comprehension difficulties, and emphasise the need to look both at language and beyond language.","2025-09","2026-03-24 19:34:03","2026-03-24 19:34:03","","","","5","28","","","","","","","","","","English","","","","","","","Place: 111 RIVER ST, HOBOKEN 07030-5774, NJ USA Publisher: WILEY Type: Article","","","","ALSPAC; early language; multiple risk; poor comprehenders; reading comprehension","","","","","","","","","","","","","","","","","","","","","","","","","","","","","","","","","","","","","","","","","","","","","","",""
"V2ZFM3GI","journalArticle","2026","Mayiwar, Lewend; Lohre, Erik; Chandrashekar, Subramanya Prasad; Haerem, Thorvald","Desire for Status Is Positively Associated With Overconfidence: A Replication and Extension of Study 5 in C. Anderson, Brion, et al. (2012)","JOURNAL OF PERSONALITY AND SOCIAL PSYCHOLOGY","","0022-3514","10.1037/pspa0000444","","Overconfidence is prevalent despite being linked to various negative outcomes for individuals, organizations, and even societies. To explain this puzzling phenomenon, C. Anderson, Brion, et al. (2012) proposed a status-enhancement theory of overconfidence: Expressing overconfidence helps individuals attain social status. In this registered report, we conducted a direct replication of Study 5 by C. Anderson, Brion, et al. (2012), who found that individual differences in desire for status were positively correlated with being overconfident about one's task performance relative to others. We also tested the generalizability of the key relationship to a different measure of desire for status. Furthermore, we complemented traditional significance testing with equivalence testing and Bayesian analysis to test a set of null hypotheses in the original study. We found support for the status-enhancement hypothesis: Desire for status had a positive association with overconfidence using both the original measure of desire for status (beta = 0.19, 95% CI [0.09, 0.28]) and the alternative measure (beta = 0.31, 95% CI [0.22, 0.39]). A follow-up extension study aimed to test this relationship causally by manipulating the social context where status motives may be stronger (a competitive vs. cooperative context) and testing whether such an effect is driven by state-level desire for status. We did not find a direct causal effect of social context on overconfidence but an indirect association via state-level desire for status: A competitive (vs. cooperative) group context increased desire for status (beta = 0.34, 95% CI [0.18, 0.51]), which in turn predicted greater overconfidence (beta = 0.38, 95% CI [0.31, 0.46]).","2026-01","2026-03-24 19:34:03","2026-03-24 19:34:03","","16-35","","1","130","","","","","","","","","","English","","","","","","","Place: 750 FIRST ST NE, WASHINGTON, DC 20002-4242 USA Publisher: AMER PSYCHOLOGICAL ASSOC Type: Article","","","","overconfidence; registered report; replication; status; status-enhancement theory","","","","","","","","","","","","","","","","","","","","","","","","","","","","","","","","","","","","","","","","","","","","","","",""
"2P8BBZSM","journalArticle","2024","Laninga-Wijnen, Lydia; Pouwels, J. Loes; Giletta, Matteo; Salmivalli, Christina","Feeling better now? Being defended diminishes daily mood problems and self-blame in victims of bullying","BRITISH JOURNAL OF EDUCATIONAL PSYCHOLOGY","","0007-0998","10.1111/bjep.12717","","BackgroundSchool bullying is a group phenomenon in which being defended by peer bystanders may buffer against the development of psychological problems in victims.AimsThis registered report examines whether being defended diminished victims' daily mood problems and self-blame, both from a within- and between-person perspective.Materials and MethodsDaily diary data were collected from n = 1669 Finnish 7th-9th grade students (M age = 14.45; 55.5% girl) across 3 weeks. In n = 1329 out of 12,366 assessments (10.7%), students indicated that schoolmates victimized them on the day of bullying.ResultsMulti-level regression analyses indicated that students reported lower depressed mood, greater positive mood and lower self-blame on days that they were victimized and defended as compared to days when they were victimized but non-defended. Effect sizes were medium for depressed mood and small for positive mood and self-blame. Repeated victims (n = 144) were less likely to blame themselves for victimization on days they were defended, which, in turn, diminished feelings of humiliation (mediation).DiscussionOur findings indicate that being defended benefits victims of bullying by mitigating mood problems, both directly and indirectly via diminished self-blame.ConclusionAnti-bullying programmes that encourage peer defending have the potential to improve victims' psychological adjustment, even on a daily basis.","2024-12","2026-03-24 19:34:03","2026-03-24 19:35:42","","1294-1322","","4","94","","","","","","","","","","English","","","","","","","Place: 111 RIVER ST, HOBOKEN 07030-5774, NJ USA Publisher: WILEY Type: Article","","C:\Users\moin\Zotero\storage\KHEHGKWF\Laninga‐Wijnen et al. - 2024 - Feeling better now Being defended diminishes daily mood problems and self‐blame in victims of bully.pdf","","being defended; bullying; bystanders; daily mood; self-blame; victimization","","","","","","","","","","","","","","","","","","","","","","","","","","","","","","","","","","","","","","","","","","","","","","",""
"GMAP6LC2","journalArticle","2024","Kraft, Livia; Zimmermann, Johannes; Schmukle, Stefan C.; Czarna, Anna Z.; Sekerdej, Maciej; Dufner, Michael","Who Gets the Credit for Success and the Blame for Failure? On the Links Between Narcissism and Self- and Group-Serving Biases","EUROPEAN JOURNAL OF PERSONALITY","","0890-2070","10.1177/08902070231199366","","People often attribute success to themselves and failure to others. Past research indicates that this tendency toward self-serving attributions is pronounced among individuals high in trait narcissism. The aim of this registered report was to re-visit the link between narcissism and self-serving attributions by studying attributions in a group context and by distinguishing between two major dimensions of grandiose narcissism, admiration, and rivalry. We conducted a group study, (N = 422 participants nested in 54 groups), in which participants of each group were randomly assigned to one of two teams which then engaged in an intergroup competition. In line with our hypotheses, admiration predicted the tendency to take personal credit for success. Contrary to our hypotheses, rivalry did not uniquely predict the tendency to blame others for failure. Instead, admiration uniquely predicted the tendency to attribute negative team outcomes to unfairness of the competing outgroup. Explorative analyses further revealed that both admiration and rivalry were associated with the tendency to attribute negative, rather than positive, team outcomes to chance. Taken together, the findings indicate that narcissism goes along with an increased propensity for self-serving attributions in competitive intergroup settings and that this tendency is mainly driven by the admiration dimension.","2024-05","2026-03-24 19:34:03","2026-03-24 19:34:03","","476-493","","3","38","","","","","","","","","","English","","","","","","","Place: 1 OLIVERS YARD, 55 CITY ROAD, LONDON EC1Y 1SP, ENGLAND Publisher: SAGE PUBLICATIONS LTD Type: Article","","","","admiration and rivalry concept; attribution; groups; narcissism","","","","","","","","","","","","","","","","","","","","","","","","","","","","","","","","","","","","","","","","","","","","","","",""
"T5WWM3SG","journalArticle","2026","Zhao, Chenxiao; Noordewier, Marret K.; van Elk, Michiel","Effects of awe on self-transcendence: A registered report study☆","JOURNAL OF EXPERIMENTAL SOCIAL PSYCHOLOGY","","0022-1031","10.1016/j.jesp.2025.104839","","Awe is typically elicited in response to perceptually vast stimuli and is often characterized by a reduced focus on the self and feeling small and insignificant. One key effect of awe is that it induces “self-transcendent experiences” (STEs), which involve two components: connectedness and self-loss. It is, however, not clear yet what determines whether the connectedness or self-loss component of STEs is most likely to occur in response to awe. Recently, awe has been classified into positive-awe and threatening-awe-depending on the type of elicitor, and we suggest that these different types of awe determine the relative strength of connectedness or self-loss. The current registered report presents two studies that investigated the effects of positive-awe and threatening-awe on connectedness and self-loss by inducing awe via (1) asking participants to recall and write about “positiveawe” or “threatening-awe” experiences (Experiment 1) and (2) presenting participants with a positive-awe or a threatening-awe inducing video (Experiment 2), with a neutral state as control condition in both experiments. We found that positive-awe resulted in stronger connectedness than threatening-awe, and both types of awe resulted in stronger connectedness compared to the neutral condition. In addition, we found that both types of awe resulted in stronger self-loss than the neutral condition. However, using a novel scale to distinguish between positive and negative self-loss, we did not find differences between positive-awe and threatening-awe on both positive and negative self-loss. The proposed studies lead to a better understanding of positive- and threateningawe and their relation to self-transcendent experiences.","2026-01","2026-03-24 19:34:03","2026-03-24 19:34:03","","","","","122","","","","","","","","","","English","","","","","","","Place: 525 B ST, STE 1900, SAN DIEGO, CA 92101-4495 USA Publisher: ACADEMIC PRESS INC ELSEVIER SCIENCE Type: Article","","","","Connectedness; Positive-awe; Self-loss; Self-transcendence; Threatening-awe","","","","","","","","","","","","","","","","","","","","","","","","","","","","","","","","","","","","","","","","","","","","","","",""
"LAPUX73L","journalArticle","2025","Juncu, Stefana; Fitzgerald, Ryan J.; Blank, Hartmut; Ost, James","Contextual effects on prospective person memory","QUARTERLY JOURNAL OF EXPERIMENTAL PSYCHOLOGY","","1747-0218","10.1177/17470218251323820","","To assist with missing person investigations, the public may be on the lookout during their everyday activities and alert the authorities if the person is encountered. In this Registered Report, participants encoded posters that included an image of a target person along with relevant, irrelevant, or no contextual information about that person. After viewing a poster, participants watched a video that included either the target or a plausible nontarget, using a new experimental paradigm that kept all other conditions of the encounter constant. Previous findings suggest contextual information could affect prospective person memory in several ways. If contextual cues are relevant, they could direct attention to targets and plausible nontargets without improving face recognition and hence have no effect on discriminability (sighting bias hypothesis). Alternatively, any contextual information at encoding (relevant or irrelevant) could encourage deeper processing of each target's identity and improve sighting discriminability (elaborative encoding hypothesis). A third possibility is that associating a target with relevant contextual information improves both face recognition and attention, resulting in greater sighting discrimination compared with irrelevant or no contextual information (context matching hypothesis). We tested 396 participants and found that associating target faces with contextual information had no significant effect on discriminating between targets and plausible nontargets. The context manipulation also had no significant effect on response bias. Our findings suggest that the previously reported recognition advantage might depend on the kind of contextual information at encoding, on how targets are encountered during testing, as well as on the type of recognition task.","2025-10","2026-03-24 19:34:03","2026-03-24 19:34:03","","2052-2064","","10","78","","","","","","","","","","English","","","","","","","Place: 1 OLIVERS YARD, 55 CITY ROAD, LONDON EC1Y 1SP, ENGLAND Publisher: SAGE PUBLICATIONS LTD Type: Article","","","","contextual effects; discriminability; Prospective person memory; response bias","","","","","","","","","","","","","","","","","","","","","","","","","","","","","","","","","","","","","","","","","","","","","","",""
"TVFX92SD","journalArticle","2024","Lohre, Erik; Chandrashekar, Subramanya Prasad; Mayiwar, Lewend; Haerem, Thorvald","Uncertainty, expertise, and persuasion: A replication and extension of Karmarkar and Tormala (2010)","JOURNAL OF EXPERIMENTAL SOCIAL PSYCHOLOGY","","0022-1031","10.1016/j.jesp.2024.104619","","If you are trying to persuade someone, expressing your opinion with certainty intuitively seems like a good strategy to maximize your influence. However, Karmarkar and Tormala (2010) found that the effectiveness of this tactic depends on expertise. In three experiments, Karmarkar and Tormala found support for an incongruity hypothesis, whereby non-expert sources can gain interest and influence by expressing certainty, while expert sources can increase persuasion by expressing uncertainty. In this Registered Report, we conducted a highpowered (N N = 1018) direct replication of Experiment 2 by Karmarkar and Tormala (2010). In a consumer behaviour context, the original study examined whether source expertise moderated the positive effect of source certainty on the persuasive impact of a restaurant recommendation. The present replication failed to find support for the incongruity hypothesis, eta p 2 = 0.00 [0.00, 0.02]: expressing certainty had a positive but non-significant effect for non-experts, d = 0.10 [-0.10, 0.34], and a positive effect for experts, d = 0.28 [0.03, 0.52]. Instead, the results supported the competing confidence heuristic hypothesis that expressed certainty would have a positive effect on persuasion, irrespective of source expertise, d = 0.18 [0.01, 0.36]. Extending the original work, we (1) controlled for the reason given for (un)certainty, and (2) examined need for closure as a potential individual difference moderator. The results indicated robust support for the confidence heuristic d = 0.25, [0.12, 0.37], but neither reason for (un)certainty nor need for closure moderated the effect as hypothesized. All materials, data, and code are available on: https://osf.io/hbjyv/.","2024-07","2026-03-24 19:34:03","2026-03-24 19:34:03","","","","","113","","","","","","","","","","English","","","","","","","Place: 525 B ST, STE 1900, SAN DIEGO, CA 92101-4495 USA Publisher: ACADEMIC PRESS INC ELSEVIER SCIENCE Type: Article","","","","Attitudes; Confidence; Expertise; Registered report; Replication; Uncertainty","","","","","","","","","","","","","","","","","","","","","","","","","","","","","","","","","","","","","","","","","","","","","","",""
"IMG3AEML","journalArticle","2025","Batruch, Anatolia; Sommet, Nicolas; Autin, Frederique","Advancing the psychology of social class with large-scale replications in four countries","NATURE HUMAN BEHAVIOUR","","2397-3374","10.1038/s41562-025-02234-1","","Theoretical models have been developed to understand how social class influences individual thoughts, feelings and behaviours. However, the validity of these models is threatened by the prevailing use of small, non-diverse samples and flexible measurement practices. We preregistered replications of 35 key hypotheses from 17 correlational and 5 experimental studies, and collected large, quota-based or probability samples from the USA, France, Switzerland and India (N-total = 33,536). Our analysis yielded three central findings: (1) similar to 50% of the effects were successfully replicated; (2) conclusions were consistent across different operationalizations of social class, although objective indicators yielded smaller estimates (for example, income and education); and (3) half of the effects were moderated-mostly strengthened-by social class identification, system-justification beliefs or local income inequality. Overall, hypotheses based on differences between social class contexts in terms of constraints, uncertainty and status were well supported. However, hypotheses based on models positing social class differences in psychological orientations towards `the self' versus `others and the environment' received less support. We conclude that these models need to be reassessed as individuals from higher social classes seem more oriented towards both themselves and others. The Stage 1 protocol for this Registered Report was accepted in principle on 29 October 2021. The protocol, as accepted by the journal, can be found at https://doi.org/10.17605/OSF.IO/B6Y8R.","2025-11","2026-03-24 19:34:03","2026-03-24 19:34:03","","","","11","9","","","","","","","","","","English","","","","","","","Place: HEIDELBERGER PLATZ 3, BERLIN, 14197, GERMANY Publisher: NATURE PORTFOLIO Type: Article","","","","","","","","","","","","","","","","","","","","","","","","","","","","","","","","","","","","","","","","","","","","","","","","","","",""
"7C3JCFGB","journalArticle","2025","Theodoropoulou, Andriana; Lisi, Matteo; Rolision, Jonathan; Sirota, Miroslav","The effects of communicating illness diagnostic and treatment information and C-reactive protein test results on people's antibiotic expectations","BRITISH JOURNAL OF HEALTH PSYCHOLOGY","","1359-107X","10.1111/bjhp.70020","","Objectives Patients' expectations for antibiotics are among the strongest predictors of clinicians' decisions to overprescribe antibiotics. In this registered report, we used a signal detection theory framework to investigate the experimental effects of the communication interventions that family physicians can use to reduce patients' diagnostic uncertainty, and consequently, their antibiotic expectations.Methods UK participants (N = 769) read hypothetical consultations for respiratory tract infections and were randomly assigned to one of three conditions: standard information (control), recommended information about the nature of the illness and antibiotic efficacy (recommended communication) or recommended information accompanied by point-of-care test results (recommended communication and CRP). Using a multilevel Bayesian probit regression, we estimated both decision bias (criterion) and sensitivity (d-prime).Results Aligned with our bias hypotheses, participants displayed a more liberal antibiotic bias in the control condition compared to both the recommended communication (Delta c = -1.34, 95% CI [-1.57, -1.11]) and the recommended communication and CRP (Delta c = -1.73, 95% CI [-1.99, -1.48]) conditions. They also showed greater liberal bias in the recommended communication condition compared to the recommended communication and CRP condition (Delta c = -0.39, 95% CI [-0.65, 0.13]). Aligned with our sensitivity hypotheses, participants displayed significantly higher sensitivity in both the recommended communication (Delta d' = 2.34, 95% CI [1.92, 2.79]) and the recommended communication and CRP (Delta d' = 2.49, 95% CI [2.08, 2.95]) conditions compared to control.Conclusions Simple, evidence-based communication strategies-particularly when combined with diagnostic test results-can reduce antibiotic expectations, offering practical tools for clinicians to support appropriate prescribing.","2025-09","2026-03-24 19:34:03","2026-03-24 19:34:03","","","","3","30","","","","","","","","","","English","","","","","","","Place: 111 RIVER ST, HOBOKEN 07030-5774, NJ USA Publisher: WILEY Type: Article","","","","antibiotic expectations; communication strategies; diagnostic uncertainty; point-of-care tests; respiratory tract infections; signal detection theory","","","","","","","","","","","","","","","","","","","","","","","","","","","","","","","","","","","","","","","","","","","","","","",""
"B7P75DUJ","journalArticle","2026","Raza, Sumaiyah; Schomaker, Judith; Quent, Jorn Alexander; Anderson, Michael C.; Henson, Richard N.","Proactive and retroactive effects of novelty and rest on memory","QUARTERLY JOURNAL OF EXPERIMENTAL PSYCHOLOGY","","1747-0218","10.1177/17470218251346156","","Novel experiences appear to benefit memory for unrelated information encoded shortly before or after. Other research suggests that memory is impaired by effortful tasks following encoding, compared to simply resting. This registered report explicitly tested the proactive and retroactive effects of novel exploration and wakeful rest. Four groups of participants explored a novel or familiarised virtual environment, either shortly before or shortly after encoding a list of unrelated words. A fifth `wakeful rest' group performed a low-effort attention task before and after encoding. Memory was tested with immediate free recall, delayed (next day) free recall and delayed recognition with confidence judgements (from which recollection and familiarity were estimated). Bayes factors provided evidence against both proactive and retroactive benefits of novelty across all measures of memory, but provided evidence for a retroactive benefit of rest for immediate recall. In exploratory analysis, we also found evidence for a proactive benefit of rest on immediate recall. We argue that the bidirectional benefits of wakeful rest are more easily explained by Temporal Distinctiveness theory than Consolidation theory. Overall, wakeful rest surrounding learning may represent a useful intervention for improving memory, while novel exploration may not.","2026-02","2026-03-24 19:34:03","2026-03-24 19:34:03","","267-284","","2","79","","","","","","","","","","English","","","","","","","Place: 1 OLIVERS YARD, 55 CITY ROAD, LONDON EC1Y 1SP, ENGLAND Publisher: SAGE PUBLICATIONS LTD Type: Article","","","","Behavioural Tagging; Consolidation; Memory; Novelty; Temporal Distinctiveness; Wakeful Rest","","","","","","","","","","","","","","","","","","","","","","","","","","","","","","","","","","","","","","","","","","","","","","",""
"WBVZ67VS","journalArticle","2025","Weinerova, Josefina; Yeung, Sabine; Guo, Panyuan; Yau, Alice; Horne, Connor; Ghinn, Molly; Curtis, Lyn; Adlard, Francess; Bhagat, Vidita; Zhang, Seraphina; Kaser, Muzaffer; Bozic, Mirjana; Schluppeck, Denis; Reid, Andrew; Tibon, Roni; Cheke, Lucy","Changes in memory function in adults following SARS-CoV-2 infection: Findings from the Covid and Cognition online study","CORTEX","","0010-9452","10.1016/j.cortex.2025.05.019","","SARS-CoV-2, the virus responsible for the Covid-19 pandemic, has been shown to have an impact on cognitive function, but the specific aspects of cognition that are affected remain unclear. In this Registered Report, we analysed cognitive data collected online from 296 participants (209 who had experienced Covid-19 infection and 87 who did not). We have found previously reported effect of Covid status on accuracy in 2 long-term memory tasks (verbal item memory task and nonverbal associative memory task), but did not replicate previously reported effect on reaction times. Further, across 4 long-term memory tasks, we found consistent effect of Covid status on memory accuracy but not reaction times. Contrary to our predictions, we did not find an interaction with memory type (associative versus item) or stimulus type (verbal versus nonverbal). Moreover, we compared cognitive functioning amongst vaccinated and unvaccinated individuals to explore the role of vaccination status in cognitive symptoms associated with Covid-19. Using Bayesian analysis, we did not find conclusive evidence for either the null or alternative hypothesis. Overall, the study replicates and extends previously reported findings, thereby providing valuable insights into the effects of SARS-CoV-2 infection on cognitive functions. (c) 2025 The Author(s). Published by Elsevier Ltd. This is an open access article under the CC BY-NC license (http://creativecommons.org/licenses/by-nc/4.0/).","2025-08","2026-03-24 19:34:03","2026-03-24 19:34:03","","205-225","","","189","","","","","","","","","","English","","","","","","","Place: 65 CAMILLE DESMOULINS CS50083 ISSY-LES-MOULINEAUX, 92442 PARIS, FRANCE Publisher: ELSEVIER MASSON, CORP OFF Type: Article","","","","Associative memory; Cognition; Covid-19; Item memory; Long Covid; Long-term memory; SARS-CoV-2; Vaccination","","","","","","","","","","","","","","","","","","","","","","","","","","","","","","","","","","","","","","","","","","","","","","",""
"TASIGNHQ","journalArticle","2023","Szaszi, Barnabas; Palfi, Bence; Neszveda, Gabor; Taka, Aikaterini; Szecsi, Peter; Blattman, Christopher; Jamison, Julian C.; Sheridan, Margaret","Does alleviating poverty increase cognitive performance? Short- and long-term evidence from a randomized controlled trial","CORTEX","","0010-9452","10.1016/j.cortex.2023.07.009","","In this Registered Report, we investigated the impact of a cash transfer based poverty alleviation program on cognitive performance. We analyzed data from a randomized controlled trial conducted on low-income, high-risk individuals in Liberia where a random half of the participants (n = 251) received a $200 lump-sum unconditional cash transfer equivalent approximately to 300% of their monthly income while the other half (n = 222) did not. We tested both the short-term (2-5 weeks) and the long-term (12-13 months) impact of the treatment via several executive function measures. The observed effect sizes of cash transfers on cognitive performance (b = .13 for the short-and b = .08 for the longterm) were roughly three and four times smaller than suggested by prior non-randomized research. Bayesian analyses revealed that the overall evidence supporting the existence of these effects is inconclusive. A multiverse analysis showed that neither alternative analytical specifications nor alternative processing of the dataset changed the results consistently. However cognitive performance varied between the executive function measures, suggesting that cash transfers may affect the subcomponents of executive function differently.(c) 2023 Elsevier Ltd. All rights reserved.","2023-12","2026-03-24 19:34:03","2026-03-24 19:34:03","","81-94","","","169","","","","","","","","","","English","","","","","","","Place: 65 CAMILLE DESMOULINS CS50083 ISSY-LES-MOULINEAUX, 92442 PARIS, FRANCE Publisher: ELSEVIER MASSON, CORP OFF Type: Article","","","","Cognitive functioning; Scarcity; Unconditional cash transfer","","","","","","","","","","","","","","","","","","","","","","","","","","","","","","","","","","","","","","","","","","","","","","",""
"QSFVAYII","journalArticle","2024","Connolly, Filip Fors; Garling, Tommy","What distinguishes life satisfaction from emotional wellbeing?","FRONTIERS IN PSYCHOLOGY","","1664-1078","10.3389/fpsyg.2024.1434373","","The aim of this registered report is to investigate how the core components of subjective wellbeing, Life Satisfaction (LS) and Emotional Wellbeing (EWB), differ with respect to their relationship to antecedent factors. Seven factors are proposed that have been found in previous research to antecede LS and EWB. Social Comparisons, Meaningfulness, Economic/Social Resources, and Opportunities are hypothesized to correlate more closely with LS than EWB, while Time Use, Hassles/Uplifts, and Neuroticism are hypothesized to correlate more strongly with EWB than LS. A combined online and paper-and-pencil survey was administered to a representative sample of 974 Swedish citizens aged 15 years or older. LS and EWB were measured by self-report methods that have been developed and used in previous research. Index measures were constructed from self-reports of each antecedent factor by means of ratings on two scales developed in this study. Multivariate regression and relative weight analyses confirmed two of the hypotheses in showing that Economic/Social Resources and Opportunities were significantly more strongly related with LS than EWB. Of those hypothesized to correlate more strongly with EWB than LS, support was obtained for Neuroticism. Social Comparisons, Meaningfulness, Time Use, and Hassles/Uplifts did not have different relationships with LS and EWB. The results confirm that to some extent antecedent factors are differentially associated with LS and EWB, thus contributing to a better understanding of the antecedents of the cognitive and affective components of subjective wellbeing. Future research should further explore the mechanisms underlying these different relationships as well as moderators and mediators of the relationships.","2024-09-27","2026-03-24 19:34:03","2026-03-24 19:34:03","","","","","15","","","","","","","","","","English","","","","","","","Place: AVENUE DU TRIBUNAL FEDERAL 34, LAUSANNE, CH-1015, SWITZERLAND Publisher: FRONTIERS MEDIA SA Type: Article","","","","antecedent factors; emotional wellbeing; life satisfaction; subjective well-being; survey; Swedish citizens","","","","","","","","","","","","","","","","","","","","","","","","","","","","","","","","","","","","","","","","","","","","","","",""
"LT6TNM7X","journalArticle","2025","Creaven, Ann-Marie; O'Donoghue, Fay M.; Morrissey, Eimear C.; O'Donnell, Aisling T.; Griffin, Tomas P.","Diabetes technology use in young adults living with type 1 diabetes in Ireland: A qualitative interview study","BRITISH JOURNAL OF HEALTH PSYCHOLOGY","","1359-107X","10.1111/bjhp.12803","","Background The challenges of living with and managing type 1 diabetes during youth and emerging adulthood are well documented. The management burden may be alleviated in part using diabetes technologies including continuous glucose monitoring and hybrid closed-loop insulin pumps. However, young people's experiences of diabetes technology during this life stage are not well understood. This study aims to address that gap.Methods This study will recruit 30-40 young people living with T1D, aged 16-21 years, from paediatric, transition and adult T1D clinics. Semi-structured qualitative interviews will be conducted. The data will be analysed using framework analysis.Results TBC (registered report format).","2025-05","2026-03-24 19:34:03","2026-03-24 19:34:03","","","","2","30","","","","","","","","","","English","","","","","","","Place: 111 RIVER ST, HOBOKEN 07030-5774, NJ USA Publisher: WILEY Type: Article","","","","adolescence; framework analysis; qualitative; technology; transition; type 1 diabetes","","","","","","","","","","","","","","","","","","","","","","","","","","","","","","","","","","","","","","","","","","","","","","",""
"QGM5AJMW","journalArticle","2025","Leganes-Fonteneau, Mateo; Theis, Annelise; Dolfini, Irene; Wiers, Reinout W.; Maurage, Pierre; Rae, Charlotte L.","Cardiac signals and the interference of reward on attention and inhibitory control","CORTEX","","0010-9452","10.1016/j.cortex.2025.06.013","","Interoceptive responses can modulate cognition and behavior; discrete cardiac signals can shape emotional and motivational adaptation towards reward-related cues, but also affect response inhibition. Novel addiction perspectives posit an interoceptive basis for the interplay between substance-related reward processing and inhibitory control, but there is a lack of behavioral evidence for this relationship. In this registered report, we investigated whether reward cues modulate cardiac-facilitated attention and motor inhibition. Fifty social drinkers completed an attentional visual search task and two instances of a stop signal task, in which alcohol or neutral stimuli were presented as targets or distractors. Stimuli were presented in synchrony with participants' cardiac phase (systole vs. diastole). This design allowed us to test whether cardiac signals amplify attentional biases in the presence of alcohol cues and influences inhibitory control. Overall, our results were predominantly null: alcohol cues did not produce significant attentional interference in any task, limiting conclusions about interoceptive modulation of cognitive abilities by cardiac phase. However, we replicated a previous finding that synchronizing stop signals at systole improved motor inhibition. This provides strong evidence that cardiac phase can facilitate inhibitory processes in the stop signal task. Although more sensitive paradigms are needed to clarify how cardiac rhythms interact with alcohol cues to influence attention and inhibition, our replication of systolic facilitation highlights the promise of cardiac cycle-based approaches in interoception research. Future studies may benefit from refining task design and considering craving states to more effectively capture the potential interoceptive influences on attention and inhibitory control. (c) 2025 The Authors. Published by Elsevier Ltd. This is an open access article under the CC BY license (http://creativecommons.org/licenses/by/4.0/).","2025-09","2026-03-24 19:34:03","2026-03-24 19:34:03","","","","","190","","","","","","","","","","English","","","","","","","Place: 65 CAMILLE DESMOULINS CS50083 ISSY-LES-MOULINEAUX, 92442 PARIS, FRANCE Publisher: ELSEVIER MASSON, CORP OFF Type: Article","","","","Alcohol; Attentional bias; Cardiac synchrony; Inhibitory control; Interoception; Registered report; Stop signal task","","","","","","","","","","","","","","","","","","","","","","","","","","","","","","","","","","","","","","","","","","","","","","",""
"4DQVBXHF","journalArticle","2025","Crompton, Catherine J.; Foster, Sarah J.; Wilks, Charlotte E. H.; Dodd, Michelle; Efthimiou, Themis N.; Ropar, Danielle; Sasson, Noah J.; Lages, Martin; Fletcher-Watson, Sue","Information transfer within and between autistic and non-autistic people","NATURE HUMAN BEHAVIOUR","","2397-3374","10.1038/s41562-025-02163-z","","Autism is clinically defined by social communication deficits, suggesting that autistic people may be less effective at sharing information, particularly with one another. However, recent research indicates that neurotype mismatches, rather than autism itself, degrade information sharing. Here, using the diffusion chain method, we examined information transfer in autistic, non-autistic and mixed-neurotype chains (N = 311), replicating and extending a key study. We hypothesized that information transfer would deteriorate faster and rapport would be lower in mixed-neurotype compared with single-neurotype chains. Additionally, we examined whether informing participants of the diagnostic status of their chain and whether information was fictional or factual impacted performance and rapport. We found no difference in information transfer between single-neurotype and mixed-neurotype chains. Non-autistic chains indicated higher rapport, and disclosing diagnosis improved rapport. This result challenges assumptions about autistic communication deficits but contrasts with prior findings. Enhanced participant heterogeneity and methodological differences may explain these unexpected results. Protocol registration The Stage 1 protocol for this Registered Report was accepted in principle on 23 August 2022. The protocol, as accepted by the journal, can be found at https://osf.io/us9c7/.","2025-07","2026-03-24 19:34:03","2026-03-24 19:34:03","","","","7","9","","","","","","","","","","English","","","","","","","Place: HEIDELBERGER PLATZ 3, BERLIN, 14197, GERMANY Publisher: NATURE PORTFOLIO Type: Article","","","","","","","","","","","","","","","","","","","","","","","","","","","","","","","","","","","","","","","","","","","","","","","","","","",""
"INF7P6NL","journalArticle","2023","Pownall, Madeleine; Pennington, Charlotte R.; Norris, Emma; Juanchich, Marie; Smailes, David; Russell, Sophie; Gooch, Debbie; Evans, Thomas Rhys; Persson, Sofia; Mak, Matthew H. C.; Tzavella, Loukia; Monk, Rebecca; Gough, Thomas; Benwell, Christopher S. Y.; Elsherif, Mahmoud; Farran, Emily; Gallagher-Mitchell, Thomas; Kendrick, Luke T.; Bahnmueller, Julia; Nordmann, Emily; Zaneva, Mirela; Gilligan-Lee, Katie; Bazhydai, Marina; Jones, Andrew; Sedgmond, Jemma; Holzleitner, Iris; Reynolds, James; Moss, Jo; Farrelly, Daniel; Parker, Adam J.; Clark, Kait","Evaluating the Pedagogical Effectiveness of Study Preregistration in the Undergraduate Dissertation","ADVANCES IN METHODS AND PRACTICES IN PSYCHOLOGICAL SCIENCE","","2515-2459","10.1177/25152459231202724","","Research shows that questionable research practices (QRPs) are present in undergraduate final-year dissertation projects. One entry-level Open Science practice proposed to mitigate QRPs is “study preregistration,” through which researchers outline their research questions, design, method, and analysis plans before data collection and/or analysis. In this study, we aimed to empirically test the effectiveness of preregistration as a pedagogic tool in undergraduate dissertations using a quasi-experimental design. A total of 89 UK psychology students were recruited, including students who preregistered their empirical quantitative dissertation (n = 52; experimental group) and students who did not (n = 37; control group). Attitudes toward statistics, acceptance of QRPs, and perceived understanding of Open Science were measured both before and after dissertation completion. Exploratory measures included capability, opportunity, and motivation to engage with preregistration, measured at Time 1 only. This study was conducted as a Registered Report; Stage 1 protocol: https://osf.io/9hjbw (date of in-principle acceptance: September 21, 2021). Study preregistration did not significantly affect attitudes toward statistics or acceptance of QRPs. However, students who preregistered reported greater perceived understanding of Open Science concepts from Time 1 to Time 2 compared with students who did not preregister. Exploratory analyses indicated that students who preregistered reported significantly greater capability, opportunity, and motivation to preregister. Qualitative responses revealed that preregistration was perceived to improve clarity and organization of the dissertation, prevent QRPs, and promote rigor. Disadvantages and barriers included time, perceived rigidity, and need for training. These results contribute to discussions surrounding embedding Open Science principles into research training.","2023-10","2026-03-24 19:34:03","2026-03-24 19:34:03","","","","4","6","","","","","","","","","","English","","","","","","","Place: 2455 ℡LER RD, THOUSAND OAKS, CA 91320 USA Publisher: SAGE PUBLICATIONS INC Type: Article","","","","dissertations; Open Science; preregistration; reproducibility; research training; undergraduate training","","","","","","","","","","","","","","","","","","","","","","","","","","","","","","","","","","","","","","","","","","","","","","",""
"J23CHR6K","journalArticle","2023","Bogdanov, Boris; Corbin, Jonathan; Dobreva, Sabina; Mcelroy, Todd; Rachev, Nikolay R.","Working memory capacity and the risky-choice framing effect: A preregistered replication and extension of Corbin et al. (2010)","JUDGMENT AND DECISION MAKING","","1930-2975","10.1017/jdm.2023.40","","While working memory capacity is associated with superior performance on a number of tasks, could it paradoxically sometimes be associated with suboptimal performance? Corbin et al. (2010, Judgment and Decision Making 5(2), 110-115) found that, in a between-subjects design, higher WMC is associated with a larger risky-choice framing effect, traditionally conceived of as a departure from rational principles. Such surprising findings are of potentially great theoretical importance; yet the original study was underpowered. In this registered report, we aimed to replicate and extend the original findings, by conducting an online experiment among 425 North Americans. To extend the findings beyond the specific single tasks used in the original study, we used three WMC tasks with different processing components and six framing problems involving human lives. In a close replication, the frame significantly interacted with neither the Ospan short absolute score nor the Ospan short partial score in predicting ratings on the disease-framing problem. Similarly, in an extended replication, a composite WMC score did not significantly interact with the frame in predicting ratings on three framing problems involving human lives. The Bayes factors showed that the data were 3 to 10 times more likely under the null hypothesis of no interaction between WMC and frame. Taken together, these findings show an absence of association between the between-subjects risky-choice framing effect and WMC. This outcome is compatible with four out of the six theoretical accounts we considered, and is uniquely predicted by the default-interventionist dual-process account and the pragmatic inference account. Further research can more rigorously pit conflicting predictions of these accounts against each other.","2023-11-24","2026-03-24 19:34:03","2026-03-24 19:34:03","","","","","18","","","","","","","","","","English","","","","","","","Place: EDINBURGH BLDG, SHAFTESBURY RD, CB2 8RU CAMBRIDGE, ENGLAND Publisher: CAMBRIDGE UNIV PRESS Type: Article","","","","dual-process theories; fuzzy-trace theory; pragmatic inference account; replication; risky-choice framing; working memory capacity","","","","","","","","","","","","","","","","","","","","","","","","","","","","","","","","","","","","","","","","","","","","","","",""
"5AV2EIYD","journalArticle","2025","Fessinger, Melanie B.; Mcauliff, Bradley D.; Perillo, Anthony D.","The State of Open Science in the Field of Psychology and Law","LAW AND HUMAN BEHAVIOR","","0147-7307","10.1037/lhb0000592","","Objective: We conducted a survey to catalog the state of open science in the field of psychology and law. We addressed four major questions: (a) How do psycholegal researchers define open science? (b) How do psycholegal researchers perceive open science? (c) How often do psycholegal researchers use various open science practices? and (d) What barriers, if any, do psycholegal researchers face or expect to face when implementing open science practices? Hypotheses: We did not make specific hypotheses given the exploratory and descriptive nature of the study. Method: We surveyed 740 psychology and law researchers (45% faculty, 64% doctoral degree, 66% women, and 85% White/non-Hispanic) about their perceptions of and experiences with open science using a mixed-methods design. They defined open science in their own words, described their opinion of the movement, indicated their experiences with any open science practices in their own work (i.e., preregistration, registered reports, open materials, open data, preprints, open access, and open peer review), and identified any barriers or concerns they faced in implementing open science practices. Results: A majority of respondents had wholly positive (60%) or mostly positive (28%) perceptions of open science. Most respondents (58%) had participated in at least one open science practice; however, fewer than half (44%) had an account on the Open Science Framework or similar repository. The most common barriers mentioned about implementing open science practices were concerns about specific practices (42%), lacking knowledge (24%), and requiring more time, effort, or resources (16%). Conclusions: Like those in other disciplines, psychology and law researchers hold generally positive perceptions of open science that do not completely align with their reported use of specific practices. Overcoming perceived barriers to open science will require education, resources, open discourse, and collaborative problem solving.","2025-02","2026-03-24 19:34:04","2026-03-24 19:34:04","","54-70","","1","49","","","","","","","","","","English","","","","","","","Place: 750 FIRST ST, NE, WASHINGTON, DC 20002-4242 USA Publisher: EDUCATIONAL PUBLISHING FOUNDATION-AMERICAN PSYCHOLOGICAL ASSOC Type: Article","","","","legal psychology; mixed methods; open science; replication crisis","","","","","","","","","","","","","","","","","","","","","","","","","","","","","","","","","","","","","","","","","","","","","","",""
"7P62HETG","journalArticle","2025","Schroeders, Ulrich; Gnambs, Timo","Sample-Size Planning in Item-Response Theory: A Tutorial","ADVANCES IN METHODS AND PRACTICES IN PSYCHOLOGICAL SCIENCE","","2515-2459","10.1177/25152459251314798","","Although item-response-theory (IRT) models offer well-established psychometric advantages over traditional scoring methods, they remain underused in practice. Following a brief introduction to the IRT framework, we emphasize its major advantages and explore potential applications in various research areas. The main part of this tutorial provides a comprehensive, step-by-step guide to Monte Carlo simulation-based sample-size estimation in IRT, which is essential for obtaining precise estimates of item and person parameters, structural effects, and model fit. Accurate a priori sample-size estimation is also crucial for effective study planning, especially in preregistration and registered reports. We highlight 10 key decisions, organized into four areas: (a) determining the data-generation model, (b) defining the test design and the process of missing values, (c) selecting the IRT model and parameters of interest, and (d) setting up and running the Monte Carlo simulation. The procedure is illustrated with examples from educational, personality, and clinical psychology. An extensively annotated and easily customizable syntax is available in an online repository.","2025-01","2026-03-24 19:34:04","2026-03-24 19:34:04","","","","1","8","","","","","","","","","","English","","","","","","","Place: 2455 ℡LER RD, THOUSAND OAKS, CA 91320 USA Publisher: SAGE PUBLICATIONS INC Type: Article","","","","item-response theory; open data; open materials; reproducibility; sample-size estimation; study planning","","","","","","","","","","","","","","","","","","","","","","","","","","","","","","","","","","","","","","","","","","","","","","",""
"LIJVHUVN","journalArticle","2025","Anna, Manfredi; Giulio, Puzella; Landi, David; Iacono, Iolanda; Michilli, Jacopo; Alessandro, Gabbiadini","AI-driven digital humans for E-contact: A pre-registered study on reducing intergroup bias with generative artificial intelligence","ACTA PSYCHOLOGICA","","0001-6918","10.1016/j.actpsy.2025.105129","","The present pre-registered report explores the potential of AI-driven contact interventions by integrating generative Artificial Intelligence-based artificial humans into E-contact paradigms. Grounded in Allport's (1954) Contact Hypothesis and the Dual Identity Model (DIM; Gaertner & Dovidio, 2000), the study examines whether structured interactions with artificial humans can foster positive intergroup attitudes. Following the framework of E-contact interventions (White & Abu-Rayya, 2012), participants (N = 70 Caucasian university students) will engage in a within-between mixed-design experiment over three days. They will interact daily with an AI-powered 3D digital assistant representing either an outgroup member (Black avatar) or an ingroup member (White avatar) depending on the experimental condition, with pre-and post-intervention measures of intergroup attitudes. The structured interactions will follow the two-phase design of E-contact interventions, initially fostering personal acquaintance, then emphasizing group salience, and finally reinforcing a shared superordinate identity-a process aligned with the principles of DIM to maximize the generalization of positive intergroup attitudes. The virtual assistant will facilitate cooperative activities designed to enhance inclusivity, promote cultural exchange, and maintain subgroup distinctiveness while fostering a common identity. To ensure the effectiveness and coherence of the intervention, the scripted interactions will be pretested through a pilot study before implementation. This research offers a preliminary step toward understanding how artificial intelligence might contribute to enhancing E-contact interventions, potentially providing scalable and structured tools for fostering positive intergroup relations and supporting social integration.","2025-08","2026-03-24 19:34:04","2026-03-24 19:34:04","","","","","258","","","","","","","","","","English","","","","","","","Place: RADARWEG 29, 1043 NX AMSTERDAM, NETHERLANDS Publisher: ELSEVIER Type: Article","","","","Artificial intelligence; E -contact interventions; intergroup contact; Intergroup relations; Prejudice reduction","","","","","","","","","","","","","","","","","","","","","","","","","","","","","","","","","","","","","","","","","","","","","","",""
"797IS3X7","journalArticle","2024","Vu, Linh; Molho, Catherine; Soraperra, Ivan; Fiedler, Susann; Shalvi, Shaul","Giving (in) to help an identified person","JOURNAL OF EXPERIMENTAL SOCIAL PSYCHOLOGY","","0022-1031","10.1016/j.jesp.2023.104557","","People give more to a person in need when this person's identity is known. Such altruistic behaviors may arise from a genuine concern for the person, leading people to give. Alternatively, altruistic behavior may also arise from one's attempt to reduce the guilt of not giving, leading people to give in. Is the increased altruism towards an identified (vs. unidentified) charity recipient driven by a genuine concern for the person or by guilt? The current registered report addressed this question in two experiments (N = 3671), in which participants made allocation decisions in transparent vs. ambiguous settings with a predetermined (versus undetermined; Study 1) or an identified (versus unidentified; Study 2) child in need as the recipient. Consistent with our pre-registered hypothesis, results revealed that participants gave significantly less to undetermined/unidentified children in an ambiguous, compared with a transparent setting. However, in contrast to our predictions, predetermined/ identified children did not receive more than undetermined/unidentified children in transparent settings in which they know how their choice impacts the children. Accordingly, the predicted interaction between identification and ambiguity was not significant. Exploratory analyses revealed that participants who willingly resolve the ambiguity surrounding the impact of their choice gave more compared to those who were given transparent information by default. The results suggest that some people give in when making their donation decisions, but the tendency to give in is independent of whether the recipient is identified or not.","2024-01","2026-03-24 19:34:04","2026-03-24 19:34:04","","","","","110","","","","","","","","","","English","","","","","","","Place: 525 B ST, STE 1900, SAN DIEGO, CA 92101-4495 USA Publisher: ACADEMIC PRESS INC ELSEVIER SCIENCE Type: Article","","","","Altruistic behavior; Identified victim effect; Reluctant altruism; Willful ignorance","","","","","","","","","","","","","","","","","","","","","","","","","","","","","","","","","","","","","","","","","","","","","","",""
"2DW8JYNU","journalArticle","2023","Dwyer, Ryan J.; Zhuo, Aaron X.; Dunn, Elizabeth W.","Why do people turn to smartphones during social interactions?","JOURNAL OF EXPERIMENTAL SOCIAL PSYCHOLOGY","","0022-1031","10.1016/j.jesp.2023.104506","","Smartphones can undermine the well-being people derive from social interactions, and yet nearly 90% of smartphone owners report having used their phones in their most recent social interaction. Why do people so readily turn to their devices, if doing so makes them less happy? To investigate this question, we asked participants to spend 20 min with 2-3 unacquainted peers in a makeshift recreation room. We randomly assigned groups to either have their phones accessible or to leave them stored away, and we assessed enjoyment for each 5-min phase of the 20-min period. We predicted that phones would provide some initial benefits; but, over time they would increasingly undermine the enjoyment people would derive otherwise by connecting with others. Contrary to our hypothesis, phones failed to confer any detectable benefits. Instead, participants who had access to their phones reported worse overall subjective experience and socialized significantly less (on both self-report and objective measures) compared to those who did not have access to their phones. The findings from this registered report cast doubt on the possibility that people are making sensible-albeit myopic-choices to use their phones, suggesting that people may be acting against their own best interest when they use phones in social situations.","2023-11","2026-03-24 19:34:04","2026-03-24 19:34:04","","","","","109","","","","","","","","","","English","","","","","","","Place: 525 B ST, STE 1900, SAN DIEGO, CA 92101-4495 USA Publisher: ACADEMIC PRESS INC ELSEVIER SCIENCE Type: Article","","","","Enjoyment; Mobile phones; Social interaction; Technology; Well-being","","","","","","","","","","","","","","","","","","","","","","","","","","","","","","","","","","","","","","","","","","","","","","",""
"BASLLP9S","journalArticle","2026","Bowes, Shauna M.; Fazio, Lisa K.","Does repetition increase perceived truth equally for conspiracy and trivia statements? A registered replication report","PSYCHONOMIC BULLETIN & REVIEW","","1069-9384","10.3758/s13423-025-02836-w","","Repetition increases the perceived truth of information. This illusory truth effect is a well-documented and robust phenomenon. Although research has primarily focused on trivia statements, the effects of repetition on belief have also been identified for consequential statements such as fake news headlines. Moreover, research reveals repetition increases accuracy ratings for conspiracy statements. However, in past work, the illusory truth effect was smaller for conspiracy statements than trivia statements. This result raises the intriguing possibility that there is something unique about conspiracy statements relative to trivia statements that makes them more resistant to the effects of repetition. However, this difference in the illusory truth effect between conspiracy and trivia statements may be due to differences in baseline plausibility rather than anything specific about conspiracy statements. Overall, the conspiracy statements were seen as less plausible than the trivia statements (both true and false trivia statements) in the prior experiment. In this registered report, we examined the illusory truth effect for conspiracy and trivia statements using the same procedure as in previous research, but we matched the statements on baseline plausibility. In line with our hypothesis, the effect of repetition on perceived truth was similar for conspiracy and trivia statements when they were equally implausible (or plausible). Results from this study replicate the generality of the illusory truth effect to statements that can cause harm and suggest that the psychological effect of repetition on truth ratings is equivalent for equally implausible (or plausible) conspiracy and trivia statements.","2026-01-07","2026-03-24 19:34:04","2026-03-24 19:34:04","","","","1","33","","","","","","","","","","English","","","","","","","Place: ONE NEW YORK PLAZA, SUITE 4600, NEW YORK, NY, UNITED STATES Publisher: SPRINGER Type: Article","","","","Conspiracy belief; Conspiracy theory; Illusory truth; Repetition effects","","","","","","","","","","","","","","","","","","","","","","","","","","","","","","","","","","","","","","","","","","","","","","",""
"E3UX6IB3","journalArticle","2024","Gruber, Robert; Haefner, Michael; Kachel, Sven","Dressing up social psychology: Empirically investigating the psychological functions of clothing using the example of symbolic protection","BRITISH JOURNAL OF SOCIAL PSYCHOLOGY","","0144-6665","10.1111/bjso.12700","","Clothing behaviour remains an understudied research area within social psychology. Through the present research, we aim to anchor attire as an empirical research subject by investigating the psychological properties of one of its functionalities, namely, to provide protection. We argue that attire's undisputed role in shielding humans from environmental hazards may extend to the psychological level and protect them from the incorporeal consequences of existential threats symbolically. In this Registered Report, a mixed-methods approach links an ecologically valid field study of self-presentation in social media posts during Russia's war on Ukraine (Study 1; N = 248) with supraliminal priming of mortality salience in an online experiment (Study 2; N = 248). Across both studies, we expect that mortality concerns let people accentuate the physically protective attributes of clothing (e.g. more layers of clothing) and resort to more in-group prototypical dress styles (i.e. more gender-stereotypical). Findings show that people adjust their clothing preferences in response to existential threats, favouring in-group prototypical clothing (more gender-typical for both women and men in Study 1) and physically protective attire (higher in women and lower in men in Study 2) during high (vs. low) levels of existential threat. By positioning clothing as a research area within social psychology, our goal is to stimulate a wave of research on its profound role for humankind. Furthermore, we provide a dynamic and robust methodological approach to researching terror management theory.","2024-04","2026-03-24 19:34:04","2026-03-24 19:34:04","","1003-1035","","2","63","","","","","","","","","","English","","","","","","","Place: 111 RIVER ST, HOBOKEN 07030-5774, NJ USA Publisher: WILEY Type: Article","","","","clothing; dress style; gender stereotypes; mixed-methods; mortality; terror management theory; war","","","","","","","","","","","","","","","","","","","","","","","","","","","","","","","","","","","","","","","","","","","","","","",""
"S9Y75BNQ","journalArticle","2026","Breitwieser, Jasmin; Reinelt, Tilman","The effectiveness of implementation intentions in children: A systematic review and meta-analysis","BRITISH JOURNAL OF PSYCHOLOGY","","0007-1269","10.1111/bjop.70065","","Self-regulation abilities in childhood are important for long-term academic achievement and healthy development. As self-regulatory abilities are still developing, `simple' interventions are needed to foster self-regulation. Implementation intentions are simple plans that could promote goal achievement in children. However, little is known about their overall effectiveness and moderating factors in children. This registered report presents a systematic review of the literature and a meta-analysis of the effects of implementation intentions on children's goal achievement. The meta-analysis included a total of 52 effect sizes from 42 studies (N = 12,957, M- age = 10.67 years), published between 1975 and 2025. Overall, we found a small-to-medium effect of implementation intentions in children (Hedge's g = 0.31, 95% CI [0.21; 0.41]). Study heterogeneity was high (Q(51) = 146.47, p < .001, I 2 = 65.2%). The effects were stronger in studies with younger children and (in some analyses) children with ADHD, suggesting that implementation intentions are particularly effective when self-regulation abilities are limited. Future research should increase conceptual and methodological rigour. In addition, research and practice should aim to support children in forming strong mental representations of plans, generating high-quality plans themselves and using implementation intentions as a meta-strategy.","2026-03-05","2026-03-24 19:34:04","2026-03-24 19:34:04","","","","","","","","","","","","","","","English","","","","","","","Place: 111 RIVER ST, HOBOKEN 07030-5774, NJ USA Publisher: WILEY Type: Article; Early Access","","","","children; if-then plans; implementation intentions; meta-analysis","","","","","","","","","","","","","","","","","","","","","","","","","","","","","","","","","","","","","","","","","","","","","","",""
"S8NEW5AY","journalArticle","2024","Kim, Matthew H.; Sidney, Pooja G.","Do teacher instructional practices shape children's academic self-concept and interest in mathematics and science? Evidence from TIMSS 2015","INFANT AND CHILD DEVELOPMENT","","1522-7227","10.1002/icd.2429","","Children possess different beliefs regarding their ability to succeed in math and science, as well as different levels of enjoyment and interest in these topics. These motivational processes are important because they often shape learning-related behaviours which in turn predict academic outcomes, over and above previous performance. But, what are the potential sources of influence that could explain individual differences in children's academic self-concept and interest in math and science? In this registered report, we adopted a situated expectancy-value theory framework to examine the potential role of teacher instructional practices that emphasize conceptual understanding in enhancing these motivational processes. We focused on practices emphasizing conceptual understanding given science-driven recommendations to implement them across the United States. Contrary to our hypotheses, a multilevel analysis of grade 4 U.S. data from the 2015 release of the Trends in International Mathematics and Science Study (TIMSS) revealed that the self-reported frequency of instructional practices emphasizing conceptual understanding were unrelated to math or science self-concept and interest. Our null findings prompt greater attention to other factors, such as the quality and implementation of instructional practices, differences between instructional goals and actual practices, and classroom composition, that could enhance ability beliefs and values in math and science.","2024-03","2026-03-24 19:34:04","2026-03-24 19:34:04","","","","2, SI","33","","","","","","","","","","English","","","","","","","Place: 111 RIVER ST, HOBOKEN 07030-5774, NJ USA Publisher: WILEY Type: Article","","","","academic self-concept; conceptual understanding; intrinsic value; situated expectancy-value theory; teacher instructional practices","","","","","","","","","","","","","","","","","","","","","","","","","","","","","","","","","","","","","","","","","","","","","","",""
"VD2FME69","journalArticle","2024","White, Cindel J. M.; Dean, Chloe M.; Laurin, Kristin","Do reminders of God increase willingness to take risks?","JOURNAL OF EXPERIMENTAL SOCIAL PSYCHOLOGY","","0022-1031","10.1016/j.jesp.2023.104539","","Many people, and American Christians in particular, view God as a benevolent protector. Those who believe in God may therefore expect that they can safely engage in potentially risky activities, secure in the knowledge that God will look out for their best interests and ensure good outcomes. Initial experiments supported this hypothesis, but recent attempts to replicate them failed. This unreliable pattern may reflect a false conceptual hypothesis, or an inadequate method: Both the initial reports and the replication attempts used outdated religious priming methods we now know to be ineffective. The present research aimed to clarify the relationship between thinking about God and risk-taking behaviors. A pilot study (N = 264) showed that American Christians do expect that God will protect them during risky activities; moreover, those who hold this expectation more strongly report greater willingness to take risks. This registered report then used a high-powered preregistered experiment to test whether having participants explicitly think about God's (presumably protective) influence over what happens in their lives increases their willingness to take risks. Results confirmed that American Christian participants were more willing to take non-moral risks when thinking about God, compared to a control condition, d = 0.28, 95% CI [0.12, 0.44], p < .001. This pattern was robust to different exclusion criteria and was consistent across domains of career, recreational, and social risks. By using the most recent and sensitive methods, this study provides a more definitive test of the conceptual hypothesis that thinking about God can influence risk-taking.","2024-01","2026-03-24 19:34:04","2026-03-24 19:34:04","","","","","110","","","","","","","","","","English","","","","","","","Place: 525 B ST, STE 1900, SAN DIEGO, CA 92101-4495 USA Publisher: ACADEMIC PRESS INC ELSEVIER SCIENCE Type: Article","","","","God; Religion; Risk taking","","","","","","","","","","","","","","","","","","","","","","","","","","","","","","","","","","","","","","","","","","","","","","",""
"X7HDIQYH","journalArticle","2023","Magliacano, Alfonso; Catalano, Laura; Sagliano, Laura; Estraneo, Anna; Trojano, Luigi","Spontaneous eye blinking during an auditory, an interoceptive and a visual task: The role of the sensory modality and the attentional focus","CORTEX","","0010-9452","10.1016/j.cortex.2023.07.006","","Previous evidence suggested that spontaneous eye blinking changes as a function of the attentional focus. In particular, eye blink rate (EBR) tends to increase when attention is directed to internal versus environmental processing. Most studies on this issue compared eye blinking during visual and mental imagery tasks, and interpreted the increase in EBR as a mechanism to focus cognitive resources on internal processing by disengaging attention from interfering information. However, since eye blinking also depends on the sensory modality of the task, the findings might be influenced by a modality-specific effect.In the present Registered Report we aim at investigating whether the environmental versus internal attentional focus can affect spontaneous blinking behaviour in non-visual tasks as well, in conditions where visual stimuli are not relevant. In a within-subject design, healthy participants performed an interoceptive task (i.e., heartbeat counting) and an auditory task in which pre-recorded heartbeats were presented aurally; during both tasks irrelevant visual stimuli were also presented. In a further control condition with the same auditory and visual stimuli, the participants were required to focus their attention on visual stimuli. Participants' EBR was recorded during each task by means of an eye-tracking system.We found that, although the interoceptive task was more difficult than the auditory and visual tasks, participants' EBR decreased by a comparable level in all tasks with respect to a rest condition, with no differences between internal versus environmental conditions. The present findings do not support the idea that EBR is modulated by an internal versus external focus of attention, at least in presence of controlled visual stimulation.& COPY; 2023 Elsevier Ltd. All rights reserved.","2023-11","2026-03-24 19:34:04","2026-03-24 19:34:04","","49-61","","","168","","","","","","","","","","English","","","","","","","Place: 65 CAMILLE DESMOULINS CS50083 ISSY-LES-MOULINEAUX, 92442 PARIS, FRANCE Publisher: ELSEVIER MASSON, CORP OFF Type: Article","","","","Attentional focus; Cognitive load; Eye blinking; Interoception; Sensory modality","","","","","","","","","","","","","","","","","","","","","","","","","","","","","","","","","","","","","","","","","","","","","","",""
"XD54WU2S","journalArticle","2025","Chandrashekar, Subramanya Prasad; Feldman, Gilad","On the process and value of direct close replications: A rejoinder to Shafir and Cheek's (2024) commentary on Chandrashekar et al. (2021)","JUDGMENT AND DECISION MAKING","","1930-2975","10.1017/jdm.2025.10011","","The studies in Shafir (1993, Memory & Cognition 21, 546-556) examined the impact of decision frames (choosing vs. rejecting) on decision-making. Our replication-Chandrashekar et al. (2021, Judgment and Decision Making 16, 36-56)-revealed mixed results with only partial support for the original findings, concluding a successful replication of only 2 out of 8 scenarios. Our data from an exploratory extension suggested a pattern in support of an alternative theoretical mechanism aligning with Wedell's (1997, Memory & Cognition 25, 873-887) accentuation hypothesis. Shafir and Cheek's (2024) commentary criticized our approach to replications, and the value and importance of direct close replications overall, and shared their views regarding the theory and scope of the phenomenon, with new information about what they consider to be needed steps to empirically test the phenomenon. In our response, we clarify misunderstandings and address empirical findings shared in the commentary. We discuss and defend the value and importance of direct replications and the necessity for full transparency regarding the theoretical assumptions and the process of empirical investigations. Finally, we call for the implementation of open science more broadly, in conducting more direct close replications, sharing of all protocols, materials, data, and code, and implementing outcome-blind reviewing and Registered Reports. These would allow for stronger theoretical and empirical foundations, and a more credible and robust psychological science.","2025","2026-03-24 19:34:04","2026-03-24 19:34:04","","","","","20","","","","","","","","","","English","","","","","","","Place: EDINBURGH BLDG, SHAFTESBURY RD, CB2 8RU CAMBRIDGE, ENGLAND Publisher: CAMBRIDGE UNIV PRESS Type: Editorial Material","","","","choosing; commentary; open science; rejecting; replication","","","","","","","","","","","","","","","","","","","","","","","","","","","","","","","","","","","","","","","","","","","","","","",""
"CSBDFYPH","journalArticle","2025","Ruzzante, Federica; Cevolani, Gustavo; Panizza, Folco","Scrolling to wisdom: The impact of social media news exposure on knowledge perception","PSYCHONOMIC BULLETIN & REVIEW","","1069-9384","10.3758/s13423-025-02786-3","","The present study explores the effect of exposure to news in a social media environment on people's perceived knowledge and on the “Illusion of knowledge” -that is, the overestimation of perceived knowledge relative to actual knowledge. Using a mixed, within-subjects design, participants (N = 828) engaged in a two-session study featuring pre- and post-exposure assessments. Participants scrolled through a social media newsfeed and completed assessments of perceived and actual knowledge. We hypothesized that (1) social media exposure would increase perceived knowledge, (2) this increase would not align with actual knowledge, and (3) higher topic involvement would exacerbate these effects. While most of the preregistered hypotheses did not receive clear statistical support, some effects were consistent with our predictions. Perceived knowledge increased over time, suggesting a general exposure effect; however, differences between exposed and non-exposed topics were not statistically significant, possibly due to test effects or limited engagement with the platform. A strong illusion of knowledge was observed across topics, suggesting robust overestimation. This high baseline may have created a ceiling that constrained the detection of exposure effects. This study was conducted as a Registered Report (https://doi.org/10.24072/pci.rr.100986), accepted in principle prior to data collection. To our knowledge, it represents one of the most ecologically valid attempts in the literature to simulate social media exposure in an experimental setting.","2025-12-10","2026-03-24 19:34:04","2026-03-24 19:34:04","","","","1","33","","","","","","","","","","English","","","","","","","Place: ONE NEW YORK PLAZA, SUITE 4600, NEW YORK, NY, UNITED STATES Publisher: SPRINGER Type: Article","","","","Illusion of knowledge; Metacognition; News exposure; Social media","","","","","","","","","","","","","","","","","","","","","","","","","","","","","","","","","","","","","","","","","","","","","","",""
"A68TG4J7","journalArticle","2024","Bird, Jonathan M.; Karageorghis, Costas I.; Jones, Leighton; Harris, David J.; Alharbi, Mohammed; Vine, Samuel J.","Beyond Rubik: The Embodiment-Presence-Interactivity Cube applied to exercise","PSYCHOLOGY OF SPORT AND EXERCISE","","1469-0292","10.1016/j.psychsport.2024.102684","","Evidence-based interventions are needed to promote engagement in physical activity. Audio-visual stimuli are frequently employed to enhance the exercise experience. Nonetheless, there is a paucity of research that examines the qualities of technological devices that are employed. Using the Embodiment-Presence-Interactivity Cube (Flavia<acute accent>n et al., 2019) as a guiding conceptual framework, the aim of this registered report was to examine how each dimension of the cube (i.e., embodiment, presence and interactivity) influenced a range of exercise- related affective and perceptual variables. A counterbalanced within-subjects design was employed (N N = 24). Participants completed 20-min exercise bouts on a cycle ergometer under four conditions: Television, augmented reality, 360 degrees degrees video and virtual reality. A repeated-measures ANOVA indicated a significant Condition x Time- point interaction for affective valence (p p = 0.046), with greater embodiment offered by technological devices leading to more positive responses. Analyses also indicated main effects of condition for exercise enjoyment, remembered pleasure and forecasted pleasure, with greater presence of technological devices leading to more positive responses. Technologies that combine high levels of embodiment, presence and interactivity (e.g., virtual reality) appear to yield several benefits in terms of in-task (e.g., affective valence) and post-task (e.g., remembered pleasure) responses for exercise conducted at ventilatory threshold.","2024-09","2026-03-24 19:34:04","2026-03-24 19:34:04","","","","","74","","","","","","","","","","English","","","","","","","Place: RADARWEG 29, 1043 NX AMSTERDAM, NETHERLANDS Publisher: ELSEVIER Type: Article","","","","Affective valence; Augmented reality; Extended reality; Immersion; Immersive videos; Virtual reality","","","","","","","","","","","","","","","","","","","","","","","","","","","","","","","","","","","","","","","","","","","","","","",""
"Z9DFK4VT","journalArticle","2025","Kachanoff, Frank Jake; Sheehy-Skeffington, Jennifer; Ho, Arnold; Richeson, Jennifer; Kteily, Nour","Beliefs About What Disadvantaged Groups Would Do With Power Shape Advantaged Groups' (Un)Willingness to Relinquish It","JOURNAL OF PERSONALITY AND SOCIAL PSYCHOLOGY","","0022-3514","10.1037/pspi0000493","","Dominant groups often resist possible changes to the hierarchical status quo. Might such tendencies be partly rooted in negative-yet potentially malleable-meta-beliefs about how disempowered groups would use power if they gained control? We investigate these questions across three studies and eight independent samples (Total N = 7,460 analyzed responses) in the context of Black-White relations in the United States. Specifically, we examine White Americans' meta-beliefs about whether Black Americans desire power to structure society into a hierarchy in which they are dominant versus to institute equality for all groups (i.e., meta-dominance beliefs). Across six cross-sectional subsamples (Study 1, Samples A-F; N = 3,383), we developed and validated a measure of meta-dominance, and found that White Americans varied substantially in their beliefs about how Black Americans would use power. Critically, Whites' meta-dominance beliefs were uniquely related to their opposition to policies empowering Black Americans as well as their support for efforts to maintain Whites' position atop the social hierarchy, even when controlling for a range of relevant constructs. In two preregistered experiments among White Americans (Studies 2 and 3; N = 4,077), one of which was a registered report, we tested two possible causal pathways that might explain this relation: (a) “Meta-Dominance Beliefs -> Opposition to Black Empowerment” and (b) “Opposition to Black Empowerment -> Meta-Dominance Beliefs.” We found evidence in support of the “Meta-Dominance Beliefs -> Opposition to Black Empowerment” pathway, but not for the latter Opposition to Black Empowerment -> “Meta-Dominance Beliefs” pathway. We discuss our findings' implications for theories of hierarchy maintenance.","2025-05","2026-03-24 19:34:04","2026-03-24 19:34:04","","1103-1141","","5","128","","","","","","","","","","English","","","","","","","Place: 750 FIRST ST NE, WASHINGTON, DC 20002-4242 USA Publisher: AMER PSYCHOLOGICAL ASSOC Type: Article","","","","hierarchy; meta-dominance; meta-perceptions; power; race","","","","","","","","","","","","","","","","","","","","","","","","","","","","","","","","","","","","","","","","","","","","","","",""
"LWDBUZC2","journalArticle","2025","Kusztor, Aniko; Mulay, Nirmitee; Yamada, Makiko; Hohwy, Jakob; Tsuchiya, Naotsugu","Lifting the veil: probing altered visual perception in derealization","NEUROSCIENCE OF CONSCIOUSNESS","","","10.1093/nc/niaf045","","During an acute episode of depersonalization/derealization (DP/DR), people report a complex and idiosyncratic change in their perceptual experience. Specifically, derealisation describes the experience of detachment from the external world and altered visual perception in which the surroundings look faded, foggy, or dream-like. Whilst some have argued that there may not be genuine perceptual changes in derealization, this proposal is yet to be tested empirically. Thus, we set out to investigate the potential perceptual changes in derealization. In this Registered Report, we conducted two online experiments to reveal the impact of DP/DR symptoms measured via the state version of the Cambridge Depersonalisation Scale (CDS) on how people evaluate (Experiment 1, N = 200, CDS-state mean: 32.43 +/- 29.94 SD) and adjust (Experiment 2, N = 125, CDS-state mean: 29.38 +/- 30.47 SD) naturalistic scene images with different levels of saturation and contrast. Participants were asked to rate how real the presented images look compared to their everyday experience (in Experiment 1) and to adjust the contrast or saturation level of images to match their everyday visual experience (in Experiment 2). We tested the effect of CDS-state scores on these subjective ratings via model comparison with Bayes Factors. In both experiments, we found strong evidence supporting the null models, suggesting that DP/DR symptoms did not affect realness ratings or vividness adjustments. These results provide empirical support for theories suggesting that self-reported altered vividness experience in derealization does not reflect genuine perceptual changes, instead they signify the (meta-)cognitive interpretation of these experiences. We discuss pros and cons of the current research practices when assessing derealization and highlight key avenues for the future investigation.","2025","2026-03-24 19:34:04","2026-03-24 19:34:04","","","","1","2025","","","","","","","","","","English","","","","","","","Place: GREAT CLARENDON ST, OXFORD OX2 6DP, ENGLAND Publisher: OXFORD UNIV PRESS Type: Article","","","","depersonalisation; Derealisation; perception; vividness","","","","","","","","","","","","","","","","","","","","","","","","","","","","","","","","","","","","","","","","","","","","","","",""
"LCT6AAQ5","journalArticle","2025","Grosz, Michael P.; Thielmann, Isabel; Krabbe, Hanna; Back, Mitja D.","When and why do individuals high in narcissistic rivalry attain social status?","EUROPEAN JOURNAL OF PERSONALITY","","0890-2070","10.1177/08902070241256142","","The current registered report investigated whether individuals high in narcissistic rivalry are more likely to attain status when they have the opportunity to punish uncooperative group members than when they have the opportunity to share their resources with other group members. We conducted a lab-based behavioral experiment (N = 644) in which groups of seven to nine persons interacted in a modified version of the repeated public goods game with punishment. As expected, narcissistic rivalry was more positively related to social status among participants who had the opportunity to punish free riders than among participants who had the opportunity to share their resources. Among participants with opportunity to punish free riders, narcissistic rivalry was positively linked to punishment behavior (r = .14), but we only found anecdotal evidence that those high in narcissistic rivalry also attained status (beta = .05). Among participants with opportunity to share their resources, narcissistic rivalry was negatively related to contributing behavior (r = -.25) and status attainment (beta = -.19). The extent to which individuals high in narcissistic rivalry benefit the group and attain status appears to depend on the situation, as the situation affects how narcissistic rivalry is expressed and how others evaluate these expressions. We wanted to find out whether people who are antagonistic, competitive, and self-centered (i.e., people high in narcissistic rivalry) are more likely to become influential and admired in groups when they can punish uncooperative group members rather than when they can share resources with other group members. We conducted a study with 644 people. The people interacted with each other via computers in seven- to nine-person groups. In each group, about half of the members had the opportunity to share resources with all other group members. Afterwards, the other half of the group members saw how much the members from the first half had shared and they had the opportunity to punish group members from the first half. Among the group members who had the opportunity to share resources, those with high narcissistic rivalry tended to share less and were less likely to become influential and admired in the group. Among the group members who had the opportunity to punish other group members, those with high narcissistic rivalry tended to punish more and were a bit more likely to become influential and admired. But the evidence for them gaining status was weak. It seems like the extent to which individuals with high narcissistic rivalry help the group and gain status depends on the situation. The situation appears to influence how their competitive nature is shown and how others see it.","2025-05","2026-03-24 19:34:04","2026-03-24 19:34:04","","392-407","","3","39","","","","","","","","","","English","","","","","","","Place: 1 OLIVERS YARD, 55 CITY ROAD, LONDON EC1Y 1SP, ENGLAND Publisher: SAGE PUBLICATIONS LTD Type: Article","","","","altruistic punishment; antagonism; cooperation; game theory; personality","","","","","","","","","","","","","","","","","","","","","","","","","","","","","","","","","","","","","","","","","","","","","","",""
"BDMAC4JL","journalArticle","2023","McKay, Ryan T.; Gervais, Will; Davis, Colin J.","`So Help Me God'? Does oath swearing in courtroom scenarios impact trial outcomes?","BRITISH JOURNAL OF PSYCHOLOGY","","0007-1269","10.1111/bjop.12651","","In countries such as Britain and the US, court witnesses must declare they will provide truthful evidence and are often compelled to publicly choose between religious (”oath”) and secular (”affirmation”) versions of this declaration. Might defendants who opt to swear an oath enjoy more favourable outcomes than those who choose to affirm? Two preliminary, pre-registered survey studies using minimal vignettes (Study 1, N = 443; Study 2, N = 913) indicated that people associate choice of the oath with credible testimony; and that participants, especially religious participants, discriminate against defendants who affirm. In a third, Registered Report study (Study 3, N = 1821), we used a more elaborate audiovisual mock trial paradigm to better estimate the real-world influence of declaration choice. Participants were asked to render a verdict for a defendant who either swore or affirmed, and were themselves required to swear or affirm that they would try the defendant in good faith. Overall, the defendant was not considered guiltier when affirming rather than swearing, nor did mock-juror belief in God moderate this effect. However, jurors who themselves swore an oath did discriminate against the affirming defendant. Exploratory analyses suggest this effect may be driven by authoritarianism, perhaps because high-authoritarian jurors consider the oath the traditional (and therefore correct) declaration to choose. We discuss the real-world implications of these findings and conclude the religious oath is an antiquated legal ritual that needs reform.","2023-11","2026-03-24 19:34:04","2026-03-24 19:34:04","","991-1014","","4","114","","","","","","","","","","English","","","","","","","Place: 111 RIVER ST, HOBOKEN 07030-5774, NJ USA Publisher: WILEY Type: Article","","","","atheism; legal processes; morality; prejudice; religious beliefs","","","","","","","","","","","","","","","","","","","","","","","","","","","","","","","","","","","","","","","","","","","","","","",""
"MFKLM52L","journalArticle","2025","Clayson, Peter E.; Mcdonald, Julia B.; Park, Bohyun; Holbrook, Amanda; Baldwin, Scott A.; Riesel, Anja; Larson, Michael J.","Registered replication report of the construct validity of the error-related negativity (ERN): A multi-site study of task-specific ERN correlations with internalizing and externalizing symptoms","PSYCHOPHYSIOLOGY","","0048-5772","10.1111/psyp.14496","","Intact cognitive control is critical for goal-directed behavior and is widely studied using the error-related negativity (ERN). A common assumption in such studies is that ERNs recorded during different experimental paradigms reflect the same construct or functionally equivalent processes and that ERN is functionally distinct from other error-monitoring event-related brain potentials (ERPs; error positivity [Pe]), other neurophysiological indices of cognitive control (N2), and even other theoretically unrelated indices (visual N1). The present registered report represents a replication-plus-extension study of the psychometric validity of cognitive control ERPs and evaluated the convergent and divergent validity of ERN, Pe, N2, and visual N1 recorded during flanker, Stroop, and Go/no-go tasks. Data from 182 participants were collected from two study sites, and ERP psychometric reliability and validity were evaluated. Findings supported replication of convergent and divergent validity of ERN, Pe, and Delta Pe (error minus correct)-these ERPs correlated more with themselves across tasks than with other ERPs measured during the same task. Convergent validity of Delta ERN across tasks was not replicated, despite high internal consistency. ERN strongly correlated with N2 at levels similar or higher than those in support of convergent validity for other ERPs, and the present study failed to provide evidence of divergent validity for ERN and Pe from N2 or N1. ERN and Delta ERN were unrelated to internalizing or externalizing symptoms. Findings underscore the importance of considering the psychometric validity of ERPs, as it provides a foundation for interpreting and comparing ERPs across tasks and studies.","2025-01","2026-03-24 19:34:04","2026-03-24 19:34:04","","","","1","62","","","","","","","","","","English","","","","","","","Place: 111 RIVER ST, HOBOKEN 07030-5774, NJ USA Publisher: WILEY Type: Article","","","","ERP construct validity; ERP psychometric reliability; error positivity (Pe); error-related negativity (ERN); event-related potentials (ERPs); internalizing/externalizing symptoms","","","","","","","","","","","","","","","","","","","","","","","","","","","","","","","","","","","","","","","","","","","","","","",""
"WAQF98KI","journalArticle","2025","Eastwick, Paul W.; Sparks, Jehan; Finkel, Eli J.; Meza, Eva M.; Adamkovic, Matus; Adu, Peter; Ai, Ting; Akintola, Aderonke A.; Al-Shawaf, Laith; Apriliawati, Denisa; Arriaga, Patricia; Aubert-Teillaud, Benjamin; Banik, Gabriel; Barzykowski, Krystian; Batres, Carlota; Baucom, Katherine J.; Beaulieu, Elizabeth Z.; Behnke, Maciej; Butcher, Natalie; Charles, Deborah Y.; Chen, Jane Minyan; Cheon, Jeong Eun; Chittham, Phakkanun; Chwilkowska, Patrycja; Cong, Chin Wen; Copping, Lee T.; Corral-Frias, Nadia S.; Adoric, Vera Cubela; Dizon, Mikaela; Du, Hongfei; Ehinmowo, Michael I.; Escribano, Daniela A.; Espinosa, Natalia M.; Exposito, Francisca; Feldman, Gilad; Freitag, Raquel; Armenta, Martha Frias; Gallyamova, Albina; Gillath, Omri; Gjoneska, Biljana; Gkinopoulos, Theofilos; Grafe, Franca; Grigoryev, Dmitry; Groyecka-Bernard, Agata; Gunaydin, Gul; Ilustrisimo, Ruby; Impett, Emily; Kacmar, Pavol; Kim, Young-Hoon; Kocur, Miroslaw; Kowal, Marta; Krishna, Maatangi; Labor, Paul Danielle; Lu, Jackson G.; Lucas, Marc Y.; Malecki, Wojciech P.; Malinakova, Klara; Meissner, Sofia; Meier, Zdenek; Misiak, Michal; Muise, Amy; Novak, Lukas; Jiaqing, O.; Ozdogru, Asil A.; Park, Haeyoung Gideon; Paruzel, Mariola; Pavlovic, Zoran; Puski, Marcell; Ribeiro, Gianni; Roberts, S. Craig; Roer, Jan P.; Ropovik, Ivan; Ross, Robert M.; Sakman, Ezgi; Salvador, Cristina E.; Selcuk, Emre; Skakoon-Sparling, Shayna; Sorokowska, Agnieszka; Sorokowski, Piotr; Spasovski, Ognen; Stanton, Sarah C. E.; Stewart, Suzanne L. K.; Swami, Viren; Szaszi, Barnabas; Takashima, Kaito; Tavel, Peter; Tejada, Julian; Tu, Eric; Tuominen, Jarno; Vaidis, David; Vally, Zahir; Vaughn, Leigh Ann; Villanueva-Moya, Laura; Wisnuwardhani, Dian; Yamada, Yuki; Yonemitsu, Fumiya; Zidkova, Radka; Zivna, Kristyna; Coles, Nicholas A.","A Worldwide Test of the Predictive Validity of Ideal Partner Preference Matching","JOURNAL OF PERSONALITY AND SOCIAL PSYCHOLOGY","","0022-3514","10.1037/pspp0000524","","Ideal partner preferences (i.e., ratings of the desirability of attributes like attractiveness or intelligence) are the source of numerous foundational findings in the interdisciplinary literature on human mating. Recently, research on the predictive validity of ideal partner preference matching (i.e., Do people positively evaluate partners who match vs. mismatch their ideals?) has become mired in several problems. First, articles exhibit discrepant analytic and reporting practices. Second, different findings emerge across laboratories worldwide, perhaps because they sample different relationship contexts and/or populations. This registered report-partnered with the Psychological Science Accelerator-uses a highly powered design (N = 10,358) across 43 countries and 22 languages to estimate preference-matching effect sizes. The most rigorous tests revealed significant preference-matching effects in the whole sample and for partnered and single participants separately. The “corrected pattern metric” that collapses across 35 traits revealed a zero-order effect of beta = .19 and an effect of beta = .11 when included alongside a normative preference-matching metric. Specific traits in the “level metric” (interaction) tests revealed very small (average beta = .04) effects. Effect sizes were similar for partnered participants who reported ideals before entering a relationship, and there was no consistent evidence that individual differences moderated any effects. Comparisons between stated and revealed preferences shed light on gender differences and similarities: For attractiveness, men's and (especially) women's stated preferences underestimated revealed preferences (i.e., they thought attractiveness was less important than it actually was). For earning potential, men's stated preferences underestimated-and women's stated preferences overestimated-revealed preferences. Implications for the literature on human mating are discussed.","2025-01","2026-03-24 19:34:04","2026-03-24 19:34:04","","123-146","","1","128","","","","","","","","","","English","","","","","","","Place: 750 FIRST ST NE, WASHINGTON, DC 20002-4242 USA Publisher: AMER PSYCHOLOGICAL ASSOC Type: Article","","","","attraction; close relationships; human mating; ideals; matching hypothesis","","","","","","","","","","","","","","","","","","","","","","","","","","","","","","","","","","","","","","","","","","","","","","",""
"T6QRY99N","journalArticle","2025","Umemoto, Akina; Inzlicht, Michael; Lin, Hause","Registered report withdrawn registration notice","CORTEX","","0010-9452","10.1016/j.cortex.2024.12.016","","Navigating through everyday life requires us to make series of choices involving effort: Is it worth the effort for what I want to accomplish? Effort-based decision making depends on evaluating the value of effort-related costs against potential rewards, and only when the rewards outweigh their effort costs do effortful behaviours tend to get carried out. Despite a surge of research on this topic, what effortful control and reward processes are involved in such decisions and whether electrophysiological measures of control and reward processes could better elucidate these processes remain unclear. Here, we will parametrically manipulate effort and reward levels to investigate their effects on different decision processes (i.e., choice evaluation, choice itself, subsequent physical effort production, reward feedback valuation). To assess these decision processes, we will examine two electrophysiological indices: frontal midline theta power and reward positivity amplitude; further, we will investigate whether these indices track cost-benefit integration, which will be reflected in subjective values derived from behavioural modelling of choices. Our goal is to understand how effort and reward affect different aspects of decision making and effort production, and how the electrophysiological and behavioural measures of these processes relate to each other.","2025-02","2026-03-24 19:34:04","2026-03-24 19:34:04","","","","","183","","","","","","","","","","English","","","","","","","Place: 65 CAMILLE DESMOULINS CS50083 ISSY-LES-MOULINEAUX, 92442 PARIS, FRANCE Publisher: ELSEVIER MASSON, CORP OFF Type: Editorial Material","","","","","","","","","","","","","","","","","","","","","","","","","","","","","","","","","","","","","","","","","","","","","","","","","","",""
"VXKCBS8G","journalArticle","2023","Malone, Sarah; Susac, Ana; Kuhn, Jochen; Kuechemann, Stefan","Registered reports on the role of representational competencies in multimedia learning and learning with multiple representations","FRONTIERS IN PSYCHOLOGY","","1664-1078","10.3389/fpsyg.2023.1260833","","","2023-08-11","2026-03-24 19:34:04","2026-03-24 19:34:04","","","","","14","","","","","","","","","","English","","","","","","","Place: AVENUE DU TRIBUNAL FEDERAL 34, LAUSANNE, CH-1015, SWITZERLAND Publisher: FRONTIERS MEDIA SA Type: Editorial Material","","","","multimedia learning; multiple representations; registered report; representational competence; science technology engineering mathematics (STEM)","","","","","","","","","","","","","","","","","","","","","","","","","","","","","","","","","","","","","","","","","","","","","","",""
"RF7BK563","journalArticle","2024","Dudek, Iwona; Polczyk, Romuald","Memory distrust and suggestibility: A registered report","LEGAL AND CRIMINOLOGICAL PSYCHOLOGY","","1355-3259","10.1111/lcrp.12249","","PurposeThe study aimed to explore how memory distrust impacts two kinds of suggestibility: misinformation effect (Experiment 1) and interrogative suggestibility (Experiment 2). We verified whether recognizing discrepancies between personal memories and externally suggested information, along with certain individual differences, moderates the memory distrust-suggestibility link.MethodsExperiment 1 (N = 306) followed a classic three-step procedure with a discrepancy awareness test. In Experiment 2 (N = 316) a computerized version of the Gudjonsson Suggestibility Scale with a discrepancy awareness test was utilized. Both experiments manipulated the state of memory distrust and assessed participants' trait memory distrust, compliance, anxiety and self-esteem.ResultsWhile the effect of memory deterioration due to misinformation and suggestions was replicated, the hypotheses regarding the relationship between memory distrust and suggestibility were not confirmed. However, for interrogative suggestibility, individuals induced to doubt their own memory were more susceptible to suggestions when recognizing inconsistencies between the story and suggestive questions.ConclusionsFrom the theoretical side, the concept of memory distrust appears to be useful to explain the reasons for succumbing to suggestions. However, our findings indicate that memory distrust toward committing omission errors and the experimentally induced state appear unrelated (misinformation effect paradigm) or marginally related (memory distrust state and interrogative suggestibility) to the tendency to yield to suggestions. This prompts further research using a different operationalisation of this construct.","2024-02","2026-03-24 19:34:04","2026-03-24 19:34:04","","100-123","","1","29","","","","","","","","","","English","","","","","","","Place: 111 RIVER ST, HOBOKEN 07030-5774, NJ USA Publisher: WILEY Type: Article","","","","discrepancy detection; interrogative suggestibility; memory distrust; misinformation effect","","","","","","","","","","","","","","","","","","","","","","","","","","","","","","","","","","","","","","","","","","","","","","",""
"RT3FYJ4F","journalArticle","2024","Fusco, Gabriele; Scandola, Michele; Lin, Hause; Inzlicht, Michael; Aglioti, Salvatore Maria","Modulating preferences during intertemporal choices through exogenous midfrontal transcranial alternating current stimulation: A registered report","CORTEX","","0010-9452","10.1016/j.cortex.2023.09.019","","Decision conflicts may arise when the costs and benefits of choices are evaluated as a function of outcomes predicted along a temporal dimension. Electrophysiology studies suggest that during performance monitoring a typical oscillatory activity in the theta rhythm, named midfrontal theta, may index conflict processing and resolution. In the present within-subject, sham controlled, cross-over preregistered study, we delivered online midfrontal transcranial Alternating Current Stimulation (tACS) to modulate electrocortical activity during intertemporal decisions. Participants were invited to select choice preference between economic offers at three different intermixed levels of conflict (i.e., low, medium, high) while receiving either theta -, gamma-, or sham tACS in separate blocks and sessions. At the end of each stimulation block, a Letter-Flanker task was also administered to measure behavioural aftereffects. We hypothesized that theta-tACS would have acted on the performance monitoring system inducing behavioural changes (i.e., faster decisions and more impulsive choices) in high conflicting trials, rather than gammaand sham-tACS. Results very partially confirmed our predictions. Unexpectedly, both theta- and gamma-driven neuromodulation speeded-up decisions compared to sham. However, exploratory analyses revealed that such an effect was stronger in the highconflict decisions during theta-tACS. These findings were independent from the influence of the sensations induced by the electrical stimulation. Moreover, further analyses highlighted a significant association during theta-tACS between the selection of immediate offers in high-conflict trials and attentional impulsiveness, suggesting that individual factors may account for the tACS effects during intertemporal decisions. Finally, we did not capture long-lasting behavioural changes following tACS in the Flanker task. Our findings may inform scholars to improve experimental designs and boost the knowledge toward a more effective application of tACS.(c) 2023 Elsevier Ltd. All rights reserved.","2024-02","2026-03-24 19:34:05","2026-03-24 19:34:05","","435-464","","","171","","","","","","","","","","English","","","","","","","Place: 65 CAMILLE DESMOULINS CS50083 ISSY-LES-MOULINEAUX, 92442 PARIS, FRANCE Publisher: ELSEVIER MASSON, CORP OFF Type: Article","","","","Conflict and error monitoring; Gamma; Intertemporal choice; Midfrontal oscillations; Registered report; stimulation; Theta","","","","","","","","","","","","","","","","","","","","","","","","","","","","","","","","","","","","","","","","","","","","","","",""
"LFCTCPHD","journalArticle","2024","Forster, Andre; Rodrigues, Johannes; Sperlich, Billy; Hewig, Johannes","EXPLORING ELECTROPHYSIOLOGICAL CORRELATES OF HELPLESSNESS ACROSS MULTIPLE MEASUREMENT OCCASIONS. A REGISTERED REPORT","PSYCHOPHYSIOLOGY","","0048-5772","","","","2024-10","2026-03-24 19:34:05","2026-03-24 19:34:05","","S50-S51","","1","61","","","","","","","","","","English","","","","","","","Place: 111 RIVER ST, HOBOKEN 07030-5774, NJ USA Publisher: WILEY Type: Meeting Abstract","","","","","","","","","","","","","","","","","","","","","","","","","","","","","","","","","","","","","","","","","","","","","","","","","","",""
"UVEPDUB5","journalArticle","2025","Richards, Bethanie; Holle, Henning; Lindsay, Shane","Does oral breathing disrupt memory consolidation during waking rest? A registered report","QUARTERLY JOURNAL OF EXPERIMENTAL PSYCHOLOGY","","1747-0218","10.1177/17470218251328994","","Studies of waking rest, whereby passive rest is compared with an active task, have shown a benefit for declarative memory during short waking rest periods, which has been argued to result from the active task disrupting slow oscillations that occur during rest. Arshamian et al. (2018) found that nasal breathing while resting for an hour led to an advantage for olfactory memory consolidation compared with oral breathing, which has also been argued to result from the disruption of slow oscillations during oral breathing. In the present pre-registered research, we looked to see whether this oral breathing disruption extended to impair declarative memory consolidation, and if it is modulated by the presence of an active task. We used a 2 x 2 within-participants counterbalanced design of two sessions separated by a week where participants breathed either orally (induced by a nose clip) or nasally (induced through tape over the mouth). Each session involved learning two sets of pseudowords followed by either waking rest or an active task (N-back) for 15 min during the breathing manipulation. Memory performance was assessed by a recognition task. Our results show that the nasal advantage did not generalise to pseudowords, nor were we able to replicate the waking rest advantage or show an interaction between these factors. This study contributes to a growing body of evidence that challenges the consistency of the waking rest advantage and highlights the need for further exploration of the influence of breathing pathway on memory processes.","2025-12","2026-03-24 19:34:05","2026-03-24 19:34:05","","2610-2626","","12","78","","","","","","","","","","English","","","","","","","Place: 1 OLIVERS YARD, 55 CITY ROAD, LONDON EC1Y 1SP, ENGLAND Publisher: SAGE PUBLICATIONS LTD Type: Article","","","","Breathing; consolidation; memory; nasal; oral breathing; recognition memory; respiration; waking rest","","","","","","","","","","","","","","","","","","","","","","","","","","","","","","","","","","","","","","","","","","","","","","",""
"4KGLBKIK","journalArticle","2025","Amarasekera, Anurada U.; Travis, Kelton L.; Castaneto, Kristina K.; Cash, Tiara A.; Aknin, Lara B.","What types of gratitude expressions promote prosocial behavior?: A registered report","JOURNAL OF EXPERIMENTAL SOCIAL PSYCHOLOGY","","0022-1031","10.1016/j.jesp.2025.104805","","Prosociality confers benefits to those who engage in the behavior, as well as those who receive it. So, how can prosociality, especially repeated acts of giving, be encouraged? Past research shows that receiving an expression of gratitude can promote prosocial behavior. However, existing work has focused on the benefits of receiving gratitude in comparison to receiving nothing, thereby leaving the content of gratitude expressions unexamined. Drawing upon past research demonstrating the benefits of identity-relevant appeals, we compare how two different gratitude expressions - one that references an individual's kind personality (i.e., prosocial character) and another that references an individual's kind actions (i.e., prosocial action) - impact future prosocial behavior in comparison to each other and to a no-gratitude control condition using two high-powered pre-registered studies. In both studies, participants (603 undergraduate students in Experiment 1; 876 online adult sample in Experiment 2) engaged in a prosocial task and were then randomly assigned to receive one of two gratitude expressions or a no-gratitude control condition. Afterwards, participants had the opportunity to help again. Comparing helping rates across conditions we found no significant differences among helping behavior in Experiment 1. However, in Experiment 2, results indicated that individuals who received an expression of gratitude, regardless of content, donated more than individuals that solely received an acknowledgement of their help. We interpret these findings as mixed support for gratitude's function as a moral reinforcer and consider why gratitude expressions referencing an individual's generous character vs. action may have had little impact.","2025-11","2026-03-24 19:34:05","2026-03-24 19:34:05","","","","","121","","","","","","","","","","English","","","","","","","Place: 525 B ST, STE 1900, SAN DIEGO, CA 92101-4495 USA Publisher: ACADEMIC PRESS INC ELSEVIER SCIENCE Type: Article","","","","Generosity; Gratitude; Helping; Prosocial action; Prosocial behavior","","","","","","","","","","","","","","","","","","","","","","","","","","","","","","","","","","","","","","","","","","","","","","",""
"GJ3C7SRA","journalArticle","2023","Grysman, Azriel; Booker, Jordan A.","Agency, communion, and the shifting gender norms in American society? A registered report","JOURNAL OF RESEARCH IN PERSONALITY","","0092-6566","10.1016/j.jrp.2023.104427","","Agency and communion are core personality variables with relevance to narrative approaches to personality and well-being, in addition to having gendered connotations. Agency has long been associated with masculinity, and communion with femininity. In fact, gender role scales measure concepts related to agency and communion to define stereotypical masculine and feminine traits. However, previous findings showed that 18-to-29-year-old women and men did not differ on a scale of communion, whereas 30-40-year-old women and men did. This study attempts to replicate these findings 10 years after the data were initially collected and to clarify whether the findings support developmental and/or cohort-related trends for gender and communion.","2023-12","2026-03-24 19:34:05","2026-03-24 19:34:05","","","","","107","","","","","","","","","","English","","","","","","","Place: 525 B ST, STE 1900, SAN DIEGO, CA 92101-4495 USA Publisher: ACADEMIC PRESS INC ELSEVIER SCIENCE Type: Article","","","","Agency; Autobiographical memory; Communion; Gender","","","","","","","","","","","","","","","","","","","","","","","","","","","","","","","","","","","","","","","","","","","","","","",""
"WBZFB2UX","journalArticle","2025","McIntosh, Robert D.; Schwarzkopf, D. Samuel; Binney, Richard J.; Rotshtein, Pia","Opportunities for Registered Reports in neuropsychology","CORTEX","","0010-9452","10.1016/j.cortex.2025.11.014","","","2025-12","2026-03-24 19:34:05","2026-03-24 19:34:05","","A1-A4","","","193","","","","","","","","","","English","","","","","","","Place: 65 CAMILLE DESMOULINS CS50083 ISSY-LES-MOULINEAUX, 92442 PARIS, FRANCE Publisher: ELSEVIER MASSON, CORP OFF Type: Editorial Material","","","","neuropsychological samples.","","","","","","","","","","","","","","","","","","","","","","","","","","","","","","","","","","","","","","","","","","","","","","",""
"C8MNPHSS","journalArticle","2025","O'Donnell, Rachel; Chan, Jason C. K.","Does blatantly contradictory information reduce the misinformation effect? A Registered Report replication of Loftus (1979)","LEGAL AND CRIMINOLOGICAL PSYCHOLOGY","","1355-3259","10.1111/lcrp.12242","","PurposeLoftus (1979, Reactions to blatantly contradictory information) demonstrated that participants who received a piece of blatantly contradictory information were not susceptible to it (the boundary condition effect). In addition, participants who had received the blatant misinformation were also less susceptible to the more subtle pieces of misinformation compared to the participants who did not receive the blatant misinformation (the inoculation effect). Researchers often cited this finding as evidence for the idea that detecting a piece of blatant misinformation is similar to being given a warning. However, to our knowledge, the inoculation effect has not been replicated. MethodsExperiment 1 was a direct replication. Participants either encountered four pieces of nonblatant misinformation (subtle condition) or the same four pieces of nonblatant misinformation and an additional piece of blatant misinformation (blatant condition). Experiment 2 was a conceptual replication in which we also manipulated the presence or absence of initial testing. Furthermore, we presented the slides as a video and presented four neutral and four misleading details in the narrative. ResultsIn two high-powered experiments, we failed to replicate both the inoculation effect and the boundary condition effect. Using a multi-verse analysis approach, we failed to observe a significant advantage from the inclusion of a piece of blatant misinformation in most (but not all) analyses. ConclusionWe conclude that encountering a piece of blatant misinformation was not sufficient to inoculate witnesses against other nonblatant pieces of misinformation. We further discuss our results in the context of misinformation, warning, and discrepancy detection.","2025-02","2026-03-24 19:34:05","2026-03-24 19:34:05","","3-26","","1","30","","","","","","","","","","English","","","","","","","Place: 111 RIVER ST, HOBOKEN 07030-5774, NJ USA Publisher: WILEY Type: Article","","","","blatant misinformation; eyewitness memory; eyewitness suggestibility; misinformation effect; replication; warning","","","","","","","","","","","","","","","","","","","","","","","","","","","","","","","","","","","","","","","","","","","","","","",""
"S3C2JHET","journalArticle","2026","Forster, Andre; Rodrigues, Johannes; Sperlich, Billy; Hewig, Johannes","The Use of Behavioral Reconsolidation Interference in Depressive Disorders. A Double-Blinded Randomized Controlled Experimental Registered Report","PSYCHOPHYSIOLOGY","","0048-5772","10.1111/psyp.70217","","Depressive disorders often show recurrent courses that cannot be sufficiently prevented by existing therapeutic protocols. In other affective disorders, recurrence has been linked to three mechanisms -spontaneous recovery, accelerated new/relearning, and reinstatement- which are related to the preservation of disorder-related memory traces even through successful extinction-based interventions. Reconsolidation-interference protocols aim to directly alter such traces by reactivating and destabilizing them before intervention. While this approach has shown benefits in fear, craving, and trauma-related symptoms, its application to depression remains untested. To our knowledge, this study provides the first experimental evidence of its utility in depression-like states. Sixty participants took part in a three-day, three-group, double-blind randomized controlled trial. On day one, helplessness was induced using a modified unsolvable anagram task. On day two, participants were randomized into three groups undergoing different interventions while completing another cognitive demanding task: (1) extinction, where participants experienced success from start to finish; (2) reconsolidation, where participants briefly reexperienced failure before succeeding; or (3) reactivation, where failure repeated. On day three, the helplessness task was presented again to evaluate susceptibility for recurrence across conditions. Behavioral, self-report, and EEG data were collected. Across test days, participants showed reduced motivation and performance, attributing failure to personal ability, confirming successful helplessness induction. However, interventions at day two produced no robust group differences on behavioral, self-report, or EEG measures. Exploratory analyses suggested that brain-derived neurotrophic factor (BDNF) levels may have mediated outcomes. Findings do not confirm reconsolidation-based behavioral interference as effective for depression-like helplessness. Nonetheless, exploratory results highlight BDNF as a potential mediator, warranting further study on its role in postretrieval extinction effects in depression.","2026-02","2026-03-24 19:34:05","2026-03-24 19:34:05","","","","2","63","","","","","","","","","","English","","","","","","","Place: 111 RIVER ST, HOBOKEN 07030-5774, NJ USA Publisher: WILEY Type: Article","","","","","","","","","","","","","","","","","","","","","","","","","","","","","","","","","","","","","","","","","","","","","","","","","","",""
"HVU9P9ER","journalArticle","2025","Rubinstein, Rachel S.; Jussim, Lee","The malleability of reliance on race or ethnic vs. gender stereotypes in implicit person perception in the presence of counterstereotypic individuating information: A registered report","JOURNAL OF EXPERIMENTAL SOCIAL PSYCHOLOGY","","0022-1031","10.1016/j.jesp.2025.104779","","The proposed studies will test two competing hypotheses and one additional hypothesis. The first hypothesis is that reliance on ethnic or race stereotypes in implicit person perception is more malleable than reliance on gender stereotypes in implicit person perception in response to counterstereotypic individuating information. The competing hypothesis is that reliance on ethnic or race and gender stereotypes in implicit person perception are equally malleable in response to such information. An additional hypothesis is that reliance on weaker stereotypes in implicit person perception is more malleable than reliance on stronger stereotypes in response to counterstereotypic individuating information. Studies 1 and 2 will test the competing hypotheses using the same stereotyped attributes as they apply to both gender and racial or ethnic groups to maximize experimental control and will utilize race or ethnic stereotypes that are stronger than gender stereotypes, unlike previous research. Study 3 will fully cross the strength of the stereotype with the type of stereotyped group (gender vs. ethnic) to test the stereotype strength hypothesis and thus rule out alternative explanations for the results. To maximize generalizability, Study 4 will comprise an aggregation of 14 studies that are capable of testing the competing hypotheses: Studies 1-3 in the present research, and 11 previous studies that used the present research design. Regardless of which hypotheses are supported, the present research will contribute to a growing body of knowledge about the circumstances under which implicit associations prevail vs. can be shifted by valid, relevant information in the social environment.","2025-09","2026-03-24 19:34:05","2026-03-24 19:34:05","","","","","120","","","","","","","","","","English","","","","","","","Place: 525 B ST, STE 1900, SAN DIEGO, CA 92101-4495 USA Publisher: ACADEMIC PRESS INC ELSEVIER SCIENCE Type: Article","","","","Implicit; Individuating information; Malleability; Person perception; Stereotype","","","","","","","","","","","","","","","","","","","","","","","","","","","","","","","","","","","","","","","","","","","","","","",""
"K69CH9J8","journalArticle","2025","Sezer, Berke; Gucciardi, Daniel F.; Ntoumanis, Nikos; Riddell, Hugh","Investigating the role of goal motives in predicting bedtime procrastination using a daily diary study design: a registered report","PSYCHOLOGY & HEALTH","","0887-0446","10.1080/08870446.2025.2458871","","Objectives Previous operationalisations of bedtime procrastination were incongruent with its definition. We addressed this gap in knowledge by testing a new operationalisation that incorporates the three necessary and sufficient conditions of bedtime procrastination. We investigate the motivational antecedents of bedtime procrastination in daily life with this new operationalisation. Methods and Measures Participants (n = 336) self-reported goal motives, chronotype, and typical sleep metrics on a Sunday evening. For the following 7-days, participants self-assessed their 24-h sleep metrics, goal-regulatory variables, and psychological needs. Results The bedtime discrepancy scores from the new assessment correlate in expected direction with sleep quantity and chronotype. However, our findings pertaining to motivational correlates of bedtime procrastination showed low compatibility with our expectations. Discussion We introduced a new operationalisation of bedtime procrastination that aligns with its definition, and which can complement existing approaches that primarily encompass trait-like elements. Incorporating all three necessary and sufficient conditions of bedtime procrastination at the daily level suggests previous prevalence estimates of this sleep-related behaviour obtained with trait-like operationalisations may be overestimated. The low compatibility between our expectations regarding the motivational antecedents of bedtime procrastination suggest a need for congruence between the levels at which antecedents are captured with this sleep-related behaviour.","2025-01-23","2026-03-24 19:34:05","2026-03-24 19:34:05","","","","","","","","","","","","","","","English","","","","","","","Place: 2-4 PARK SQUARE, MILTON PARK, ABINGDON OR14 4RN, OXON, ENGLAND Publisher: TAYLOR & FRANCIS LTD Type: Article; Early Access","","","","Bedtime procrastination; goal motives; goal-regulatory variables; psychological needs; self-concordance model","","","","","","","","","","","","","","","","","","","","","","","","","","","","","","","","","","","","","","","","","","","","","","",""
"4DAMVCU7","journalArticle","2025","ten Brinke, Leanne; Sprigings, Samantha; Brown, Cameo; Kam, Chloe; Delmas, Hugues","Behavioral Detection of Emotional, High-Stakes Deception: Replication in a Registered Report","LAW AND HUMAN BEHAVIOR","","0147-7307","10.1037/lhb0000596","","Objective: We replicated research by ten Brinke and Porter (2012), who reported that a combination of four behavioral cues (word count, tentative words, upper face surprise, lower face happiness) could accurately discriminate deceptive murderers from genuinely distressed individuals, pleading for the return of a missing relative. Hypotheses: We hypothesized that each of the four behavioral cues identified in the original study would be similarly related (i.e., size, direction, significance) to veracity in a novel set of pleaders. With these cues as predictors, we also hypothesized that logistic regression models-separately testing the original and replication samples-would produce similar accuracy rates exceeding chance in discriminating genuine from deceptive pleaders. Method: We gathered a new sample of public appeals, including 82 genuine and 14 deceptive pleaders. After establishing ground truth, we transcribed video-recorded pleas and coded them for the presence of upper face surprise and lower face happiness. We used Linguistic Inquiry and Word Count to determine word count and the proportion of tentative words in each appeal. Results: We found support for several hypotheses. Tentative words were used significantly more by deceptive (vs. genuine) pleaders in both the original and replication samples. Deceptive pleaders used significantly fewer words in both samples, although this relationship was significant only in the original sample. Liars in both samples smiled more than truth-tellers, although this relationship was statistically significant only in the replication sample. However, predictive accuracy was poor and did not differ from chance in the replication sample. Conclusions: Findings do not provide a tidy picture of the reliability of behavioral cues to deception. Although some behavioral cues did replicate across samples, others did not. More research will be necessary to understand the factors that produce variable findings across samples, despite using the same methods of investigation.","2025-04","2026-03-24 19:34:05","2026-03-24 19:34:05","","173-181","","2","49","","","","","","","","","","English","","","","","","","Place: 750 FIRST ST, NE, WASHINGTON, DC 20002-4242 USA Publisher: EDUCATIONAL PUBLISHING FOUNDATION-AMERICAN PSYCHOLOGICAL ASSOC Type: Article","","","","emotional facial expressions; emotional lies; high-stakes deception; verbal/linguistic cues","","","","","","","","","","","","","","","","","","","","","","","","","","","","","","","","","","","","","","","","","","","","","","",""
"PBKP9265","journalArticle","2025","Dymarska, Agata; Connell, Louise","Sensorimotor effects in surprise word memory-A registered report","CORTEX","","0010-9452","10.1016/j.cortex.2025.03.010","","Sensorimotor grounding of semantic information elicits inconsistent effects on word memory, depending on which type of experience is involved, with some aspects of sensorimotor information facilitating memory performance while others inhibit it. In particular, information relating to the body appears to impair word recognition memory by increasing false alarms, which may be due either to an adaptive advantage for survivalrelevant information (whereby words pertaining to the body spread activation to other concepts and generate a confusable memory trace) or to a somatic attentional mechanism (whereby words pertaining to the body activate a false sense of touch that renders their representations less distinctive as memory trace and retrieval cue). To date, the existing literature does not distinguish between these two explanations. We set out to adjudicate between them using a surprise (incidental) memory task, where participants study the words under a guise of a lexical decision task, which allowed us to examine how participants form a memory trace for words grounded in bodily experience. We found support for the somatic attentional account, as body-related words increased false alarms even when attention was not directed to them at the study phase. Overall, the results provide further evidence for the importance of distinctiveness in word memory, and suggest a reinterpretation of the role of semantic richness in word memory. (c) 2025 The Author(s). Published by Elsevier Ltd. This is an open access article under the CC","2025-05","2026-03-24 19:34:05","2026-03-24 19:34:05","","99-115","","","186","","","","","","","","","","English","","","","","","","Place: 65 CAMILLE DESMOULINS CS50083 ISSY-LES-MOULINEAUX, 92442 PARIS, FRANCE Publisher: ELSEVIER MASSON, CORP OFF Type: Article","","","","Incidental memory; Semantic richness; Sensorimotor information; Word memory","","","","","","","","","","","","","","","","","","","","","","","","","","","","","","","","","","","","","","","","","","","","","","",""
"KRD8FQQU","journalArticle","2024","Howard, Andrea L.; Lamb, Megan; Alexander, Sean M.; Bradley, Abigail H. M.; Carnrite, Kendra D.; Milyavskaya, Marina; Barker, Erin T.; Patrick, Megan E.","Planned and Unplanned Drinking to Get Drunk: A Registered Report Examining Willingness, Drinking Motives, and Protective Behavioral Strategies Using Ecological Momentary Assessment","PSYCHOLOGY OF ADDICTIVE BEHAVIORS","","0893-164X","10.1037/adb0000909","","Objective: We examined alcohol use and consequences across five categories of same-day drinking intentions and willingness and tested whether same-day motives and protective strategies predicted differences in outcomes across categories of intentions and willingness. Method: In a 14-week ecological momentary assessment design, undergraduate student participants (N = 196) reported drinking intentions and behaviors over 13 surveys weekly (four morning surveys [Thursday through Sunday]; three midday, early, and late evening surveys [Thursday through Saturday]). On average, participants were 20.61 years old (SD = 1.50; range 17-25), 63% identified as female (n = 124), 29% as male (n = 57), and 8% identified as neither male nor female (n = 15; i.e., nonbinary; transgender; genderqueer; agender). Participants reported numbers of drinks consumed on the evening (past 2 hr) and morning (previous day) surveys. Multilevel generalized linear models tested effects of drinking intentions/willingness categories, motives, protective strategies, and interactions between key variables on alcohol use and consequences in several models. Results: Rates and quantities of drinking were highest on planned drinking days, and especially high when students planned to get drunk. When enhancement and social motives were elevated, students were more likely to drink and consumed more drinks even on unplanned drinking days, and especially when socializing with others. Effects of coping motives were weaker and sparse. Harm reduction protective strategies were associated with more positive and negative consequences with little variation across planned and unplanned drinking days. Conclusion: Jointly considering drinking intentions and willingness narrows the intention-behavior gap in student drinking and suggests potential areas of focus for messaging around responsible drinking.","2024-08","2026-03-24 19:34:05","2026-03-24 19:34:05","","519-539","","5","38","","","","","","","","","","English","","","","","","","Place: 750 FIRST ST, NE, WASHINGTON, DC 20002-4242 USA Publisher: EDUCATIONAL PUBLISHING FOUNDATION-AMERICAN PSYCHOLOGICAL ASSOC Type: Article","","","","drinking intentions; drinking motives; ecological momentary assessment; protective behavioral strategies; students","","","","","","","","","","","","","","","","","","","","","","","","","","","","","","","","","","","","","","","","","","","","","","",""
"ZQ7SQWV5","journalArticle","2025","Edwards, Grace; Ruhde, Ryan; Carroll, Micaela B.; Baker, Chris I.","No facilitatory effects of transcranial random noise stimulation on motion processing: A registered report","CORTEX","","0010-9452","10.1016/j.cortex.2025.06.001","","Non-invasive brain stimulation (NIBS) techniques have the potential to demonstrate the causal impact of targeted brain regions on specific behaviors. Transcranial random noise stimulation (tRNS) is one form of transcranial electric stimulation in which an alternating current is passed between electrodes at random frequencies. High-frequency tRNS (hftRNS) is thought to enhance excitability and have facilitatory effects on behavior, demonstrated in healthy and clinical populations. Due to the potential application of tRNS, clear demonstrations of the efficacy and replicability of stimulation are critical. Here, we focused on replicating the facilitatory effect of hf-tRNS over the human middle temporal complex (hMT+) on contralateral motion processing, initially demonstrated by Ghin et al. (2018). In this prior study, the improvement in performance was specific to global motion processing in the visual field contralateral to stimulation. The motivation to replicate this effect was reinforced by the well-supported hypothesis that hMT+ is critical for contralateral global motion processing. However, our results indicated that hf-tRNS does not improve motion discrimination with n = 42. Specifically, we were unable to replicate a contralateral global motion processing facilitation following hf-tRNS to hMT+. In our within-subject controls, we also found no difference between hf-tRNS to hMT+ on contralateral global motion processing in comparison to sham stimulation, or in comparison to hf-tRNS to the forehead. Although our lack of replication could be due to minor changes in the protocol from the original study, for hf-tRNS to become a widely applied method, its modulatory effect should be robust to slight adjustments to the procedure. Published by Elsevier Ltd. This is an open access article under the CC BY license (http:// creativecommons.org/licenses/by/4.0/).","2025-08","2026-03-24 19:34:05","2026-03-24 19:34:05","","279-296","","","189","","","","","","","","","","English","","","","","","","Place: 65 CAMILLE DESMOULINS CS50083 ISSY-LES-MOULINEAUX, 92442 PARIS, FRANCE Publisher: ELSEVIER MASSON, CORP OFF Type: Article","","","","Facilitation; hMT plus; Maximum likelihood procedure; Motion coherence; tRNS; Vision","","","","","","","","","","","","","","","","","","","","","","","","","","","","","","","","","","","","","","","","","","","","","","",""
"ICI9B486","journalArticle","2023","Silas, Jonathan; Jones, Alexander; Yarrow, Kielan; Anderson, Wayne","Spatial attention is not affected by alpha or beta transcranial alternating current stimulation: A registered report","CORTEX","","0010-9452","10.1016/j.cortex.2023.03.011","","Using Electroencephalography (EEG) an event-related change in alpha activity has been observed over primary sensory cortices during the allocation of spatial attention. This is most prominent during top-down, or endogenous, attention, and nearly absent in bottom-up, or exogenous orienting. These changes are highly lateralised, such that an increase in alpha power is seen ipsilateral to the attended region of space and a decrease is seen contralaterally. Whether these changes in alpha oscillatory activity are causally related to attentional re-sources, or to perceptual processes, or are simply epiphenomenal, is unknown. If alpha oscil-lations are indicative of a causal mechanism whereby attention is allocated to a region of space, it remains an open question as to whether this is driven by ipsilateral increases or contralateral decreases in alpha power. This preregistered report set out to test these questions. To do so, we used transcranial Alternating Current Stimulation (tACS) to modulate alpha activity in the somatosensory cortex whilst measuring performance on established tactile attention para-digms. All participants completed an endogenous and exogenous tactile attention task in three stimulation conditions; alpha, sham and beta. Sham and beta stimulation operated as controls so that any observed effects could be attributed to alpha stimulation specifically. We replicated previous behavioural findings in all stimulation conditions showing a facilitation of cued trials in the endogenous task, and inhibition of return in the exogenous task. However, these were not affected by stimulation manipulations. Using Bayes-factor analysis we show strong sup-port for the null hypotheses -that the manipulation of Alpha by tACS does not cause changes in tactile spatial attention. This well-powered study, conducted over three separate days, is an important contribution to the current debate regarding the efficiency of brain stimulation.(c) 2023 The Author(s). Published by Elsevier Ltd. This is an open access article under the CC BY license (http://creativecommons.org/licenses/by/4.0/).","2023-07","2026-03-24 19:34:05","2026-03-24 19:34:05","","33-50","","","164","","","","","","","","","","English","","","","","","","Place: 65 CAMILLE DESMOULINS CS50083 ISSY-LES-MOULINEAUX, 92442 PARIS, FRANCE Publisher: ELSEVIER MASSON, CORP OFF Type: Article","","","","Endogenous; Exogenous; Pre-registration; tACS; Tactile attention","","","","","","","","","","","","","","","","","","","","","","","","","","","","","","","","","","","","","","","","","","","","","","",""
"PCRIMF6K","journalArticle","2025","Leu, Chiara; Forest, Sebastien; Legrain, Valery; Liberati, Giulia","The effect of stimulus saliency on the modulation of ongoing neural oscillations related to thermonociception: A registered report","CORTEX","","0010-9452","10.1016/j.cortex.2025.02.009","","Ongoing oscillations have been shown to be modulated in different frequency bands following phasic, tonic as well as periodic thermonociceptive stimulation. Yet, it remains unclear whether these modulations are related to pain perception, saliency (i.e., the ability of a stimulus to stand out from its environment) or solely the intensity of these stimuli. Thirty-five participants were recruited to investigate the relationship between pain perception and ongoing oscillations as well as the factors likely to modulate them, combining a sustained periodic thermonociceptive stimulation paradigm including periodic oddball events with a frequency-tagging analysis approach. Oddballs were delivered either at a higher or lower intensity (”high oddball” versus “low oddball” condition) than baseline stimuli. Continuous ratings of pain perception were collected during the stimulation to track participants' perception. Despite the stimuli being barely perceived as painful (hence relating predominantly to thermonociception), the continuous ratings of perception clearly reflected the variations of stimulus intensity, but only in the “high oddball” condition. Consistently, the oddball stimulus modulated ongoing oscillations in the “high oddball”, but not in the “low oddball” condition. Because of the lack of differentiation between baseline and oddball cycles in the “low oddball” condition- both in perception and at the neural level- these findings do not allow disentangling the differential effects of stimulus intensity and saliency on the perception of thermonociceptive stimuli, or on the modulation of oscillatory activities related to thermonociception. However, they indicate the modulation of ongoing oscillations reflects subjects' perception of thermonociceptive stimuli that are both salient and intense. (c) 2025 Elsevier Ltd. All rights are reserved, including those for text and data mining, AI training, and similar technologies.","2025-04","2026-03-24 19:34:05","2026-03-24 19:34:05","","316-335","","","185","","","","","","","","","","English","","","","","","","Place: 65 CAMILLE DESMOULINS CS50083 ISSY-LES-MOULINEAUX, 92442 PARIS, FRANCE Publisher: ELSEVIER MASSON, CORP OFF Type: Article","","","","EEG; Frequency tagging; Nociception; Ongoing oscillations; Pain; Saliency","","","","","","","","","","","","","","","","","","","","","","","","","","","","","","","","","","","","","","","","","","","","","","",""
"378XRVJN","journalArticle","2023","Pennington, Charlotte R.; Monk, Rebecca L.; Heim, Derek; Rose, Abigail K.; Gough, Thomas; Clarke, Ross; Knibb, Graeme; Patel, Roshni; Rai, Priya; Ravat, Halimah; Ali, Ramsha; Anastasiou, Georgiana; Asgari, Fatemeh; Bate, Eve; Bourke, Tara; Boyles, Jayme; Campbell, Alix; Fowler, Nic; Hester, Sian; Neil, Charlotte; McIntyre, Beth; Ogilvy, Ellie; Renouf, Amie; Stafford, Joni; Toothill, Katie; Wong, Hin Kok; Jones, Andrew","The Labels and Models Used to Describe Problematic Substance Use Impact Discrete Elements of Stigma: A Registered Report","PSYCHOLOGY OF ADDICTIVE BEHAVIORS","","0893-164X","10.1037/adb0000919","","Objectives: Problematic substance use is one of the most stigmatized health conditions leading research to examine how the labels and models used to describe it influence public stigma. Two recent studies examine whether beliefs in a disease model of addiction influence public stigma but result in equivocal findings-in line with the mixed-blessings model, Kelly et al. (2021) found that while the label “chronically relapsing brain disease” reduced blame attribution, it decreased prognostic optimism and increased perceived danger and need for continued care; however, Rundle et al. (2021) conclude absence of evidence. This study isolates the different factors used in these two studies to assess whether health condition (drug use vs. health concern), etiological label (brain disease vs. problem), and attributional judgment (low vs. high treatment stability) influence public stigma toward problematic substance use. Method: Overall, 1,613 participants were assigned randomly to one of the eight vignette conditions that manipulated these factors. They completed self-report measures of discrete and general public stigma and an indirect measure of discrimination. Results: Greater social distance, danger, and public stigma but lower blame were ascribed to drug use relative to a health concern. Greater (genetic) blame was reported when drug use was labeled as a “chronically relapsing brain disease” relative to a “problem.” Findings for attributional judgment were either inconclusive or statistically equivalent. Discussion: The labels used to describe problematic substance use appear to impact discrete elements of stigma. We suggest that addiction is a functional attribution, which may explain the mixed literature on the impact of etiological labels on stigma to date.","2023-09","2026-03-24 19:34:05","2026-03-24 19:34:05","","723-733","","6","37","","","","","","","","","","English","","","","","","","Place: 750 FIRST ST, NE, WASHINGTON, DC 20002-4242 USA Publisher: EDUCATIONAL PUBLISHING FOUNDATION-AMERICAN PSYCHOLOGICAL ASSOC Type: Article","","","","addiction; discrimination; models of addiction; problematic substance use; stigma","","","","","","","","","","","","","","","","","","","","","","","","","","","","","","","","","","","","","","","","","","","","","","",""
"EIKG9WRK","journalArticle","2026","Ye, Zi; Long, Feiteng; Feng, Roujia; Zhang, Yi; van Dijk, Wilco W.","Registered Report Stage I: Prioritizing sociability over morality: Preferring false empathic over truthful unempathic emotion communication","JOURNAL OF EXPERIMENTAL SOCIAL PSYCHOLOGY","","0022-1031","10.1016/j.jesp.2025.104833","","Literature on person perception suggests the primacy of morality over sociability in interactions. While theories of emotion highlight the importance of adhering to socially acceptable display rules, a contentious debate surrounds whether individuals prioritize moral or sociable communication of emotions. We investigated how people perceive and react to others who falsely communicate empathic versus truthfully communicate unempathic emotions related to others' (mis)fortunes. Through three preregistered studies, we examined participants' perceptions (sociability and morality) and behavioral reactions (in a Dictator Game) by employing various paradigms (vignette and retrospective recall) and situations (e.g., promotion and lottery). Consistently across our studies, we found that participants perceived targets who truthfully communicated unempathic emotions as higher on morality and lower on sociability compared to those who falsely communicated empathic emotions. Moreover, Studies 2 and 3 revealed that participants formed more favorable impressions of, and were more willing to interact with, the target who falsely communicated empathic emotions, as opposed to those who truthfully communicated unempathic emotions. This preference was explained by perceived morality and sociability attributed to the targets. Building on these findings, we propose two follow-up studies aimed at replicating our results and extending them to a laboratory setting - a Gamble Game where participants will directly encounter an actual (mis)fortune, and a Dictator Game with an allegedly real interaction partner. Our expected findings indicate that falsely communicating empathic emotions is favored over truthfully communicating unempathic emotions, suggesting the primacy of sociability over morality in the context of communicating emotions related to others' (mis)fortunes.","2026-01","2026-03-24 19:34:05","2026-03-24 19:34:05","","","","","122","","","","","","","","","","English","","","","","","","Place: 525 B ST, STE 1900, SAN DIEGO, CA 92101-4495 USA Publisher: ACADEMIC PRESS INC ELSEVIER SCIENCE Type: Article","","","","Dictator game; Fortunes-of-others emotions (FOEs); Morality; Overall impression; Sociability","","","","","","","","","","","","","","","","","","","","","","","","","","","","","","","","","","","","","","","","","","","","","","",""
"RN7XWWNK","journalArticle","2024","More, Kimberly R.; More, Curt; Burd, Kayla A.; Mentzou, Aikaterini; Phillips, L. Alison","Does messaging matter? A registered report on appearance-versus health-based message framing in exercise appeals targeted towards women","PSYCHOLOGY OF SPORT AND EXERCISE","","1469-0292","10.1016/j.psychsport.2023.102555","","Objective: Prospect theory proposes that message framing differentially impacts the likelihood of engaging in health-related behaviors. Specifically, gain-framed messages that highlight the benefits of engaging in a behavior are more effective at promoting preventative behaviors than loss-framed messages highlighting the costs associated with a lack of engagement. Research suggests that gain-framed messages may more successfully reduce psychological reactance compared to loss-framed messages, which in turn, may promote behavioral change. However, reactance as a mechanism has been largely overlooked in the literature and support for this hypothesis is mixed. These conflicting results may be due to additional factors, such as outcomes of the targeted behavior (health vs. appearance) and goal orientation. Therefore, the present study examined whether message framing (gain-vs. loss-framing) and the fit between a health message's outcomes of focus (i.e., health vs. appearance) and an individual's goal orientation predict psychological reactance, and in turn, cognitive and behavioral outcomes related to exercise.Design: This study employed a randomized trial with four experimental groups composed of insufficiently active women. Specifically, participants were randomized to view a loss-or gain-framed video emphasizing either health-or appearance-related outcomes.Results: Counter to expectations, there were no between-group differences on exercise-related attitudes and intentions immediately post-intervention, or self-reported behavior at 1-week post intervention. However, when health outcomes were emphasized, loss-framed messages generally elicited more reactivity than gain-framed messages. This finding was not replicated for the appearance conditions. Appearance messages also generally elicited more reactance than health messages. Meanwhile, reactance did not predict changes in exercise-related attitudes, intentions, or self-reported behavior, and the relationship between messaging content and reactance was generally not moderated by goal orientation.Conclusion: For young inactive women, receiving messages geared towards appearance-related risks of inactivity (e.g., weight gain) tended to produce more reactivity than messages geared towards health-related risks of inactivity (e.g., weakened immune system). However, this did not change exercise-related attitudes, intentions, or self-reported behaviors. Health gain-framed education regarding exercise may be an important part of a comprehensive intervention toolkit, but is likely not enough in and of itself to support or hinder exercise engagement, regardless of framing or emphasized outcomes.","2024-01","2026-03-24 19:34:05","2026-03-24 19:34:05","","","","","70","","","","","","","","","","English","","","","","","","Place: RADARWEG 29, 1043 NX AMSTERDAM, NETHERLANDS Publisher: ELSEVIER Type: Article","","","","Behavioral intentions; Exercise; Goals; Health behavior; Message framing; Risk communication","","","","","","","","","","","","","","","","","","","","","","","","","","","","","","","","","","","","","","","","","","","","","","",""
"PI9SQM3S","journalArticle","2024","Li, Bingbing; Zhang, Shuhui","Registered Report Stage II: Decoding the category information from evoked potentials to visible and invisible visual objects","INTERNATIONAL JOURNAL OF PSYCHOPHYSIOLOGY","","0167-8760","10.1016/j.ijpsycho.2024.112446","","Previous studies that use decoding methods and EEG to investigate the neural representation of the category information of visual objects focused mainly on consciously processed visual objects. It remains unclear whether the category information of unconsciously processed visual objects can be decoded and whether the decoding performance is different for consciously and unconsciously processed visual objects. The present study compared the neural decoding of the animacy category of visible and invisible visual objects via EEG and decoding methods. The results revealed that the animacy of visible visual objects could be decoded above the chance level by the P200, N300, and N400, but not by the early N/P100. However, the animacy of invisible visual objects could not be decoded above the chance level by neither early nor late ERP components. The decoding accuracy was greater for visible visual objects than that for invisible visual objects for the P200, N300 and N400. These results suggested that access to animacy category information for visual objects requires conscious processing.","2024-11","2026-03-24 19:34:05","2026-03-24 19:34:05","","","","","205","","","","","","","","","","English","","","","","","","Place: RADARWEG 29, 1043 NX AMSTERDAM, NETHERLANDS Publisher: ELSEVIER Type: Article","","","","Conscious; MVPA; Neural representation; Unconscious; Visual objects","","","","","","","","","","","","","","","","","","","","","","","","","","","","","","","","","","","","","","","","","","","","","","",""
"HX4IIKAY","journalArticle","2024","Warman, Annie; Clark, Allan; Malcolm, George L.; Havekost, Maximillian; Rossit, Stephanie","Is there a lower visual field advantage for object affordances? A registered report","QUARTERLY JOURNAL OF EXPERIMENTAL PSYCHOLOGY","","1747-0218","10.1177/17470218241230812","","It's been repeatedly shown that pictures of graspable objects can facilitate visual processing, even in the absence of reach-to-grasp actions, an effect often attributed to the concept of affordances. A classic demonstration of this is the handle compatibility effect, characterised by faster reaction times when the orientation of a graspable object's handle is compatible with the hand used to respond, even when the handle orientation is task-irrelevant. Nevertheless, it is debated whether the speeded reaction times are a result of affordances or spatial compatibility. First, we investigated whether we could replicate the handle compatibility effect while controlling for spatial compatibility. Participants (N = 68) responded with left or right-handed keypresses to whether the object was upright or inverted and, in separate blocks, whether the object was red or green. We failed to replicate the handle compatibility effect, with no significant difference between compatible and incompatible conditions, in both tasks. Second, we investigated whether there is a lower visual field (VF) advantage for the handle compatibility effect in line with what has been found for hand actions. A further 68 participants responded to object orientation presented either in the upper or lower VF. A significant handle compatibility effect was observed in the lower VF, but not the upper VF. This suggests that there is a lower VF advantage for affordances, possibly as the lower VF is where our actions most frequently occur. However, future studies should explore the impact of eye movements on the handle compatibility effect and tool affordances.","2024-11","2026-03-24 19:34:05","2026-03-24 19:34:05","","2151-2164","","11","77","","","","","","","","","","English","","","","","","","Place: 1 OLIVERS YARD, 55 CITY ROAD, LONDON EC1Y 1SP, ENGLAND Publisher: SAGE PUBLICATIONS LTD Type: Article","","","","affordances; grasping; hand; Perception; reaction time; visual field","","","","","","","","","","","","","","","","","","","","","","","","","","","","","","","","","","","","","","","","","","","","","","",""
"6WZP278Z","journalArticle","2023","Blok, Elisabet; Lamballais, Sander; Benitez-Manzanas, Laia; White, Tonya","Stage 2 Registered Report: The Bidirectional Relationship Between Brain Features and the Dysregulation Profile: A Longitudinal, Multimodal Approach","JOURNAL OF THE AMERICAN ACADEMY OF CHILD AND ADOLESCENT PSYCHIATRY","","0890-8567","10.1016/j.jaac.2023.03.024","","Objective: Youth with symptoms of emotion dysregulation are at risk for a multitude of psychiatric diagnoses later in life. However, few studies have focused on the underlying neurobiology of emotion dysregulation. This study assessed the bidirectional relationship between emotion dysregulation symptoms and brain morphology throughout childhood and adolescence. Method: A combined total of 8,235 children and adolescents drawn from 2 large population-based cohorts, the Generation R Study and Adolescent Brain Cognitive Development (ABCD) Study, were included. Data were acquired in 3 waves in Generation R (mean [SD] age = 7.8 [1.0] wave 1 [W1]; 10.1 [0.6] W2; 13.9 [0.5] W3) and in 2 waves in ABCD (mean [SD] age = 9.9 [0.6] W1; 11.9 [0.6] W2). Cross-lagged panel models were used to determine the bidirectional relationships between emotion dysregulation symptoms and brain morphology. The study was preregistered before performing analyses. Results: In the Generation R sample, emotion dysregulation symptoms at W1 preceded lower hippocampal (fl = -.07, SE = 0.03, p = .017) and temporal pole (fl = -.19, SE = 0.07, p = .006) volumes at W2. Emotion dysregulation symptoms at W2 preceded lower fractional anisotropy in the uncinate fasciculus (fl = -.11, SE = 0.05, p = .017) and corticospinal tract (fl = -.12, SE = 0.05, p = .012). In the ABCD sample, emotion dysregulation symptoms preceded posterior cingulate (fl = .01, SE = 0.003, p = .014) and nucleus accumbens volumes (left hemisphere: fl = -.02, SE = 0.01, p = .014; right hemisphere: fl = -.02, SE = 0.01, p = .003). Conclusion: In population-based samples, with relatively low psychopathology symptoms in the majority of children, symptoms of emotion dysregulation can precede differential development of brain morphology. This provides the foundation for future work to assess to what extent optimal brain development can be promoted through early intervention. Study registration information: The Bidirectional Relationship Between Brain Features and the Dysregulation Profile: A Longitudinal, MultiDiversity & Inclusion Statement: We worked to ensure that the study questionnaires were prepared in an inclusive way. The author list of this paper includes contributors from the location and/or community where the research was conducted who participated in the data collection, design, analysis, and/or interpretation of the work.","2023-12","2026-03-24 19:34:05","2026-03-24 19:34:05","","1363-1375","","12","62","","","","","","","","","","English","","","","","","","Place: STE 800, 230 PARK AVE, NEW YORK, NY 10169 USA Publisher: ELSEVIER SCIENCE INC Type: Article","","","","brain morphology; Child Behavior Checklist (CBCL); DTI; emotion dysregulation; structural MRI","","","","","","","","","","","","","","","","","","","","","","","","","","","","","","","","","","","","","","","","","","","","","","",""
"LTJDJHSS","journalArticle","2025","Smith, Caroline B.; Hagen, Edward H.","Strength, mating success, and immune and nutritional costs in a population sample of US women and men: A registered report","EVOLUTION AND HUMAN BEHAVIOR","","1090-5138","10.1016/j.evolhumbehav.2024.106647","","Theory and evidence suggest that the mating benefits of muscle mass in human males trade off with costs of increased energy intake and decreased measures of innate immunity, likely due to an evolutionary history of sexual selection. Lassek and Gaulin (2009) demonstrated a positive association between male fat-free mass and limb muscle volume and mating success but did not investigate women. It is therefore unknown if females experience a similar tradeoff. Using data from the 2013-2014 phase of the National Health and Nutrition Examination Survey (NHANES), a large nationally representative sample of US adults (N = 4316), we tested the prediction from the sexual selection hypothesis that the association of upper-body strength, proxied by grip strength, with mating success is significantly positive for males and significantly less so for females. We found a main effect of strength on mating success proxied by lifetime number of sexual partners and current partnered status, but not past-year number of sexual partners or age at first intercourse. We found consistent evidence for a grip strength X sex interaction on partnered status, such that strength was significantly more important for male partnered status than female (but no significant interaction for lifetime sexual partners). We also tested for tradeoffs of upper-body strength with immune and dietary intake and found a positive relationship between grip strength and protein and energy intake, but no significant relationship between grip strength and innate immune function. Our results suggest that sexually dimorphic upper-body strength might have evolved, in part, by increasing male long-term mating success.","2025-01","2026-03-24 19:34:05","2026-03-24 19:34:05","","","","1","46","","","","","","","","","","English","","","","","","","Place: STE 800, 230 PARK AVE, NEW YORK, NY 10169 USA Publisher: ELSEVIER SCIENCE INC Type: Article","","","","Grip strength; Mating; Sexual behavior; Sexual dimorphism; Sexual selection","","","","","","","","","","","","","","","","","","","","","","","","","","","","","","","","","","","","","","","","","","","","","","",""
"IYEEAN7X","journalArticle","2024","Grysman, Azriel; Booker, Jordan A.","Agency and communion ratings do not suggest shifting gender norms in American Society: A registered report","JOURNAL OF RESEARCH IN PERSONALITY","","0092-6566","10.1016/j.jrp.2024.104493","","Gender role scales measure concepts related to agency and communion as masculine- and feminine -typed traits. However, previous findings showed that 18 -to -29year -old women and men did not differ on a scale of communion, whereas 30 - 40 -year -old women and men did. This study attempted to replicate these findings and to expand to a lifespan sample 10 years after initial data collection to clarify whether interactions by age support developmental and/or cohort -related trends for gender and communion. Results contradict a cohort explanation, and in fact show a weaker interaction between age and gender than prior studies. We conclude that mean gender differences are broadly stable across the lifespan, though they are somewhat weaker in emerging adult years, suggesting a small developmental effect.","2024-06","2026-03-24 19:34:05","2026-03-24 19:34:05","","","","","110","","","","","","","","","","English","","","","","","","Place: 525 B ST, STE 1900, SAN DIEGO, CA 92101-4495 USA Publisher: ACADEMIC PRESS INC ELSEVIER SCIENCE Type: Article","","","","","","","","","","","","","","","","","","","","","","","","","","","","","","","","","","","","","","","","","","","","","","","","","","",""
"9WJEUDX4","journalArticle","2024","Weston, Sara J.; Condon, David M.; Rentfrow, P. Jason; Benet-Martinez, Veronica","The Person-Environment Fit of Immigrants to the United States: A Registered Report","JOURNAL OF PERSONALITY AND SOCIAL PSYCHOLOGY","","0022-3514","10.1037/pspp0000504","","There are notable parallels between processes leading to person-environment fit (PE-fit) and processes of selection and acculturation among U.S. immigrants. Thus, a natural question is: Do immigrants benefit from fitting their new environments? PE-fit appears to have uniformly positive effects in the education, career, and personality literatures, but it is unclear whether this would be the case for immigrants. The present study evaluated the PE-fit of U.S. immigrants (N = 39,195) to their new host communities (9,925 Zip Code Tabulation Areas [ZCTAs]). PE-fit varied across immigrants. On average, immigrant PE-fit was lower (b = 0.23 and b = 0.35) than the PE-fit of U.S. natives (b = 0.47; N = 122,339 from 2,374 ZCTAs). Immigrants more closely matched their community's profile when they were older, more educated, from Western countries, or from countries with French or German as the official language. PE-fit was positively associated with immigrant traits of Honesty, Introspection, Creativity, and Industry. Immigrants experienced better PE-fit when they resided in communities with more educated residents, with residents born abroad-particularly in the same world region-or with residents with a similar ethnic background. Finally, immigrant PE-fit was associated with well-being and self-reported health. We discuss the implications for the study of U.S. immigrants and the field of acculturation and propose future directions.","2024-05","2026-03-24 19:34:05","2026-03-24 19:34:05","","873-894","","5","126","","","","","","","","","","English","","","","","","","Place: 750 FIRST ST NE, WASHINGTON, DC 20002-4242 USA Publisher: AMER PSYCHOLOGICAL ASSOC Type: Article","","","","immigration; multiculturalism; person-environment fit; selection; well-being","","","","","","","","","","","","","","","","","","","","","","","","","","","","","","","","","","","","","","","","","","","","","","",""
"VAPUI7GB","journalArticle","2025","Conway, Christopher C.; Ilagan, Gabrielle S.; Rabasco, Ana; Lopez, Maria Martin; Goodrich, Molly; Kuehn, Kevin S.; King, Kevin M.","Registered Report Stage II: A within-person model of distress tolerance and non-suicidal self-injury among adults with recurrent self-injury","JOURNAL OF RESEARCH IN PERSONALITY","","0092-6566","10.1016/j.jrp.2025.104623","","Individual differences in distress tolerance (DT), willingness to face internal discomfort, predict who is vulnerable to non-suicidal self-injury (NSSI). However, it is unclear to what extent within-person differences in DT predict periods of peak NSSI risk. We used short-term variation in DT as a model of acute NSSI risk among people with recurrent NSSI. We sampled momentary DT and NSSI outcomes four times per day across 14 consecutive days in a group of 119 adults who had significant histories of NSSI behavior. Momentary DT ratings had robust within-person correlations with concurrent NSSI thoughts and behaviors (rs = -0.43 and -0.20, respectively). Also, DT was a statistically significant, albeit weak, predictor of NSSI outcomes up to 3 h later, even when adjusting for continuity in NSSI. Negative urgency and experiential avoidance-DT's conceptual neighbors-added predictive utility in within-person models of NSSI thoughts and behavior (e.g., collectively the 3 predictors accounted for more than a third of within-person variation in concurrent NSSI thoughts). We conclude that time-varying DT levels could be a meaningful model, and potentially intervention target, for NSSI in highrisk populations. Our study's dataset, analysis code, and materials are available at https://osf.io/nz5q4/.","2025-08","2026-03-24 19:34:06","2026-03-24 19:34:06","","","","","117","","","","","","","","","","English","","","","","","","Place: 525 B ST, STE 1900, SAN DIEGO, CA 92101-4495 USA Publisher: ACADEMIC PRESS INC ELSEVIER SCIENCE Type: Article","","","","Distress tolerance; Ecological momentary assessment; Experiential avoidance; Negative urgency; Non-suicidal self-injury","","","","","","","","","","","","","","","","","","","","","","","","","","","","","","","","","","","","","","","","","","","","","","",""
"TBRU6MAU","journalArticle","2025","Monzel, Merlin; Agren, Thomas; Tengler, Matthias; Karneboge, Jana; Reuter, Martin","Stage 2 Registered Report: Propositional Thought Is Sufficient for Imaginal Extinction as Shown by Contrasting Participants With Aphantasia, Simulated Aphantasia, and Controls","PSYCHOPHYSIOLOGY","","0048-5772","10.1111/psyp.14756","","Imaginal exposure is a standard procedure of cognitive behavioral therapy for the treatment of anxiety and panic disorders. It is often used when in vivo exposure is not possible, too stressful for patients, or would be too expensive. The Bio-Informational Theory implies that imaginal exposure is effective because of the perceptual proximity of mental imagery to real events, whereas empirical findings suggest that propositional thought of fear stimuli (i.e., thinking about the stimuli without seeing them in the mind's eye) could be sufficient. To investigate whether mental imagery or propositional thought is crucial for the success of imaginal exposure, participants with the rare state of aphantasia (= absence of sensory mental imagery) and two control groups were subjected to a fear conditioning paradigm followed by imaginal exposure and a reinstatement procedure. During imaginal exposure, a control group (N = 30) stared at a bright screen to disrupt visual imagery by incoming luminance (=simulated aphantasia), while a second control group (N = 30) and participants with actual aphantasia (N = 30) kept their eyes closed. Results showed successful extinction in all groups, thus demonstrating that imaginal extinction is possible using propositional thought. Moreover, exploratory analyses revealed less subjective fear in people with aphantasia during the fear conditioning procedure, potentially due to similar mechanisms as in alexithymia, that is, a decoupling between physiological arousal and emotional experience.","2025-01-23","2026-03-24 19:34:06","2026-03-24 19:34:06","","","","1","62","","","","","","","","","","English","","","","","","","Place: 111 RIVER ST, HOBOKEN 07030-5774, NJ USA Publisher: WILEY Type: Article","","","","alexithymia; aphantasia; electrodermal activity; imaginal extinction; mental imagery; skin conductance response","","","","","","","","","","","","","","","","","","","","","","","","","","","","","","","","","","","","","","","","","","","","","","",""
"9VJGSGBI","journalArticle","2025","Spiridonova, Teodora; Leib, Margarita; van Beest, Ilja; Stavrova, Olga","Do cynics lie to avoid exploitation, to exploit others, or not at all? A registered report on the relationship between cynicism and dishonesty","EUROPEAN JOURNAL OF PERSONALITY","","0890-2070","10.1177/08902070251364410","","Cynicism-the belief that humans are primarily driven by self-interest-leads people to assume that others will act dishonestly to achieve their goals. Yet, little is known about cynics' own tendency to engage in dishonesty. The present research examined the relationship between cynicism and dishonesty and tested the relative strength of two underlying motives: the motivation to avoid exploitation and the motivation to exploit others. In Study 1, participants responded to hypothetical ethical dilemmas where they could lie to avoid being exploited or to exploit someone else. In Study 2, participants engaged in an incentivized behavioral task, where they could lie to protect their own endowment from another person, or to take away another person's endowment. In both studies, participants completed a cynicism measure. Results showed that cynicism predicted dishonesty in both the hypothetical scenarios and the behavioral task. However, the effect of cynicism on dishonesty in the behavioral task was smaller and disappeared when controlling for additional personality traits (Honesty-Humility and the Dark Factor). Further, there were no consistent differences in the cynicism-dishonesty relationship between situations where lying served to avoid exploitation or to exploit others, indicating that both motives were relevant drivers of cynics' dishonesty.","2025-11","2026-03-24 19:34:06","2026-03-24 19:34:06","","946-962","","6","39","","","","","","","","","","English","","","","","","","Place: 1 OLIVERS YARD, 55 CITY ROAD, LONDON EC1Y 1SP, ENGLAND Publisher: SAGE PUBLICATIONS LTD Type: Article","","","","cynicism; Dark Factor of Personality; dishonesty; Honesty-Humility; individual differences; unethical behavior","","","","","","","","","","","","","","","","","","","","","","","","","","","","","","","","","","","","","","","","","","","","","","",""
"Q8HGBATX","journalArticle","2024","Verkoeijen, Peter P. J. L.; Koppenol-Gonzalez, Gabriela V.; van Peppen, Lara M.; Broeren, Marloes M. D. H. J.; Heijltjes, Anita E. G.; Kuijpers, Renske E.; Nobelen, Janneke T. L. M.; Tillema, Marion; de Moor, Marleen H. M.; Arends, Lidia R.","Assessing the Generality of a Self-Administered Strategic-Resource-Use Intervention on Academic Performance: A Multisite, Preregistered Conceptual Replication of Chen et al. (2017)","ADVANCES IN METHODS AND PRACTICES IN PSYCHOLOGICAL SCIENCE","","2515-2459","10.1177/25152459241270604","","Chen et al. designed a novel strategic-resource-use (SRU) intervention that higher-education students could self-administer online. This intervention aimed to help students improve their performance by stimulating them to think about using learning resources for an exam preparation. The SRU intervention was tested in two undergraduate introductory-statistics courses. In the first experiment, students in the control condition received an email asking them to state their desired grade, how motivated they were to get that grade, how important it was to obtain the desired grade, and how confident they were in obtaining it. Participants in the experimental condition received the same mail and took the 15-min SRU intervention. On the final course exam, the SRU group outperformed the control group, yielding a small to medium effect size, a finding that was replicated in a second study. We conducted four preregistered conceptual replications of Chen and colleagues' study in four undergraduate introductory-statistics courses at two Dutch higher-education institutions. In our study, the meta-analytic standardized effects on the final-exam scores in the intention-to-treat meta-analysis and the compliant-only analysis were small and not significantly different from 0, and the upper limits of the 95% confidence intervals of both meta-analyses were smaller than the effect sizes of the two studies reported by Chen and colleagues. Comparable results were obtained for the pass rates. Thus, the results of the present study failed to corroborate the previously demonstrated positive effect of the SRU intervention on final-exam scores and pass rates.","2024-07","2026-03-24 19:34:06","2026-03-24 19:34:06","","","","3","7","","","","","","","","","","English","","","","","","","Place: 2455 ℡LER RD, THOUSAND OAKS, CA 91320 USA Publisher: SAGE PUBLICATIONS INC Type: Article","","","","goal setting; higher education; meta-analysis; preregistration; registered report; replication; self-regulated learning","","","","","","","","","","","","","","","","","","","","","","","","","","","","","","","","","","","","","","","","","","","","","","",""
"4MHRFYCL","journalArticle","2025","Weinstein, Netta; Itzchakov, Guy","Empathic listening satisfies speakers' psychological needs and well-being, but doesn't directly deepen solitude experiences: A registered report☆","JOURNAL OF EXPERIMENTAL SOCIAL PSYCHOLOGY","","0022-1031","10.1016/j.jesp.2024.104716","","A live discussion experiment was designed to test the effects of highly empathic (vs. moderately empathic) listening on solitude experiences. Participants were assigned to three conditions in which they: 1) Discussed a negative personal experience with a confederate (ostensibly another participant) exhibiting highly empathic listening; 2) Discussed an experience with a confederate exhibiting moderately empathic listening; or, 3) Engaged in a positive reframing exercise. Building on previous listening theory (Weinstein et al., 2022) and research (Itzchakov & Weinstein, 2021; Itzchakov, Weinstein, et al., 2022). We then assessed the two posited mechanisms of autonomy and relatedness and tested the expectations to be in solitude. All participants were instructed to spend ten minutes alone, phones off, and distractions stored away. While highly empathic listening enhanced participants' (i.e. speakers) autonomy and relatedness need satisfaction compared to the other two conditions and predicted initial increases in self- and social-connection, it did not subsequently improve solitude experiences, with no direct effects found predicting self-connection, peaceful affect, loneliness, or self-insight. Indirect effects linked empathic listening to self-connection and self-insight through autonomy satisfaction. While empathic listening fosters immediate psychological need satisfaction in social contexts, deeper listening interventions may be necessary to improve subsequent solitude periods.","2025-03","2026-03-24 19:34:06","2026-03-24 19:34:06","","","","","117","","","","","","","","","","English","","","","","","","Place: 525 B ST, STE 1900, SAN DIEGO, CA 92101-4495 USA Publisher: ACADEMIC PRESS INC ELSEVIER SCIENCE Type: Article","","","","Empathic listening; Self-determination theory; Self-processes; Solitude; State loneliness","","","","","","","","","","","","","","","","","","","","","","","","","","","","","","","","","","","","","","","","","","","","","","",""
"8M4WKBMC","journalArticle","2025","Sezer, Berke; Ntoumanis, Nikos; Riddell, Hugh; Gucciardi, Daniel F.","An experimental investigation of daily mental contrasting with implementation intentions and goal motives in reducing bedtime procrastination: a registered report","PSYCHOLOGY & HEALTH","","0887-0446","10.1080/08870446.2025.2491593","","Objectives Mental contrasting with implementation intentions (MCII) is an effective self-regulation strategy for goal pursuit. Although it is a quick and cost-effective strategy, most of its applications have consisted of single-time training. Building on the existing research on bedtime procrastination, we propose that daily MCII applications can lead to more efficient pursuit of bedtime goals. Furthermore, we evaluate the conditions where MCII training could be more advantageous for people with different types of goal motives. Methods and Measures We recruited 297 participants via Prolific and randomly allocated participants into either daily MCII or single MCII groups for a week-long diary study. We measured goal motives, goal-regulatory variables, bedtime procrastination, and affect to test our hypotheses. We conducted a multilevel structural equation modelling using Mplus. Results Participants who completed MCII daily reported less bedtime procrastination than individuals who performed MCII one-off at the start of the week. Participants experienced increased positive affect and decreased negative affect when they procrastinated less. Autonomous goal motives were not associated with bedtime procrastination. Discussion Daily MCII appears as an effective and easy-to-implement strategy helps reducing bedtime procrastination. Future research should test the effectiveness of daily MCII in other contexts.","2025-04-09","2026-03-24 19:34:06","2026-03-24 19:34:06","","","","","","","","","","","","","","","English","","","","","","","Place: 2-4 PARK SQUARE, MILTON PARK, ABINGDON OR14 4RN, OXON, ENGLAND Publisher: TAYLOR & FRANCIS LTD Type: Article; Early Access","","","","affect; bedtime procrastination; goal motives; goal-regulatory variables; Mental contrasting with implementation intentions","","","","","","","","","","","","","","","","","","","","","","","","","","","","","","","","","","","","","","","","","","","","","","",""
"565E8HFG","journalArticle","2024","Davis-Kean, Pamela E.; Ellis, Alexa; Syed, Moin","Registered Reports with secondary developmental data: Introduction to the special issue","INFANT AND CHILD DEVELOPMENT","","1522-7227","10.1002/icd.2506","","","2024-03","2026-03-24 19:34:06","2026-03-24 19:34:06","","","","2, SI","33","","","","","","","","","","English","","","","","","","Place: 111 RIVER ST, HOBOKEN 07030-5774, NJ USA Publisher: WILEY Type: Editorial Material","","","","","","","","","","","","","","","","","","","","","","","","","","","","","","","","","","","","","","","","","","","","","","","","","","",""
"I5JQ4LTA","journalArticle","2024","Schmidt, Oliver; Heck, Daniel W.","The relevance of syntactic complexity for truth judgments: A registered report","CONSCIOUSNESS AND COGNITION","","1053-8100","10.1016/j.concog.2023.103623","","Fluency theories predict higher truth judgments for easily processed statements. We investigated two factors relevant for processing fluency: repetition and syntactic complexity. In three online experiments, we manipulated syntactic complexity by creating simple and complex versions of trivia statements. Experiments 1 and 2 replicated the repetition-based truth effect. However, syntactic complexity did not affect truth judgments although complex statements were processed slower than simple statements. This null effect is surprising given that both studies had high statistical power and varied in the relative salience of syntactic complexity. Experiment 3 provides a preregistered test of the discounting explanation by using improved trivia statements of equal length and by manipulating the salience of complexity in a randomized design. As predicted by fluency theories, simple statements were more likely judged as true than complex ones, while this effect was small and not moderated by the salience of complexity.","2024-01","2026-03-24 19:34:06","2026-03-24 19:34:06","","","","","117","","","","","","","","","","English","","","","","","","Place: 525 B ST, STE 1900, SAN DIEGO, CA 92101-4495 USA Publisher: ACADEMIC PRESS INC ELSEVIER SCIENCE Type: Article","","","","Processing fluency; Repetition -based truth effect; Syntactic complexity; Truth judgments","","","","","","","","","","","","","","","","","","","","","","","","","","","","","","","","","","","","","","","","","","","","","","",""
"34SLQBJZ","journalArticle","2024","White, Tonya","2024 NORBERT AND CHARLOTTE RIEGER AWARD FOR SCIENTIFIC ACHIEVEMENT, SUPPORTED BY THE NORBERT AND CHARLOTTE RIEGER FOUNDATION: STAGE 2 REGISTERED REPORT: THE BIDIRECTIONAL RELATIONSHIP BETWEEN BRAIN FEATURES AND THE DYSREGULATION PROFILE: A LONGITUDINAL, MULTIMODAL APPROACH","JOURNAL OF THE AMERICAN ACADEMY OF CHILD AND ADOLESCENT PSYCHIATRY","","0890-8567","10.1016/j.jaac.2024.08.019","","","2024-10","2026-03-24 19:34:06","2026-03-24 19:34:06","","S139","","10, S","63","","","","","","","","","","English","","","","","","","Place: STE 800, 230 PARK AVE, NEW YORK, NY 10169 USA Publisher: ELSEVIER SCIENCE INC Type: Meeting Abstract","","","","","","","","","","","","","","","","","","","","","","","","","","","","","","","","","","","","","","","","","","","","","","","","","","",""
"G4VLFQU4","journalArticle","2023","Wenzel, Mario; Rowland, Zarah; Nielsen, Kristian Steensen; Lange, Florian","Too much praise for reappraisal? Examining reappraisal's impact on threat mitigation depending on its implementation: A registered report","JOURNAL OF EXPERIMENTAL SOCIAL PSYCHOLOGY","","0022-1031","10.1016/j.jesp.2023.104475","","Reappraisal, the act of reframing a situation differently, is associated with affective benefits. Preliminary correlational evidence suggests that successfully down-regulating negative affect is associated with lower motivation to engage in political action, although experimental studies could not find such negative impact. We hypothesized that reappraisal may impact threat mitigation behavior differently, depending on its imple-mentation: If individuals implement reappraisal to down-regulate their negative affect in response to a threat-ening situation, they neutralize the mobilizing effect of negative affect in threat mitigation, resulting in less engagement in threat mitigation behavior. However, if individuals reframe one's barriers to act, they should engage more strongly in such behavior. To test this hypothesis, we conducted an online experiment (N = 693) where participants read about threats to biodiversity before being instructed to reappraise these threats with a focus on either emotions or barriers and then engaged in a consequential biodiversity conservation task. This manipulation did not significantly impact threat mitigation intentions nor actual behavior. However, we found correlational evidence for differential associations: Reappraising one's negative affect more successfully was significantly associated with less engagement in threat mitigation behavior, while reappraising one's barriers more successfully was associated with more engagement in threat mitigation behavior.","2023-07","2026-03-24 19:34:06","2026-03-24 19:34:06","","","","","107","","","","","","","","","","English","","","","","","","Place: 525 B ST, STE 1900, SAN DIEGO, CA 92101-4495 USA Publisher: ACADEMIC PRESS INC ELSEVIER SCIENCE Type: Article","","","","Affect; Emotion; Emotion regulation; Environmental psychology; Reappraisal","","","","","","","","","","","","","","","","","","","","","","","","","","","","","","","","","","","","","","","","","","","","","","",""
"UIYDXPH2","journalArticle","2023","Pang, Raina D. D.; Morales, Jeremy C.; Smith, Kathryn E.; Murray, Stuart B.; Dunton, Genevieve F.; Mason, Tyler B.","Daily ovarian hormone exposure and loss of control eating in adolescent girls: A registered report","INTERNATIONAL JOURNAL OF EATING DISORDERS","","0276-3478","10.1002/eat.23962","","Objective: The daily biobehavioral factors that precipitate loss of control eating (LOCE) in adolescent girls are not well known. Ovarian hormone levels are key biological factors associated with the etiology of eating disorders in adolescent girls. Yet, models on how daily ovarian hormone exposure predicts LOCE in adolescent girls are underdeveloped. The goal of this study is to examine the daily patterns and mechanisms of ovarian hormone levels on LOCE across the menstrual cycle in adolescent girls and the mediating roles of food-related reward anticipation and response inhibition. Ecological momentary assessment (EMA) paired with daily hormonal sampling will be used to examine (1) daily associations between within-person hormones and LOCE, and (2) the mediating role of within-person food-related reward anticipation and response inhibition. Methods: Normally cycling adolescent girls who have reached menarche will provide daily saliva samples for hormone analysis and complete EMA for 35 days. During EMA, girls will report LOCE and will complete task-based and self-report measures of food-related response inhibition and reward anticipation. Discussion: This work has implications for the development of new real-world biobehavioral models of LOCE in adolescent girls, which will guide theory improvements and treatment for LOCE. Results will provide preliminary evidence for treatment targets for novel interventions for adolescent girls-for example, a response inhibition intervention. Public Significance: Adolescent eating disorders are severe mental health conditions, often marked by loss of control eating. Estrogen and progesterone play a role in the development and persistence of loss of control eating. The current study will examine how daily exposure to estrogen and progesterone predicts loss of control eating in adolescent girls and identify possible daily mechanisms linking estrogen and progesterone exposure and loss of control eating.","2023-06","2026-03-24 19:34:06","2026-03-24 19:34:06","","1246-1253","","6","56","","","","","","","","","","English","","","","","","","Place: 111 RIVER ST, HOBOKEN 07030-5774, NJ USA Publisher: WILEY Type: Article","","","","adolescents; binge eating; ecological momentary assessment; loss of control; ovarian hormones","","","","","","","","","","","","","","","","","","","","","","","","","","","","","","","","","","","","","","","","","","","","","","",""
"MIMF666Z","journalArticle","2026","Genschow, Oliver; Protzko, John; Braem, Senne","Does reading an anti-free will text affect beliefs related to free will over time? - A registered report","JOURNAL OF EXPERIMENTAL SOCIAL PSYCHOLOGY","","0022-1031","10.1016/j.jesp.2025.104835","","Scientists debate how the public would react when anti-free will messages are communicated in the media. Taking part in this debate, social psychologists test whether letting participants read texts that argue against the plausibility of free will reduces their beliefs related to free will. However, this research leaves open whether merely reading such a text actually changes free will beliefs over and beyond a single experimental session in the lab. To fill this gap, in three experiments we investigated whether merely reading a short text claiming that free will does not exist, influences beliefs related to free will over time. Two experiments demonstrate that reading an anti-free will text (as compared to a control text) reduces participants' beliefs related to free will when measured on the same day (Experiment 1 and 2), the next day (Experiment 1 and 2) as well as one week later (Experiment 2). Critically, when controlling for potential demand effects by making sure that participants do not associate the assessment of free will beliefs with the first session in which beliefs were manipulated (Experiment 3), results no longer showed an effect of reading the anti-free will text over time. Theoretical and ethical implications of these findings are discussed.","2026-01","2026-03-24 19:34:06","2026-03-24 19:34:06","","","","","122","","","","","","","","","","English","","","","","","","Place: 525 B ST, STE 1900, SAN DIEGO, CA 92101-4495 USA Publisher: ACADEMIC PRESS INC ELSEVIER SCIENCE Type: Article","","","","Determinism; Dualism; Experimental methods; Free will belief","","","","","","","","","","","","","","","","","","","","","","","","","","","","","","","","","","","","","","","","","","","","","","",""
"8S4WMPG7","journalArticle","2025","Junkins, Eleanor J.; Briley, D. A.; Ogolsky, Brian G.; Derringer, Jaime","Registered Report Stage II: Does personality vary by relationship power? An investigation of satisfaction in diverse romantic partnerships","JOURNAL OF RESEARCH IN PERSONALITY","","0092-6566","10.1016/j.jrp.2025.104597","","Power dynamics are intrinsic to interpersonal interactions. Historically, researchers studied romantic relationship power dynamics in the context of man-woman dyads, potentially confounding gender and power effects. We examined the associations among relationship satisfaction, relationship power, and individual characteristics, including dimensional assessments of gender expression and other personality and sociodemographic characteristics. We performed secondary analyses in a dataset (N = 1,750) that was diverse with respect to gender identity, sexual orientation, and relationship structure. Using complementary nonparametric statistical approaches for interactions and multilevel group analysis, we estimated the extent to which associations among key relationship features and personal characteristics vary and account for effects within-versus between-groups. Despite negligible average estimates of moderation of associations between personality traits and relationship satisfaction by relationship power, moderation was more pronounced for certain groups at certain levels of relationship power. When looking at intersectional participant groupings, there was more variation in the association with relationship satisfaction between-groups when based on identity (gender, relationship-type, SGM, assigned sex at birth) than resource indicators (age, education, leadership, SES). The findings demonstrate that person characteristics play a complex role in romantic relationships. Nonlinear models allowing composite consideration of multiple identities and sociodemographic characteristics can reveal nuanced boundaries on associations between personality, relationship power, and relationship satisfaction.","2025-06","2026-03-24 19:34:06","2026-03-24 19:34:06","","","","","116","","","","","","","","","","English","","","","","","","Place: 525 B ST, STE 1900, SAN DIEGO, CA 92101-4495 USA Publisher: ACADEMIC PRESS INC ELSEVIER SCIENCE Type: Article","","","","and discriminatory accuracy; Gender expression; Local structural equation modeling; Multilevel analysis of individual heterogeneity; Personality; Power dynamics; Relationship satisfaction; Sexual and gender diversity","","","","","","","","","","","","","","","","","","","","","","","","","","","","","","","","","","","","","","","","","","","","","","",""
"7DDB47IR","journalArticle","2024","Silverstein, Priya; Pennington, Charlotte R.; Branney, Peter; O'Connor, Daryl B.; Lawlor, Emma; O'Brien, Emer; Lynott, Dermot","A registered report survey of open research practices in psychology departments in the UK and Ireland","BRITISH JOURNAL OF PSYCHOLOGY","","0007-1269","10.1111/bjop.12700","","Open research practices seek to enhance the transparency and reproducibility of research. While there is evidence of increased uptake in these practices, such as study preregistration and open data, facilitated by new infrastructure and policies, little research has assessed general uptake of such practices across psychology university researchers. The current study estimates psychologists' level of engagement in open research practices across universities in the United Kingdom and Ireland, while also assessing possible explanatory factors that may impact their engagement. Data were collected from 602 psychology researchers in the United Kingdom and Ireland on the extent to which they have implemented various practices (e.g., use of preprints, preregistration, open data, open materials). Here we present the summarized descriptive results, as well as considering differences between various categories of researcher (e.g., career stage, subdiscipline, methodology), and examining the relationship between researcher's practices and their self-reported capability, opportunity, and motivation (COM-B) to engage in open research practices. Results show that while there is considerable variability in engagement of open research practices, differences across career stage and subdiscipline of psychology are small by comparison. We observed consistent differences according to respondent's research methodology and based on the presence of institutional support for open research. COM-B dimensions were collectively significant predictors of engagement in open research, with automatic motivation emerging as a consistently strong predictor. We discuss these findings, outline some of the challenges experienced in this study, and offer suggestions and recommendations for future research. Estimating the prevalence of responsible research practices is important to assess sustained behaviour change in research reform, tailor educational training initiatives, and to understand potential factors that might impact engagement.","2024-08","2026-03-24 19:34:06","2026-03-24 19:34:06","","497-534","","3","115","","","","","","","","","","English","","","","","","","Place: 111 RIVER ST, HOBOKEN 07030-5774, NJ USA Publisher: WILEY Type: Article","","","","credibility revolution; open science practices; replication crisis; researcher engagement; responsible research practices","","","","","","","","","","","","","","","","","","","","","","","","","","","","","","","","","","","","","","","","","","","","","","",""
"VGZ682I6","journalArticle","2026","Demkowicz, Ola; O'Brien, Annie; Hamilton, Suzanne; Burke, Lauren; Alemdar, Melek; Mason, Carla; Anderton, Molly; Nanda, Pratyasha; Corke Butters, Lily; Beissel, Felicitas; Lu, Yizhuo; Chatburn, Eleanor; Humphrey, Neil; Qualter, Pamela","Child and school staff perceptions and experiences of universal social and emotional learning curricula in context: A qualitative case study registered report examining `Passport Skills for Life'","BRITISH JOURNAL OF EDUCATIONAL PSYCHOLOGY","","0007-0998","10.1111/bjep.70065","","Background: There is increasing interest in the circumstances under which universal school-based social and emotional learning (SEL) interventions can be most effective, and how implementation moderates intervention outcomes. We focus on the implementation of `Passport Skills for Life', an SEL intervention that has been introduced into over 100 schools in England to date. Aim: We examined the experiences and perceptions of both school staff and children in delivering and engaging with Passport. Method: We report on the implementation and process evaluation of a large cluster randomized controlled trial conducted in mainstream primary schools across Greater Manchester and surrounding areas. We used a qualitative longitudinal design, engaging with children, teachers and senior leaders in five case study schools via focus groups and interviews. We used reflexive thematic analysis to build an integrated picture, guided by relevant implementation theory on dimensions of, and factors affecting, implementation. We triangulated and examined differences in thematic representation among participant groups to understand differences in perspectives. Findings: Teachers generally reported high fidelity, but commonly made adaptations. The comic book format, emotional reflection opportunities and sensitive content of Passport were considered distinctive and valuable, though implementation was shaped by factors including school context and limited programme differentiation for children with SEND. Children, teachers and SLT were generally aligned in perspectives, with greater within-group divergence. Conclusions: Findings highlight the need for inclusive, sensitive and context-responsive SEL design, alongside guidance and support to ensure fidelity without compromising accessibility, impact or flexibility.","2026-03-02","2026-03-24 19:34:06","2026-03-24 19:34:06","","","","","","","","","","","","","","","English","","","","","","","Place: 111 RIVER ST, HOBOKEN 07030-5774, NJ USA Publisher: WILEY Type: Article; Early Access","","","","implementation; school-based intervention; social and emotional learning; universal intervention","","","","","","","","","","","","","","","","","","","","","","","","","","","","","","","","","","","","","","","","","","","","","","",""
"H8BAS4XM","journalArticle","2024","Lowe, Cassandra J.; Bodell, Lindsay P.","Examining neural responses to anticipating or receiving monetary rewards and the development of binge eating in youth. A registered report using data from the Adolescent Brain Cognitive Development (ABCD) study","DEVELOPMENTAL COGNITIVE NEUROSCIENCE","","1878-9293","10.1016/j.dcn.2024.101377","","Binge eating is characterized as eating a large amount of food and feeling a loss of control while eating. However, the neurobiological mechanisms associated with the onset and maintenance of binge eating are largely unknown. Recent neuroimaging work has suggested that increased responsivity within reward regions of the brain to the anticipation or receipt of rewards is related to binge eating; however, limited longitudinal data has precluded understanding of the role of reward responsivity in the development of binge eating. The current study used data from the Adolescent Brain and Cognitive Development (R) (ABCD) longitudinal study dataset to assess whether heightened neural responses to different phases of reward processing (reward anticipation and receipt) (1) differentiated individuals with binge eating from matched controls, and (2) predicted the onset of binge eating in an “at risk” sample. Consistent with hypotheses, heightened neural responsivity in the right caudate and bilateral VS during reward anticipation differentiated youth with and without binge eating. Moreover, greater VS response to reward anticipation predicted binge eating two years later. Neural responses to reward receipt also were consistent with hypotheses, such that heightened VS and OFC responses differentiated youth with and without binge eating and predicted the presence of binge eating two years later. Findings from the current study suggest that hypersensitivity to rewards may contribute to the development of binge eating during early adolescence.","2024-06","2026-03-24 19:34:06","2026-03-24 19:34:06","","","","","67","","","","","","","","","","English","","","","","","","Place: 125 London Wall, London, ENGLAND Publisher: ELSEVIER SCI LTD Type: Article","","","","ABCD Study; Adolescents; Binge Eating; Disordered Eating; Reward","","","","","","","","","","","","","","","","","","","","","","","","","","","","","","","","","","","","","","","","","","","","","","",""
"J42CJQWK","journalArticle","2023","Campbell, Mark J.; Cregan, Sarah C.; Joyce, John M.; Kowal, Magdalena; Toth, Adam J.","Comparing the cognitive performance of action video game players and age-matched controls following a cognitively fatiguing task: A stage 2 registered report","BRITISH JOURNAL OF PSYCHOLOGY","","0007-1269","10.1111/bjop.12692","","Recent work demonstrates that those who regularly play action video games (AVGs) consistently outperform non-gamer (NG) controls on tests of various cognitive abilities. AVGs place high demands on several cognitive functions and are often engaged with for long periods of time (e.g., over 2 h), predisposing players to experiencing cognitive fatigue. The detrimental effects of cognitive fatigue have been widely studied in various contexts where accurate performance is crucial, including aviation, military, and sport. Even though AVG players may be prone to experiencing cognitive fatigue, this topic has received little research attention to date. In this study, we compared the effect of a cognitively fatiguing task on the subsequent cognitive performance of action video game players and NG control participants. Our results indicated AVGs showed superior spatial working memory and complex attention abilities while showing no difference from NGs on simple attention performance. Additionally, we found that our cognitive fatigue and control interventions did not differentially affect the cognitive performance of AVGs and NGs in this study. This pre-registered study provides evidence that AVGs show superior cognitive abilities in comparison to a non-gaming population, but do not appear more resilient to cognitive fatigue.","2023-12-23","2026-03-24 19:34:06","2026-03-24 19:34:06","","","","","","","","","","","","","","","English","","","","","","","Place: 111 RIVER ST, HOBOKEN 07030-5774, NJ USA Publisher: WILEY Type: Article; Early Access","","","","cognition; cognitive fatigue; eyetracking; pupillometry; Stroop","","","","","","","","","","","","","","","","","","","","","","","","","","","","","","","","","","","","","","","","","","","","","","",""
"DSNMWVLD","journalArticle","2025","Rougier, Marine; Schmitz, Mathias; Nuel, Ivane; Fayant, Marie-Pierre; Subra, Baptiste; Alexopoulos, Theodore; Yzerbyt, Vincent","It is not only whether I approach but also why I approach: A registered report on the role of action framing in approach/avoidance training effects","JOURNAL OF EXPERIMENTAL SOCIAL PSYCHOLOGY","","0022-1031","10.1016/j.jesp.2024.104697","","Research on approach/avoidance training (AAT) effects shows that approach (i.e., reducing the distance between the self and a stimulus) leads to more positive evaluations of stimuli than avoidance (i.e., increasing the distance between the self and a stimulus). The present experiments relied on a grounded cognition approach to extend this finding by investigating the framing-dependency of AAT effects on facial representations of target stimuli. In a Preliminary Experiment, using antagonistic types of approach (affiliative vs. aggressive) and a reverse correlation paradigm, we found that approach led to more positive facial representations than avoidance when approach was portrayed as affiliative, but this effect decreased and tended to reverse (i.e., yielding more negative facial representations) when approach was portrayed as aggressive. Two registered experiments extended these results while also addressing important limitations of the Preliminary Experiment. First, to prevent any contrast emerging from the joint use of approach and avoidance, Experiment 1 isolated the unique effects of affiliative approach, aggressive approach, and avoidance compared to a control action. We also explored whether aggressive approach and avoidance (two negatively valenced yet distinct actions) produced negative effects characterized by divergent outcomes on facial features (e.g., weak vs. dominant). Second, Experiment 2 tested the importance of the experiential component of approach/avoidance actions by comparing the AAT with a mere instructions condition. Results of Experiments 1 and 2 proved consistent with a framing-dependency of AAT effects. Unveiling the framing-dependency of AAT effects challenges some of the current theoretical views on AAT effects.","2025-03","2026-03-24 19:34:06","2026-03-24 19:34:06","","","","","117","","","","","","","","","","English","","","","","","","Place: 525 B ST, STE 1900, SAN DIEGO, CA 92101-4495 USA Publisher: ACADEMIC PRESS INC ELSEVIER SCIENCE Type: Article","","","","Aggression; Approach/avoidance training; Face representation; Framing; Reverse correlation","","","","","","","","","","","","","","","","","","","","","","","","","","","","","","","","","","","","","","","","","","","","","","",""
"4H2JWJ9B","journalArticle","2025","Mather, Emily; Lindsay, Shane","How Well Do Children Remember Fast-Mapped Words? A Pre-Registered Meta-Analysis of Retention Following the Mutual Exclusivity Response","INFANT AND CHILD DEVELOPMENT","","1522-7227","10.1002/icd.70019","","There is widespread evidence that children display a mutual exclusivity response upon encountering new words. Children displaying this behaviour will select a novel, name-unknown object in response to a novel label, rather than a familiar, name-known object. The mutual exclusivity response has been viewed as a means of fast-mapping vocabulary-enabling the retention of new words with minimal and incidental exposure. Thus, it may play an important role in driving early vocabulary growth. Yet, while the mutual exclusivity response may initially guide the correct choice of a novel word's referent, it does not necessarily result in retention for even brief durations. In this pre-registered meta-analysis, we examined the evidence for the retention of novel noun mappings disambiguated through the mutual exclusivity response. While a large effect size was observed for the mutual exclusivity response, consistent with past research, there was a smaller effect for subsequent retention-which was substantially attenuated by Bayesian publication bias correction. Our findings are consistent with models of word learning in which referent selection is not governed by the same processes underlying referent retention.","2025-05","2026-03-24 19:34:06","2026-03-24 19:34:06","","","","3","34","","","","","","","","","","English","","","","","","","Place: 111 RIVER ST, HOBOKEN 07030-5774, NJ USA Publisher: WILEY Type: Article","","","","fast mapping; language development; meta-analysis; mutual exclusivity; registered report; word learning","","","","","","","","","","","","","","","","","","","","","","","","","","","","","","","","","","","","","","","","","","","","","","",""
"N25ASW4T","journalArticle","2025","Arkesteijn, Marco; Bennett, Rachel; Davies, Jennifer L.; Sumner, Rachel C.","Does Allostatic Load in 50-89-Year-Olds Predict the Development of Frailty? Evidence From a National Longitudinal Study Over 12 Years","STRESS AND HEALTH","","1532-3005","10.1002/smi.3517","","Frailty is characterised by a loss of function across several domains but is not an inevitable aspect of ageing and can be reversed with intervention. Determining those who are more likely to become frail before physical deficits become manifest will allow earlier intervention. One promising indicator of the potential for frailty is allostatic load, a physiological status associated with prolonged stress that is, characterised by multisystem dysfunction. Previous research has sought to understand the links between allostatic load and frailty, but has not yet explored whether allostatic load may be a predictive factor at younger ages and-if so-at what age it may be predictive. The present study sets out establish whether allostatic load can be used as a predictive indicator of frailty. Using the English Longitudinal Survey on Ageing (ELSA) data with an anticipated sample of 1500 people between 50 and 89 years old, time series analysis will determine if, and at what age, allostatic load may be predictive of pre-frailty and frailty. The findings of these analyses may be supportive of early identification of frailty by establishing an age at which a diagnostic test for allostatic load may prove a critical indicator for future frailty.","2025-04","2026-03-24 19:34:06","2026-03-24 19:34:06","","","","2","41","","","","","","","","","","English","","","","","","","Place: 111 RIVER ST, HOBOKEN 07030-5774, NJ USA Publisher: WILEY Type: Article","","","","ageing populations; allostatic overload; healthy ageing; registered report","","","","","","","","","","","","","","","","","","","","","","","","","","","","","","","","","","","","","","","","","","","","","","",""
"I3IGBVH7","journalArticle","2026","Berkovich, Rotem; Reggev, Niv","Registered report stage I: Is it unpleasant to predict kindergarten teacher = man? Testing the emotional response to the anticipation of confirmation or violation of gendered stereotypes","JOURNAL OF EXPERIMENTAL SOCIAL PSYCHOLOGY","","0022-1031","10.1016/j.jesp.2025.104854","","Social interactions are fundamentally shaped by our expectations of others' behavior, and one of the most powerful influences on these expectations is gender stereotypes. Previous research has explored the implications of affirming or violating these stereotypes, tacitly overlooking the impact of the expectations themselves. Here, we aim to investigate (1) the potential emotional responses that arise from the anticipation of affirmation or violation and (2) how these anticipatory states influence emotional reactions to stereotype-related targets. Specifically, we hypothesize that anticipating affirmation (/violations) of gendered expectations will elicit pleasant (/unpleasant) emotions regardless of the actual outcome, and that these anticipatory states will exert a similar influence on the emotional responses to stereotype-related targets. To explore those hypotheses, we will measure the intensity of emotional reactions to emotion-evoking images presented after an anticipatory cue regarding gender-stereotypical expectations (Study 1) or after encountering a cue and an affirming or violating social target (Study 2). To minimize response bias, we will employ evidence accumulation models to provide an indirect, easily interpretable, unbiased, and reliable measurement of emotion intensity. The results are expected to highlight the hitherto neglected aspect of outcome anticipation in person perception. Specifically, the results will highlight whether merely expecting stereotype-violating information triggers unpleasant emotions, potentially contributing to the persistence of prejudice and also tap into why and when individuals prefer (un) certainty.","2026-03","2026-03-24 19:34:06","2026-03-24 19:34:06","","","","","123","","","","","","","","","","English","","","","","","","Place: 525 B ST, STE 1900, SAN DIEGO, CA 92101-4495 USA Publisher: ACADEMIC PRESS INC ELSEVIER SCIENCE Type: Article","","","","Emotions; Evidence accumulation models; Expectations; Gender stereotypes","","","","","","","","","","","","","","","","","","","","","","","","","","","","","","","","","","","","","","","","","","","","","","",""
"YMD3BMAP","journalArticle","2026","Wilson, Claire; Brodie, Zara P.; Russell, Kirsten","Trauma-informed practice for children and young people with intellectual disabilities: A scoping review","BRITISH JOURNAL OF EDUCATIONAL PSYCHOLOGY","","0007-0998","10.1111/bjep.70011","","BackgroundThere is growing consensus that children and young people (CYP) with an intellectual disability are more likely to experience trauma than those in the general population, which can exacerbate their vulnerabilities and developmental challenges. Trauma-informed practices (TIPs) have been used to support those who have experienced trauma, but we need to know more about the implementation of TIPs with this population.AimThe study aimed to synthesize research investigating TIPs for CYP with intellectual disabilities. The review examined what TIPs, policies and models have been implemented, the effectiveness of these and barriers and facilitators of trauma-informed intervention implementation.MethodsA scoping review was conducted of quantitative and qualitative research. In total, 11 studies met the inclusion criteria. Study findings were analysed using a narrative synthesis approach.FindingsThe review identified several TIPs that have been used to support CYP with intellectual disability. However, limited intervention studies were found. Teacher training was discussed as a barrier and facilitator of TIP. Training is needed to enhance staff's ability, skills, and knowledge. It was also reported that adaptations to usual TIP can enhance efficacy.ConclusionsThe findings have implications for research, practice, and policy. More intervention studies are needed with this population. Policymakers must recognize the importance of teacher training and take action to provide such opportunities. We also urge practitioners to make adaptations to usual trauma therapy when working with CYP with intellectual disability. In doing so, such individuals may overcome trauma-related barriers and achieve positive developmental outcomes.","2026-03","2026-03-24 19:34:06","2026-03-24 19:34:06","","207-239","","1","96","","","","","","","","","","English","","","","","","","Place: 111 RIVER ST, HOBOKEN 07030-5774, NJ USA Publisher: WILEY Type: Article","","","","contexts of learning; methodological issues; registered reports; special education - atypical development; teacher education","","","","","","","","","","","","","","","","","","","","","","","","","","","","","","","","","","","","","","","","","","","","","","",""
"NAKAPLU5","journalArticle","2024","Dora, Jonas; Kuczynski, Adam M.; Schultz, Megan E.; Acuff, Samuel F.; Murphy, James G.; King, Kevin M.","An Experimental Investigation Into the Effect of Negative Affect on the Behavioral Economic Demand for Alcohol","PSYCHOLOGY OF ADDICTIVE BEHAVIORS","","0893-164X","10.1037/adb0000984","","Objective: It is hypothesized that alcohol use is reinforcing when used as a strategy to cope with negative affect. Although the evidence for this hypothesis in observational data is weak, some experimental evidence suggests that the behavioral economic demand for alcohol increases immediately following a negative emotional event. We hypothesized that people show a higher demand for alcohol following negative (vs. neutral) mood inductions and that this effect is stronger in people who report heavier drinking compared to people who report lighter drinking as well as stronger on days characterized by higher coping motives and negative urgency. Method: 309 college students who reported recent alcohol consumption (M-AUDIT = 6.86) completed the alcohol purchase task after being subjected to 12 mood inductions (six negative, six neutral, order randomized) on 12 separate days. Results: In our preregistered analyses, we found no evidence that the behavioral economic demand for alcohol was elevated following negative mood inductions. The mood inductions in our study were not as strong as has been reported in previous research, weakening the preregistered inferences. In exploratory analyses performed on a subset of the data in which the mood inductions worked as intended, demand was higher following negative mood inductions. Conclusions: The results of this study are not conclusive. In light of previous research, we consider these data to slightly increase our confidence that demand for alcohol is increased immediately following a negative emotional event.","2024-06","2026-03-24 19:34:06","2026-03-24 19:34:06","","409-423","","4","38","","","","","","","","","","English","","","","","","","Place: 750 FIRST ST, NE, WASHINGTON, DC 20002-4242 USA Publisher: EDUCATIONAL PUBLISHING FOUNDATION-AMERICAN PSYCHOLOGICAL ASSOC Type: Article","","","","alcohol use; behavioral economic demand; mood induction; negative reinforcement; registered report","","","","","","","","","","","","","","","","","","","","","","","","","","","","","","","","","","","","","","","","","","","","","","",""
"ILY8DZNK","journalArticle","2025","Mayo-Wilson, Evan; Grant, Sean; Corker, Katherine S.; Moher, David","Consistent and Precise Description of Research Outputs Could Improve Implementation of Open Science","ADVANCES IN METHODS AND PRACTICES IN PSYCHOLOGICAL SCIENCE","","2515-2459","10.1177/25152459251375445","","In 2013, the Center for Open Science proposed that journal articles be awarded “badges” for engaging in open-science practices, including preregistration. In 2015, the Transparency and Openness Promotion (TOP) guidelines (TOP 2015) promoted preregistration of studies and analysis plans. Since then, the term “preregistration” has been used to describe different research outputs created at different times-sometimes, but not always, including study registration. Following a review of evidence about TOP 2015 implementation, including evidence that adherence could not be rated reliably, the TOP Guidelines Advisory Board updated these guidelines (TOP 2025). The TOP 2025 guidelines no longer use the term “preregistration.” Instead, TOP 2025 disambiguates specific research outputs, such as registrations, study protocols, analysis plans, code, and other research materials. TOP 2025 also explains that researchers should describe the time at which outputs are created and shared in relation to key study activities. In this article, we explain why adopting the terminology used in TOP 2025 and describing the times at which specific research outputs are created and shared will enhance understanding and support better implementation and reporting of open science.","2025-10","2026-03-24 19:34:06","2026-03-24 19:34:06","","","","4","8","","","","","","","","","","English","","","","","","","Place: 2455 ℡LER RD, THOUSAND OAKS, CA 91320 USA Publisher: SAGE PUBLICATIONS INC Type: Article","","","","communication; nomenclature; open science; preanalysis plans; preregistration; protocols; registered reports; statistical-analysis plans; study registration; taxonomy","","","","","","","","","","","","","","","","","","","","","","","","","","","","","","","","","","","","","","","","","","","","","","",""