id,year,author,doi,title,journal,rater,include_final,no_reason,confirmed,type,prereg_link,notes
1061,2021,"Havron, Naomi; Babineau, Mireille; Christophe, Anne",10.1111/desc.13030,18-month-olds fail to use recent experience to infer the syntactic category of novel words,Developmental Science,moin,yes,,yes,rr,https://osf.io/ujesx/files/rde4z,not formally registered
1166,2019,"Tipples, Jason; Pecchinenda, Anna",10.1080/02699931.2018.1468732,A closer look at the size of the gaze-liking effect: a preregistered replication,Cognition and Emotion,moin,no,replication,yes,replication,https://osf.io/n8e65/files/krcze,not formally registered
1113,2021,"Graham, Eileen K.; James, Bryan D.; Jackson, Kathryn L.; Willroth, Emily C.; Luo, Jing; Beam, Christopher R.; Pedersen, Nancy L.; Reynolds, Chandra A.; Katz, Mindy; Lipton, Richard B.; Boyle, Patricia; Wilson, Robert; Bennett, David A.; Mroczek, Daniel K.",10.1016/j.jrp.2021.104100,"A coordinated analysis of the associations among personality traits, cognitive decline, and dementia in older adulthood",Journal of Research in Personality,moin,yes,,yes,rr,https://osf.io/32wgf/registrations,
1014,2022,"Baldwin, Jessie R.; Sallis, Hannah M.; Schoeler, Tabea; Taylor, Mark J.; Kwong, Alex S. F.; Tielbeek, Jorim J.; Barkhuizen, Wikus; Warrier, Varun; Howe, Laura D.; Danese, Andrea; McCrory, Eamon; Rijsdijk, Fruhling; Larsson, Henrik; Lundström, Sebastian; Karlsson, Robert; Lichtenstein, Paul; Munafò, Marcus; Pingault, Jean-Baptiste",10.1038/s41562-022-01482-9,A genetically informed Registered Report on adverse childhood experiences and mental health,Nature Human Behaviour,moin,yes,,yes,rr,https://doi.org/10.6084/m9.figshare.13580777,
1136,2022,"Ekstrom, Pierce; Lai, Calvin",10.1525/collabra.36344,"A Good Person Shouldn’t Feel This Way: Moralized Attitudes, Identity, and Self-Esteem",Collabra,moin,yes,,yes,rr,https://osf.io/zry5b/overview,
1010,2021,"Wang, Ke; Goldenberg, Amit; Dorison, Charles A.; Miller, Jeremy K.; Uusberg, Andero; Lerner, Jennifer S.; Gross, James J.; Agesin, Bamikole Bamikole; Bernardo, Márcia; Campos, Olatz; Eudave, Luis; Grzech, Karolina; Ozery, Daphna Hausman; Jackson, Emily A.; Garcia, Elkin Oswaldo Luis; Drexler, Shira Meir; Jurković, Anita Penić; Rana, Kafeel; Wilson, John Paul; Antoniadi, Maria; Desai, Kermeka; Gialitaki, Zoi; Kushnir, Elizaveta; Nadif, Khaoula; Bravo, Olalla Niño; Nauman, Rafia; Oosterlinck, Marlies; Pantazi, Myrto; Pilecka, Natalia; Szabelska, Anna; Van Steenkiste, I. M. M.; Filip, Katarzyna; Bozdoc, Andreea Ioana; Marcu, Gabriela Mariana; Agadullina, Elena; Adamkovič, Matúš; Roczniewska, Marta; Reyna, Cecilia; Kassianos, Angelos P.; Westerlund, Minja; Ahlgren, Lina; Pöntinen, Sara; Adetula, Gabriel Agboola; Dursun, Pinar; Arinze, Azuka Ikechukwu; Arinze, Nwadiogo Chisom; Ogbonnaya, Chisom Esther; Ndukaihe, Izuchukwu L. G.; Dalgar, Ilker; Akkas, Handan; Macapagal, Paulo Manuel; Lewis, Savannah; Metin-Orta, Irem; Foroni, Francesco; Willis, Megan; Santos, Anabela Caetano; Mokady, Aviv; Reggev, Niv; Kurfali, Merve A.; Vasilev, Martin R.; Nock, Nora L.; Parzuchowski, Michal; Espinoza Barría, Mauricio F.; Vranka, Marek; Kohlová, Markéta Braun; Ropovik, Ivan; Harutyunyan, Mikayel; Wang, Chunhui; Yao, Elvin; Becker, Maja; Manunta, Efisio; Kaminski, Gwenael; Boudesseu, Jordane; Marko, Dafne; Evans, Kortnee; Lewis, David M. G.; Findor, Andrej; Landry, Anais Thibault; Aruta, John Jamir Benzon; Ortiz, Manuel S.; Vally, Zahir; Pronizius, Ekaterina; Voracek, Martin; Lamm, Claus; Grinberg, Maurice; Li, Ranran; Valentova, Jaroslava Varella; Mioni, Giovanna; Cellini, Nicola; Chen, Sau-Chin; Zickfeld, Janis; Moon, Karis; Azab, Habiba; Levy, Neil; Karababa, Alper; Beaudry, Jennifer L.; Boucher, Leanne; Collins, W. Matthew; Todsen, Anna Louise; Van Schie, Kevin; Vintr, Jáchym; Bavolar, Jozef; Kaliska, Lada; Križanić, Valerija; Samojlenko, Lara; Pourafshari, Razieh; Geiger, Sandra J.; Beitner, Julia; Warmelink, Lara; Ross, Robert M.; Stephen, Ian D.; Hostler, Thomas J.; Azouaghe, Soufian; McCarthy, Randy; Szala, Anna; Grano, Caterina; Solorzano, Claudio Singh; Anjum, Gulnaz; Jimenez-Leal, William; Bradford, Maria; Pérez, Laura Calderón; Cruz Vásquez, Julio E.; Galindo-Caballero, Oscar J.; Vargas-Nieto, Juan Camilo; Kácha, Ondřej; Arvanitis, Alexios; Xiao, Qinyu; Cárcamo, Rodrigo; Zorjan, Saša; Tajchman, Zuzanna; Vilares, Iris; Pavlacic, Jeffrey M.; Kunst, Jonas R.; Tamnes, Christian K.; Von Bastian, Claudia C.; Atari, Mohammad; Sharifian, MohammadHasan; Hricova, Monika; Kačmár, Pavol; Schrötter, Jana; Rahal, Rima-Maria; Cohen, Noga; FatahModares, Saeideh; Zrimsek, Miha; Zakharov, Ilya; Koehn, Monica A.; Esteban-Serna, Celia; Calin-Jageman, Robert J.; Krafnick, Anthony J.; Štrukelj, Eva; Isager, Peder Mortvedt; Urban, Jan; Silva, Jaime R.; Martončik, Marcel; Očovaj, Sanja Batić; Šakan, Dušana; Kuzminska, Anna O.; Djordjevic, Jasna Milosevic; Almeida, Inês A. T.; Ferreira, Ana; Lazarevic, Ljiljana B.; Manley, Harry; Ricaurte, Danilo Zambrano; Monteiro, Renan P.; Etabari, Zahra; Musser, Erica; Dunleavy, Daniel; Chou, Weilun; Godbersen, Hendrik; Ruiz-Fernández, Susana; Reeck, Crystal; Batres, Carlota; Kirgizova, Komila; Muminov, Abdumalik; Azevedo, Flavio; Alvarez, Daniela Serrato; Butt, Muhammad Mussaffa; Lee, Jeong Min; Chen, Zhang; Verbruggen, Frederick; Ziano, Ignazio; Tümer, Murat; Charyate, Abdelilah C. A.; Dubrov, Dmitrii; Tejada Rivera, María Del Carmen M. C.; Aberson, Christopher; Pálfi, Bence; Maldonado, Mónica Alarcón; Hubena, Barbora; Sacakli, Asli; Ceary, Chris D.; Richard, Karley L.; Singer, Gage; Perillo, Jennifer T.; Ballantyne, Tonia; Cyrus-Lai, Wilson; Fedotov, Maksim; Du, Hongfei; Wielgus, Magdalena; Pit, Ilse L.; Hruška, Matej; Sousa, Daniela; Aczel, Balazs; Hajdu, Nandor; Szaszi, Barnabas; Adamus, Sylwia; Barzykowski, Krystian; Micheli, Leticia; Schmidt, Nadya-Daniela; Zsido, Andras N.; Paruzel-Czachura, Mariola; Muda, Rafał; Bialek, Michal; Kowal, Marta; Sorokowska, Agnieszka; Misiak, Michal; Mola, Débora; Ortiz, María Victoria; Correa, Pablo Sebastián; Belaus, Anabel; Muchembled, Fany; Ribeiro, Rafael R.; Arriaga, Patricia; Oliveira, Raquel; Vaughn, Leigh Ann; Szwed, Paulina; Kossowska, Małgorzata; Czarnek, Gabriela; Kielińska, Julita; Antazo, Benedict; Betlehem, Ruben; Stieger, Stefan; Nilsonne, Gustav; Simonovic, Nicolle; Taber, Jennifer; Gourdon-Kanhukamwe, Amélie; Domurat, Artur; Ihaya, Keiko; Yamada, Yuki; Urooj, Anum; Gill, Tripat; Čadek, Martin; Bylinina, Lisa; Messerschmidt, Johanna; Kurfalı, Murathan; Adetula, Adeyemi; Baklanova, Ekaterina; Albayrak-Aydemir, Nihan; Kappes, Heather B.; Gjoneska, Biljana; House, Thea; Jones, Marc V.; Berkessel, Jana B.; Chopik, William J.; Çoksan, Sami; Seehuus, Martin; Khaoudi, Ahmed; Bokkour, Ahmed; El Arabi, Kanza Ait; Djamai, Ikhlas; Iyer, Aishwarya; Parashar, Neha; Adiguzel, Arca; Kocalar, Halil Emre; Bundt, Carsten; Norton, James O.; Papadatou-Pastou, Marietta; De La Rosa-Gomez, Anabel; Ankushev, Vladislav; Bogatyreva, Natalia; Grigoryev, Dmitry; Ivanov, Aleksandr; Prusova, Irina; Romanova, Marina; Sarieva, Irena; Terskova, Maria; Hristova, Evgeniya; Kadreva, Veselina Hristova; Janak, Allison; Schei, Vidar; Sverdrup, Therese E.; Askelund, Adrian Dahl; Pineda, Lina Maria Sanabria; Krupić, Dajana; Levitan, Carmel A.; Johannes, Niklas; Ouherrou, Nihal; Say, Nicolas; Sinkolova, Sladjana; Janjić, Kristina; Stojanovska, Marija; Stojanovska, Dragana; Khosla, Meetu; Thomas, Andrew G.; Kung, Franki Y. H.; Bijlstra, Gijsbert; Mosannenzadeh, Farnaz; Balci, Busra Bahar; Reips, Ulf-Dietrich; Baskin, Ernest; Ishkhanyan, Byurakn; Czamanski-Cohen, Johanna; Dixson, Barnaby James Wyld; Moreau, David; Sutherland, Clare A. M.; Chuan-Peng, Hu; Noone, Chris; Flowe, Heather; Anne, Michele; Janssen, Steve M. J.; Topor, Marta; Majeed, Nadyanna M.; Kunisato, Yoshihiko; Yu, Karen; Daches, Shimrit; Hartanto, Andree; Vdovic, Milica; Anton-Boicuk, Lisa; Forbes, Paul A. G.; Kamburidis, Julia; Marinova, Evelina; Nedelcheva-Datsova, Mina; Rachev, Nikolay R.; Stoyanova, Alina; Schmidt, Kathleen; Suchow, Jordan W.; Koptjevskaja-Tamm, Maria; Jernsäther, Teodor; Olofsson, Jonas K.; Bialobrzeska, Olga; Marszalek, Magdalena; Tatachari, Srinivasan; Afhami, Reza; Law, Wilbert; Antfolk, Jan; Žuro, Barbara; Van Doren, Natalia; Soto, Jose A.; Searston, Rachel; Miranda, Jacob; Damnjanović, Kaja; Yeung, Siu Kit; Krupić, Dino; Hoyer, Karlijn; Jaeger, Bastian; Ren, Dongning; Pfuhl, Gerit; Klevjer, Kristoffer; Corral-Frías, Nadia S.; Frias-Armenta, Martha; Lucas, Marc Y.; Torres, Adriana Olaya; Toro, Mónica; Delgado, Lady Grey Javela; Vega, Diego; Solas, Sara Álvarez; Vilar, Roosevelt; Massoni, Sébastien; Frizzo, Thomas; Bran, Alexandre; Vaidis, David C.; Vieira, Luc; Paris, Bastien; Capizzi, Mariagrazia; Coelho, Gabriel Lins De Holanda; Greenburgh, Anna; Whitt, Cassie M.; Tullett, Alexa M.; Du, Xinkai; Volz, Leonhard; Bosma, Minke Jasmijn; Karaarslan, Cemre; Sarıoğuz, Eylül; Allred, Tara Bulut; Korbmacher, Max; Colloff, Melissa F.; Lima, Tiago J. S.; Ribeiro, Matheus Fernando Felix; Verharen, Jeroen P. H.; Karekla, Maria; Karashiali, Christiana; Sunami, Naoyuki; Jaremka, Lisa M.; Storage, Daniel; Habib, Sumaiya; Studzinska, Anna; Hanel, Paul H. P.; Holford, Dawn Liu; Sirota, Miroslav; Wolfe, Kelly; Chiu, Faith; Theodoropoulou, Andriana; Ahn, El Rim; Lin, Yijun; Westgate, Erin C.; Brohmer, Hilmar; Hofer, Gabriela; Dujols, Olivier; Vezirian, Kevin; Feldman, Gilad; Travaglino, Giovanni A.; Ahmed, Afroja; Li, Manyu; Bosch, Jasmijn; Torunsky, Nathan; Bai, Hui; Manavalan, Mathi; Song, Xin; Walczak, Radoslaw B.; Zdybek, Przemysław; Friedemann, Maja; Rosa, Anna Dalla; Kozma, Luca; Alves, Sara G.; Lins, Samuel; Pinto, Isabel R.; Correia, Rita C.; Babinčák, Peter; Banik, Gabriel; Rojas-Berscia, Luis Miguel; Varella, Marco A. C.; Uttley, Jim; Beshears, Julie E.; Thommesen, Katrine Krabbe; Behzadnia, Behzad; Geniole, Shawn N.; Silan, Miguel A.; Maturan, Princess Lovella G.; Vilsmeier, Johannes K.; Tran, Ulrich S.; Izquierdo, Sara Morales; Mensink, Michael C.; Sorokowski, Piotr; Groyecka-Bernard, Agata; Radtke, Theda; Adoric, Vera Cubela; Carpentier, Joelle; Özdoğru, Asil Ali; Joy-Gaba, Jennifer A.; Hedgebeth, Mattie V.; Ishii, Tatsunori; Wichman, Aaron L.; Röer, Jan Philipp; Ostermann, Thomas; Davis, William E.; Suter, Lilian; Papachristopoulos, Konstantinos; Zabel, Chelsea; Onie, Sandersan; Ebersole, Charles R.; Chartier, Christopher R.; Mallik, Peter R.; Urry, Heather L.; Buchanan, Erin M.; Coles, Nicholas A.; Primbs, Maximilian A.; Basnight-Brown, Dana M.; IJzerman, Hans; Forscher, Patrick S.; Moshontz, Hannah",10.1038/s41562-021-01173-x,A multi-country test of brief reappraisal interventions on emotions during the COVID-19 pandemic,Nature Human Behaviour,moin,yes,,yes,rr,https://doi.org/10.6084/m9.figshare.c.4878591,
1013,2022,"Coles, Nicholas A.; March, David S.; Marmolejo-Ramos, Fernando; Larsen, Jeff T.; Arinze, Nwadiogo C.; Ndukaihe, Izuchukwu L. G.; Willis, Megan L.; Foroni, Francesco; Reggev, Niv; Mokady, Aviv; Forscher, Patrick S.; Hunter, John F.; Kaminski, Gwenaël; Yüvrük, Elif; Kapucu, Aycan; Nagy, Tamás; Hajdu, Nandor; Tejada, Julian; Freitag, Raquel M. K.; Zambrano, Danilo; Som, Bidisha; Aczel, Balazs; Barzykowski, Krystian; Adamus, Sylwia; Filip, Katarzyna; Yamada, Yuki; Ikeda, Ayumi; Eaves, Daniel L.; Levitan, Carmel A.; Leiweke, Sydney; Parzuchowski, Michal; Butcher, Natalie; Pfuhl, Gerit; Basnight-Brown, Dana M.; Hinojosa, José A.; Montoro, Pedro R.; Javela D, Lady G.; Vezirian, Kevin; IJzerman, Hans; Trujillo, Natalia; Pressman, Sarah D.; Gygax, Pascal M.; Özdoğru, Asil A.; Ruiz-Fernandez, Susana; Ellsworth, Phoebe C.; Gaertner, Lowell; Strack, Fritz; Marozzi, Marco; Liuzza, Marco Tullio",10.1038/s41562-022-01458-9,A multi-lab test of the facial feedback hypothesis by the Many Smiles Collaboration,Nature Human Behaviour,moin,no,no stage 1,no,not_rr_after_all,NA,"manuscript refers to Stage 1, but could not find it anywhere, only preregs"
1144,2021,"McCarthy, Randy; Gervais, Will; Aczel, Balazs; Al-Kire, Rosemary L.; Aveyard, Mark; Marcella Baraldo, Silvia; Baruh, Lemi; Basch, Charlotte; Baumert, Anna; Behler, Anna; Bettencourt, Ann; Bitar, Adam; Bouxom, Hugo; Buck, Ashley; Cemalcilar, Zeynep; Chekroun, Peggy; Chen, Jacqueline M.; del Fresno- Díaz, Ángel; Ducham, Alec; Edlund, John E.; ElBassiouny, Amanda; Evans, Thomas Rhys; Ewell, Patrick J.; Forscher, Patrick S.; Fuglestad, Paul T.; Hauck, Lauren; Hawk, Christopher E.; Hermann, Anthony D.; Hines, Bryon; Irumva, Mukunzi; Jordan, Lauren N.; Joy-Gaba, Jennifer A.; Haley, Catherine; Kačmár, Pavol; Kezer, Murat; Körner, Robert; Kosaka, Muriel; Kovacs, Marton; Lair, Elicia C.; Légal, Jean-Baptiste; Leighton, Dana C.; Magee, Michael W.; Markman, Keith; Martončik, Marcel; Müller, Martin; Norman, Jasmine B.; Olsen, Jerome; Oyler, Danielle; Phills, Curtis E.; Ribeiro, Gianni; Rohain, Alia; Sakaluk, John; Schütz, Astrid; Toribio-Flórez, Daniel; Tsang, Jo-Ann; Vezzoli, Michela; Williams, Caitlin; Willis, Guillermo B.; Young, Jason; Zogmaister, Cristina",10.1525/collabra.18738,A Multi-Site Collaborative Study of the Hostile Priming Effect,Collabra,moin,no,replication,yes,replication,https://osf.io/preprints/psyarxiv/gxp7u_v1,not formally registered
1015,2021,"Byers-Heinlein, Krista; Tsui, Angeline Sin Mei; Bergmann, Christina; Black, Alexis K.; Brown, Anna; Carbajal, Maria Julia; Durrant, Samantha; Fennell, Christopher T.; Fiévet, Anne-Caroline; Frank, Michael C.; Gampe, Anja; Gervain, Judit; Gonzalez-Gomez, Nayeli; Hamlin, J. Kiley; Havron, Naomi; Hernik, Mikołaj; Kerr, Shila; Killam, Hilary; Klassen, Kelsey; Kosie, Jessica E.; Kovács, Ágnes Melinda; Lew-Williams, Casey; Liu, Liquan; Mani, Nivedita; Marino, Caterina; Mastroberardino, Meghan; Mateu, Victoria; Noble, Claire; Orena, Adriel John; Polka, Linda; Potter, Christine E.; Schreiner, Melanie S.; Singh, Leher; Soderstrom, Melanie; Sundara, Megha; Waddell, Connor; Werker, Janet F.; Wermelinger, Stephanie",10.1177/2515245920974622,A Multilab Study of Bilingual Infants: Exploring the Preference for Infant-Directed Speech,Advances in Methods and Practices in Psychological Science,moin,yes,,yes,rr,https://osf.io/68nu3/files/3p5wn,not formally registered
1006,2021,"Eldar, Eran; Felso, Valkyrie; Cohen, Jonathan D.; Niv, Yael",10.1038/s41562-020-01006-3,A pupillary index of susceptibility to decision biases,Nature Human Behaviour,moin,yes,,yes,rr,https://doi.org/10.6084/m9.figshare.c.4368452,
1074,2023,"Fürtjes, Anna E.; Cole, James H.; Couvy-Duchesne, Baptiste; Ritchie, Stuart J.",10.1016/j.cortex.2022.11.001,A quantified comparison of cortical atlases on the basis of trait morphometricity,Cortex,moin,yes,,yes,rr,https://osf.io/dkw9t/overview,
1087,2023,"McIntosh, Robert D.; Ten Brink, Antonia F.; Mitchell, Alexandra G.; Jones, Hannah; Peng, Nan; Thye, Melissa; Bultitude, Janet H.",10.1016/j.cortex.2022.11.003,A registered re-examination of the effects of leftward prism adaptation on landmark judgements in healthy people,Cortex,moin,no,replication,yes,replication,https://osf.io/dmqf9/overview,
1003,2020,"Declerck, Carolyn H.; Boone, Christophe; Pauwels, Loren; Vogt, Bodo; Fehr, Ernst",10.1038/s41562-020-0878-x,A registered replication study on oxytocin and trust,Nature Human Behaviour,moin,no,replication,yes,replication,https://doi.org/10.6084/m9.figshare.11980368,
1151,2020,"Clayson, Peter E.; Carbine, Kaylie A.; Larson, Michael J.",10.1016/j.ijpsycho.2020.01.005,A registered report of error-related negativity and reward positivity as biomarkers of depression: P-Curving the evidence,International Journal of Psychophysiology,moin,no,no stage 1,no,not_rr_after_all,NA,"manuscript indicates RR, but could not find Stage 1; meta-analysis"
1194,2022,"Henderson, Emma L.; Westwood, Samuel J.; Simons, Daniel J.",10.3758/s13423-021-01995-w,A reproducible systematic map of research on the illusory truth effect,Psychonomic Bulletin & Review,moin,yes,,yes,rr,https://osf.io/ar4hm/overview,
1216,2017,"Dutilh, Gilles; Vandekerckhove, Joachim; Ly, Alexander; Matzke, Dora; Pedroni, Andreas; Frey, Renato; Rieskamp, Jörg; Wagenmakers, Eric-Jan",10.3758/s13414-017-1304-y,A test of the diffusion model explanation for the worst performance rule using preregistration and blinding,"Attention, Perception, and Psychophysics",moin,yes,,yes,rr,https://osf.io/7bc4g/files/bkpre,
1189,2021,"Jones, Jonathan S.; The Calm Team; Astle, Duncan E.",10.1016/j.dcn.2021.101027,A transdiagnostic data-driven study of children’s behaviour and the functional connectome,Developmental Cognitive Neuroscience,moin,no,no stage 1,no,not_rr_after_all,NA,"manuscript refers to Stage 1, but could not find it anywhere, not even prereg"
1039,2022,"Potoczek, Anna; Bukowski, Marcin; Jasko, Katarzyna; Czepluch, Felix; Fritsche, Immo; Jugert, Philipp; Kossowska, Małgorzata",10.1016/j.jesp.2022.104352,Acting collectively against air pollution: When does control threat mobilize environmental activism? Registered report,Journal of Experimental Social Psychology,moin,no,no stage 1,no,not_rr_after_all,NA,"manuscript refers to Stage 1, but could not find it anywhere, only preregs"
1228,2024,"Duncan, Robert J.; Nordgren, Inga; Schmitt, Sara A.; Vandell, Deborah Lowe",10.1002/icd.2406,Additive and synergistic relations of early mother–child and caregiver–child interactions and socioeconomic outcomes in adulthood,Infant and Child Development,moin,yes,,yes,rr,https://osf.io/k9xad/overview,
1154,2021,"Horn, Sebastian S.; Freund, Alexandra M.",10.1080/02699931.2021.1986375,Adult age differences in remembering gain- and loss-related intentions,Cognition and Emotion,moin,yes,,yes,rr,https://osf.io/mv4y3/overview,
1158,2022,"Wirth, Maria; Voss, Andreas; Wirth, Stefan; Rothermund, Klaus",10.1080/02699931.2021.1993148,Affect dynamics and well-being: explanatory power of the model of intraindividual variability in affect (MIVA),Cognition and Emotion,moin,yes,,yes,rr,https://osf.io/rwfxg/files/rdh5b,not formally registered
1224,2023,"Ward, Emma V",10.1177/17470218221090128,Age and processing effects on perceptual and conceptual priming,Quarterly Journal of Experimental Psychology,moin,yes,,yes,rr,https://osf.io/anfby/overview,
1235,2023,"Pütter, J. Quevedo; Erdfelder, E",10.1027/1618-3169/a000569,Alcohol-Induced Retrograde Facilitation?,Experimental Psychology,moin,no,replication,yes,replication,https://osf.io/dk8fj/overview,
1104,2024,"Dora, Jonas; Kuczynski, Adam M.; Schultz, Megan E.; Acuff, Samuel F.; Murphy, James G.; King, Kevin M.",10.1037/adb0000984,An experimental investigation into the effect of negative affect on the behavioral economic demand for alcohol,Psychology of Addictive Behaviors,moin,yes,,yes,rr,https://osf.io/strbv/files/c39up,"Stage 1 not formally registered, but there is a briefer prereg"
1157,2023,"Wunderlich, Philipp; Nguyen, Christoph; von Scheve, Christian",10.1080/02699931.2022.2152430,"Angry populists or concerned citizens? How linguistic emotion ascriptions shape affective, cognitive, and behavioural responses to political outgroups",Cognition and Emotion,moin,yes,,yes,rr,https://osf.io/qujgr/overview,
1092,2020,"Nieuwland, Mante S.; Arkhipova, Yana; Rodríguez-Gómez, Pablo",10.1016/j.cortex.2020.09.007,"Anticipating words during spoken discourse comprehension: A large-scale, pre-registered replication study using brain potentials",Cortex,moin,no,replication,yes,replication,https://osf.io/tj4aw/overview,
1051,2022,"Li, Manyu",10.1016/j.jesp.2021.104278,Application of sentence-level text analysis: The role of emotion in an experimental learning intervention,Journal of Experimental Social Psychology,moin,yes,,yes,rr,https://osf.io/xtdc3/files/7sxfn,Stage 1 not formally registered
1057,2016,"Domachowska, Irena; Heitmann, Christina; Deutsch, Roland; Goschke, Thomas; Scherbaum, Stefan; Bolte, Annette",10.1016/j.jesp.2015.09.003,Approach-motivated positive affect reduces breadth of attention: Registered replication report of Gable and Harmon-Jones (2008),Journal of Experimental Social Psychology,moin,no,no stage 1,no,not_rr_after_all,NA,Prereg but not RR
1098,2022,"Fan, Lei; Tybur, Joshua M.; Jones, Benedict C.",10.1016/j.evolhumbehav.2022.08.007,Are people more averse to microbe-sharing contact with ethnic outgroup members? A registered report,Evolution and Human Behavior,moin,yes,,yes,rr,https://osf.io/6rgf4/overview,
1208,2018,"Grubb, Michael A.; Li, Yuxuan",10.3758/s13414-018-1494-y,Assessing the role of accuracy-based feedback in value-driven attentional capture,"Attention, Perception, and Psychophysics",moin,no,no stage 1,no,not_rr_after_all,NA,No link to any prereg or Stage 1
1080,2019,"Ching, April Shi Min; Kim, Jeesun; Davis, Chris",10.1016/j.cortex.2019.02.014,Auditory–visual integration during nonconscious perception,Cortex,moin,yes,,yes,rr,https://osf.io/sbntf/overview,
1192,2022,"Katzir, Maayan; Genschow, Oliver",10.1111/bjop.12578,Automatic or controlled: How does disbelief in free will influence cognitive functioning?,British Journal of Psychology,moin,no,no stage 1,no,not_rr_after_all,NA,Found prereg but no Stage 1
1085,2018,"Coltheart, Max; Cox, Rochelle; Sowman, Paul; Morgan, Hannah; Barnier, Amanda; Langdon, Robyn; Connaughton, Emily; Teichmann, Lina; Williams, Nikolas; Polito, Vince",10.1016/j.cortex.2018.01.001,"Belief, delusion, hypnosis, and the right dorsolateral prefrontal cortex: A transcranial magnetic stimulation study",Cortex,moin,no,no stage 1,no,not_rr_after_all,NA,No Stage 1 or prereg found
1167,2019,"Zgonnikov, Arkady; Atiya, Nadim A. A.; O’Hora, Denis; Rañò, Iñaki; Wong-Lin, KongFatt",10.1017/S1930297500006136,Beyond reach: Do symmetric changes in motor costs affect decision making? A registered report,Judgment and Decision Making,moin,yes,,yes,rr,https://osf.io/c3xgn/overview,
1137,2023,"Xiao, Leon Y.",10.1525/collabra.57641,Breaking Ban: Belgium’s Ineffective Gambling Law Regulation of Video Game Loot Boxes,Collabra,moin,yes,,yes,rr,https://osf.io/5mxp6/overview,
1170,2023,"Dalmaso, Mario; Castelli, Luigi; Bernardini, Chiara; Galfano, Giovanni",10.1016/j.concog.2023.103476,Can masked gaze and arrow stimuli elicit overt orienting of attention? A registered report,Consciousness and Cognition,moin,no,no stage 1,no,not_rr_after_all,NA,No Stage 1 or prereg found
1152,2021,"Leganes-Fonteneau, Mateo; Bates, Marsha E.; Muzumdar, Neel; Pawlak, Anthony; Islam, Shahriar; Vaschillo, Evgeny; Buckman, Jennifer F.",10.1016/j.ijpsycho.2021.09.003,Cardiovascular mechanisms of interoceptive awareness: Effects of resonance breathing,International Journal of Psychophysiology,moin,no,no stage 1,no,not_rr_after_all,NA,"No Stage 1 or prereg found, only an amendment"
1215,2020,"Goulet, Marc-André; Cousineau, Denis",10.3758/s13414-020-02008-z,Cognitive architecture and capacity of the cognitive system responsible for Same – Different judgments,"Attention, Perception, and Psychophysics",moin,no,no stage 1,no,not_rr_after_all,NA,"No Stage 1 or prereg found, only an amendment"
1135,2021,"Locke, Kenneth D; MacDonald, Geoff; Barni, Daniela; Reyes, Jose Alberto S; Morio, Hiroaki; Vargas-Flores, José de Jesús; Ibáñez-Reyes, Joselina; Mastor, Khairul A; Kamble, Shanmukh",10.1525/collabra.22165,Communal Motives Towards Parents and Perceived Self-Parent Agreement,Collabra,moin,yes,,yes,rr,https://osf.io/mtx68/overview,
1147,2021,"Mertens, Gaëtan; Bouwman, Vera; Engelhard, Iris M.",10.1016/j.ijpsycho.2021.09.007,Conceptual fear generalization gradients and their relationship with anxious traits: Results from a Registered Report,International Journal of Psychophysiology,moin,yes,,yes,rr,https://osf.io/preprints/psyarxiv/zwc2h_v1,Stage 1 not formally registered
1169,2020,"Frey, Renato",10.1017/S1930297500007415,Decisions from experience: Competitive search and choice in kind and wicked environments,Judgment and Decision Making,moin,yes,,yes,rr,https://osf.io/etuhq/overview,
1097,2023,"Tröndle, Marius; Popov, Tzvetan; Pedroni, Andreas; Pfeiffer, Christian; Barańczuk-Turska, Zofia; Langer, Nicolas",10.1016/j.cortex.2023.02.002,Decomposing age effects in EEG alpha power,Cortex,moin,yes,,yes,rr,https://osf.io/fb6pc/overview,
1041,2021,"Schindler, Simon; Reinhardt, Nina; Reinhard, Marc-André",10.1016/j.jesp.2020.104087,Defending one's worldview under mortality salience: Testing the validity of an established idea,Journal of Experimental Social Psychology,moin,no,no stage 1,no,not_rr_after_all,NA,Found prereg but no Stage 1
1203,2022,"Rambo-Hernandez, Karen E.; Makel, Matthew C.; Peters, Scott J.; Worley, Cristina",10.1111/bjep.12479,Differential return on investment: Academic growth in mathematics and reading based on initial performance,British Journal of Educational Psychology,moin,yes,,yes,rr,https://osf.io/9zmak/files/k36hs,Stage 1 not formally registered
1140,2021,"Kathawalla, Ummul-Kiram; Syed, Moin",10.1525/collabra.28248,"Discrimination, Life Stress, and Mental Health Among Muslims: A Preregistered Systematic Review and Meta-Analysis",Collabra,moin,no,meta-analysis,yes,rr,https://osf.io/4wsg3/overview,meta-analysis
1204,2021,"Kerwer, Martin; Rosman, Tom; Wedderhoff, Oliver; Chasiotis, Anita",10.1111/bjep.12372,Disentangling the process of epistemic change: The role of epistemic volition,British Journal of Educational Psychology,moin,yes,,yes,rr,https://osf.io/n6wfk/overview,
1130,2018,"Nitta, Hiroshi; Tomita, Haruto; Zhang, Yi; Zhou, Xinxin; Yamada, Yuki",10.1186/s41235-018-0101-z,"Disgust and the rubber hand illusion: a registered replication report of Jalal, Krishnakumar, and Ramachandran (2015)",Cognitive Research: Principles and Implications,moin,no,replication,yes,replication,https://doi.org/10.6084/m9.figshare.6217295,
1004,2020,"Berens, Sam C.; Richards, Blake A.; Horner, Aidan J.",10.1038/s41562-020-0888-8,Dissociating memory accessibility and precision in forgetting,Nature Human Behaviour,moin,yes,,yes,rr,https://doi.org/10.6084/m9.figshare.c.4368464,
1214,2022,"Daniel, Sharon; Andrillon, Thomas; Tsuchiya, Naotsugu; van Boxtel, Jeroen J. A.",10.3758/s13414-021-02352-8,Divided attention in the tactile modality,"Attention, Perception, and Psychophysics",moin,no,no stage 1,no,not_rr_after_all,NA,"No Stage 1 or prereg found, only an amendment"
1231,2022,"Luna, Karlos; Albuquerque, Pedro B.",10.1027/1618-3169/a000549,Do Beliefs About Font Size Affect Retrospective Metamemory Judgments in Addition to Prospective Judgments?,Experimental Psychology,moin,yes,,yes,rr,https://osf.io/z62gk/files/w9cfq,Stage 1 not formally registered
1183,2023,"Yoruk, Asli; Yahya, Mevla; Cangoz-Tavat, Banu",10.1080/20445911.2022.2159964,Do bilinguals have an advantage in prospective memory?,Journal of Cognitive Psychology,moin,no,no stage 1,no,not_rr_after_all,NA,No Stage 1 or prereg found
1220,2021,"Papenmeier, Frank; Timm, J. David",10.3758/s13414-020-02209-6,Do group ensemble statistics bias visual working memory for individual items? A registered replication of Brady and Alvarez (2011),"Attention, Perception, and Psychophysics",moin,no,no stage 1,no,not_rr_after_all,NA,No Stage 1 or prereg found
1058,2023,"Cruz, Francisco; Palma, Tomás A.; Bansemer, Emil; Correll, Joshua; Fonseca, Sara; Gonçalves, Patrícia; Santos, Ana Sofia",10.1016/j.jesp.2022.104423,"Do individuation instructions reduce the cross-race effect? A registered replication of Hugenberg, Miller, and Claypool (2007)",Journal of Experimental Social Psychology,moin,no,no stage 1,no,not_rr_after_all,NA,"Preg, not an RR"
1142,2022,"Costa, Elaine; Inbar, Yoel; Tannenbaum, David",10.1525/collabra.32607,Do Registered Reports Make Scientific Findings More Believable to the Public?,Collabra,moin,yes,,yes,rr,https://researchbox.org/154,
1112,2021,"Stern, Julia; Schild, Christoph; Jones, Benedict C.; DeBruine, Lisa M.; Hahn, Amanda; Puts, David A.; Zettler, Ingo; Kordsmeyer, Tobias L.; Feinberg, David; Zamfir, Dan; Penke, Lars; Arslan, Ruben C.",10.1016/j.jrp.2021.104092,Do voices carry valid information about a speaker’s personality?,Journal of Research in Personality,moin,yes,,yes,rr,https://osf.io/x4jzq/files/d8t43,Stage 1 not formally registered
1035,2023,"Troll, Eve Sarah; Friese, Malte; Loschelder, David D.",10.1111/bjso.12594,Do we fail to exert self-control because we lack resources or motivation? Competing theories to explain a debated phenomenon,British Journal of Social Psychology,moin,yes,,yes,rr,https://osf.io/4kzxf/overview,
1182,2022,"Abubshait, Abdulaziz; Siri, Giulia; Wykowska, Agnieszka",10.1016/j.actpsy.2022.103660,Does attributing mental states to a robot influence accessibility of information represented during reading?,Acta Psychologica,moin,no,no stage 1,no,not_rr_after_all,NA,No Stage 1 or prereg found
1227,2023,"Yüvrük, Elif; Starns, Jeffrey; Kapucu, Aycan",10.1177/17470218221137347,Does misremembering drive false alarms for emotional lures? A diffusion model investigation,Quarterly Journal of Experimental Psychology,moin,yes,,yes,rr,https://osf.io/f7a4j/files/4bqzh,Stage 1 not formally registered
1031,2020,"Aknin, Lara B.; Dunn, Elizabeth W.; Proulx, Jason; Lok, Iris; Norton, Michael I.",10.1037/pspa0000191,Does spending money on others promote happiness?: A registered replication report.,Journal of Personality and Social Psychology,moin,no,no stage 1,no,not_rr_after_all,NA,"Preg, not an RR"
1108,2020,"Ścigała, Karolina Aleksandra; Schild, Christoph; Zettler, Ingo",10.1016/j.jrp.2020.104033,"Doing justice to creative justifications: Creativity, Honesty-Humility, and (un)ethical justifications",Journal of Research in Personality,moin,yes,,yes,rr,https://osf.io/n7r2q/files/kd964,Stage 1 not formally registered
1119,2022,"Crawford, Jennifer L.; Eisenstein, Sarah A.; Peelle, Jonathan E.; Braver, Todd S.",10.1186/s41235-022-00363-z,Domain-general cognitive motivation: Evidence from economic decision-making – Final Registered Report,Cognitive Research: Principles and Implications,moin,no,no stage 1,no,not_rr_after_all,NA,No Stage 1 or prereg found
1068,2021,"Demidenko, Michael I.; Ip, Ka I.; Kelly, Dominic P.; Constante, Kevin; Goetschius, Leigh G.; Keating, Daniel P.",10.1016/j.cortex.2021.02.032,"Ecological stress, amygdala reactivity, and internalizing symptoms in preadolescence: Is parenting a buffer?",Cortex,moin,yes,,yes,rr,https://osf.io/46yru/overview,
1090,2021,"Pavlov, Yuri G.; Adamian, Nika; Appelhoff, Stefan; Arvaneh, Mahnaz; Benwell, Christopher S.Y.; Beste, Christian; Bland, Amy R.; Bradford, Daniel E.; Bublatzky, Florian; Busch, Niko A.; Clayson, Peter E.; Cruse, Damian; Czeszumski, Artur; Dreber, Anna; Dumas, Guillaume; Ehinger, Benedikt; Ganis, Giorgio; He, Xun; Hinojosa, José A.; Huber-Huber, Christoph; Inzlicht, Michael; Jack, Bradley N.; Johannesson, Magnus; Jones, Rhiannon; Kalenkovich, Evgenii; Kaltwasser, Laura; Karimi-Rouzbahani, Hamid; Keil, Andreas; König, Peter; Kouara, Layla; Kulke, Louisa; Ladouceur, Cecile D.; Langer, Nicolas; Liesefeld, Heinrich R.; Luque, David; MacNamara, Annmarie; Mudrik, Liad; Muthuraman, Muthuraman; Neal, Lauren B.; Nilsonne, Gustav; Niso, Guiomar; Ocklenburg, Sebastian; Oostenveld, Robert; Pernet, Cyril R.; Pourtois, Gilles; Ruzzoli, Manuela; Sass, Sarah M.; Schaefer, Alexandre; Senderecka, Magdalena; Snyder, Joel S.; Tamnes, Christian K.; Tognoli, Emmanuelle; Van Vugt, Marieke K.; Verona, Edelyn; Vloeberghs, Robin; Welke, Dominik; Wessel, Jan R.; Zakharov, Ilya; Mushtaq, Faisal",10.1016/j.cortex.2021.03.013,EEGManyLabs: Investigating the replicability of influential EEG experiments,Cortex,moin,no,stage 1,no,not_rr_after_all,NA,Stage 1
1073,2022,"Schmalz, Xenia; Mulatti, Claudio; Schulte-Körne, Gerd; Moll, Kristina",10.1016/j.cortex.2022.03.014,Effects of complexity and unpredictability on the learning of an artificial orthography,Cortex,moin,no,partial,yes_change,partial_rr,https://osf.io/ke8r7/overview,was not previoulsy indicated as partial
1175,2023,"Bloom, Paul Alexander; Bartlett, Ella; Kathios, Nicholas; Algharazi, Sameah; Siegelman, Matthew; Shen, Fan; Beresford, Lea; DiMaggio-Potter, Michaelle Evangeline; Singh, Anshita; Bennett, Sarah; Natarajan, Nandhini; Lee, Hannah; Sajid, Sumra; Joyce, Erin; Fischman, Rachel; Hutchinson, Samuel; Pan, Sophie; Tottenham, Nim; Aly, Mariam",10.1080/09658211.2023.2166078,Effects of familiar music exposure on deliberate retrieval of remote episodic and semantic memories in healthy aging adults,Memory,moin,yes,,yes,rr,https://osf.io/kjnwd/files/c2jqm,Stage 1 not formally registered
1201,2023,"Mizuhara, Keita; Nittono, Hiroshi",10.1111/psyp.14261,Effects of respiratory phases on the processing of emotional and non-emotional visual stimuli,Psychophysiology,moin,yes,,yes,rr,https://osf.io/2vm4j/overview,
1128,2019,"Beanland, Vanessa; Wynne, Rachael A.",10.1186/s41235-019-0184-1,Effects of roadside memorials on drivers’ risk perception and eye movements,Cognitive Research: Principles and Implications,moin,yes,,yes,rr,https://doi.org/10.6084/m9.figshare.6181937,
1162,2021,"Moore, Melody M.; Urban-Wojcik, Emily J.; Martin, Elizabeth A.",10.1080/02699931.2021.1874880,Emotional context effects on memory accuracy for neutral information,Cognition and Emotion,moin,no,no stage 1,no,not_rr_after_all,NA,"Preg, not an RR"
1179,2023,"Traikapi, Artemis; Kalli, Ioanna; Kyriakou, Andrea; Stylianou, Elena; Symeou, Rafaella Tereza; Kardama, Akrivi; Christou, Yiolanda Panayiota; Phylactou, Phivos; Konstantinou, Nikos",10.1111/jnp.12299,Episodic memory effects of gamma frequency precuneus transcranial magnetic stimulation in Alzheimer's disease: A randomized multiple baseline study,Journal of Neuropsychology,moin,yes,,yes,rr,https://osf.io/zupj2/overview,
1155,2021,"Gao, Chuanji; Wedell, Douglas H.; Shinkareva, Svetlana V.",10.1080/02699931.2021.1973966,Evaluating non-affective cross-modal congruence effects on emotion perception,Cognition and Emotion,moin,no,no stage 1,no,not_rr_after_all,NA,No Stage 1 or prereg found
1103,2024,"Waddell, Jack T.; King, Scott E.; Okey, Sarah A.; Corbin, William R.",10.1037/adb0000969,"Event-level risk for negative alcohol consequences in emerging adults: The role of affect, motivation, and context.",Psychology of Addictive Behaviors,moin,no,no stage 1,no,not_rr_after_all,NA,"Preg, not an RR"
1005,2020,"Horne, Kristina S.; Filmer, Hannah L.; Nott, Zoie E.; Hawi, Ziarih; Pugsley, Kealan; Mattingley, Jason B.; Dux, Paul E.",10.1038/s41562-020-00979-5,Evidence against benefits from cognitive training and transcranial direct current stimulation in healthy older adults,Nature Human Behaviour,moin,yes,,yes,rr,https://osf.io/xhrwz/files/mqf3a,
1161,2021,"Eckland, Nathaniel S.; Letkiewicz, Allison M.; Berenbaum, Howard",10.1080/02699931.2021.1885349,Examining the latent structure of emotional awareness and associations with executive functioning and depression,Cognition and Emotion,moin,no,no stage 1,no,not_rr_after_all,NA,No Stage 1 or prereg found
1181,2021,"Macpherson, M.C.; Bîrlӑdeanu, A.; Miles, L.K.",10.1016/j.actpsy.2020.103209,Examining the relationship between subclinical levels of social anxiety and the rubber hand illusion,Acta Psychologica,moin,no,stage 1,no,not_rr_after_all,NA,Stage 1
1210,2024,"Goldenhaus-Manning, David T.; Cooper, Nicholas R.; Loaiza, Vanessa M.",10.3758/s13414-023-02655-y,Examining the role of attention during feature binding in visuospatial working memory,"Attention, Perception, and Psychophysics",moin,yes,,yes,rr,https://osf.io/jr3eh/files/yrm83,Stage 1 not formally registered
1173,2020,"Sachdeva, Chhavi; Gilbert, Sam J.",10.1016/j.concog.2020.103024,Excessive use of reminders: Metacognition and effort-minimisation in cognitive offloading,Consciousness and Cognition,moin,no,no stage 1,no,not_rr_after_all,NA,No Stage 1 or prereg found
1002,2019,"Brannon, Skylar M.; Carr, Sarah; Jin, Ellie Shuo; Josephs, Robert A.; Gawronski, Bertram",10.1038/s41562-019-0641-3,Exogenous testosterone increases sensitivity to moral norms in moral dilemma judgements,Nature Human Behaviour,moin,yes,,yes,rr,https://osf.io/rysbe/files/n3suw,
1176,2023,"Riesthuis, Paul; Otgaar, Henry; Bogaard, Glynis; Mangiulli, Ivan",10.1080/09658211.2023.2185931,Factors affecting the forced confabulation effect: a meta-analysis of laboratory studies,Memory,moin,no,meta-analysis,yes,rr,https://osf.io/4mqpx/files/u4mzh,Stage 1 not formally registered; meta-analysis
1091,2023,"Skora, Lina I.; Livermore, James J.A.; Dienes, Zoltan; Seth, Anil K.; Scott, Ryan B.",10.1016/j.cortex.2022.12.003,Feasibility of unconscious instrumental conditioning: A registered replication,Cortex,moin,no,replication,yes,replication,https://osf.io/cmdfs/overview,
1174,2022,"Howard, Andrea L.; Carnrite, Kendra D.; Barker, Erin T.",10.1177/21676968211053523,"First-Year University Students’ Mental Health Trajectories Were Disrupted at the Onset of COVID-19, but Disruptions Were Not Linked to Housing and Financial Vulnerabilities: A Registered Report",Emerging Adulthood,moin,yes,,yes,rr,https://osf.io/2dpkx/overview,
1185,2020,"Tello, Nina; Harika-Germaneau, Ghina; Serra, Wilfried; Jaafari, Nematollah; Chatard, Armand",10.1177/0956797619893062,Forecasting a Fatal Decision: Direct Replication of the Predictive Validity of the Suicide–Implicit Association Test,Psychological Science,moin,no,no stage 1,no,not_rr_after_all,NA,"Not an RR, authors state this directly"
1064,2022,"Kalenkovich, Evgenii; Shestakova, Anna; Kazanina, Nina",10.1016/j.cortex.2021.09.012,Frequency tagging of syntactic structure or lexical properties; a registered MEG study,Cortex,moin,yes,,yes,rr,https://osf.io/qhg9z/overview,
1072,2019,"Humphries, Stacey; Klooster, Nathaniel; Cardillo, Eileen; Weintraub, Daniel; Rick, Jacqueline; Chatterjee, Anjan",10.1016/j.cortex.2019.09.005,From action to abstraction: The sensorimotor grounding of metaphor in Parkinson's disease,Cortex,moin,yes,,yes,rr,https://osf.io/kpt9e/overview,
1043,2019,"Urbanska, Karolina; McKeown, Shelley; Taylor, Laura K.",10.1016/j.jesp.2019.01.010,From injustice to action: The role of empathy and perceived fairness to address inequality via victim compensation,Journal of Experimental Social Psychology,moin,no,partial,yes_change,partial_rr,https://osf.io/enqd7/overview,Not previously indicated as partial
1199,2019,"Liang, Garston; Newell, Ben; Rakow, Tim; Yechiam, Eldad",10.3758/s13423-019-01594-w,Further investigations of how rare disaster information affects risk taking: A registered replication report,Psychonomic Bulletin & Review,moin,no,replication,yes,replication,https://osf.io/zcuhd/files/wcrej,Stage 1 not formally registered
1125,2020,"Liu, Huanxu; Yang, Jingwen; Yamada, Yuki",10.1186/s41235-020-00261-2,Heat and fraud: evaluating how room temperature influences fraud likelihood,Cognitive Research: Principles and Implications,moin,yes,,yes,rr,https://osf.io/av9px/overview,
1230,2019,"Frech, Marie-Lena; Loschelder, David D.; Friese, Malte",10.1027/1618-3169/a000441,How and Why Different Forms of Expertise Moderate Anchor Precision in Price Decisions,Experimental Psychology,moin,no,no stage 1,no,not_rr_after_all,NA,No Stage 1 or prereg found
1237,2021,"Spencer, Bettina",10.1111/asap.12266,Impact of racism and sexism in the 2008–2020 US presidential elections,Analyses of Social Issues and Public Poli,moin,no,no stage 1,no,not_rr_after_all,NA,No Stage 1 or prereg found
1040,2021,"Lees, Jeffrey",10.1016/j.jesp.2021.104202,"Implicit attitudes matter for social judgments of others' preference, but do not make those judgments more or less accurate",Journal of Experimental Social Psychology,moin,yes,,yes,rr,https://osf.io/qv8cy/overview,
1109,2019,"Ludwig, Rita M.; Flournoy, John C.; Berkman, Elliot T.",10.1016/j.jrp.2019.05.003,Inequality in personality and temporal discounting across socioeconomic status? Assessing the evidence,Journal of Research in Personality,moin,yes,,yes,rr,https://osf.io/sm52z/overview,
1048,2020,"Connor, P.; Stancato, D.; Yildirim, U.; Lee, S.; Chen, S.",10.1016/j.jesp.2020.103967,Inequality in the minimal group paradigm: How relative wealth and its justification influence ingroup bias,Journal of Experimental Social Psychology,moin,no,no stage 1,no,not_rr_after_all,NA,No Stage 1 or prereg found
1082,2019,"Meijer, David; Veselič, Sebastijan; Calafiore, Carmelo; Noppeney, Uta",10.1016/j.cortex.2019.03.026,Integration of audiovisual spatial signals is not consistent with maximum likelihood estimation,Cortex,moin,no,replication,yes,replication,https://osf.io/xsdk8/files/gkatr,
1193,2022,"Wake, Shannon; Dodd, Helen; Morriss, Jayne",10.1111/bjop.12538,Intolerance of uncertainty and novelty facilitated extinction: The impact of reinforcement schedule,British Journal of Psychology,moin,no,no stage 1,no,not_rr_after_all,NA,No Stage 1 or prereg found
1164,2021,"West, John T.; Mulligan, Neil W.",10.1080/02699931.2020.1863187,Investigating the replicability and boundary conditions of the mnemonic advantage for disgust,Cognition and Emotion,moin,no,no stage 1,yes_change,not_rr_after_all,NA,"Indicated as replication, not RR though"
1195,2019,"Grubb, Michael A.; Christensen, Gabriela; Albanese, John",10.3758/s13423-019-01591-z,Investigating the role of exogenous cueing on selection history formation,Psychonomic Bulletin & Review,moin,no,no stage 1,no,not_rr_after_all,NA,No Stage 1 or prereg found
1111,2020,"Stern, Chadly; Axt, Jordan",10.1016/j.jrp.2020.103940,Investigating whether group status modulates the relationship between individual differences in epistemic motivation and political conservatism,Journal of Research in Personality,moin,no,no stage 1,no,not_rr_after_all,NA,Found prereg but no Stage 1
1101,2022,"Caton, Neil R.; Pearson, Samuel G.; Dixson, Barnaby J.W.",10.1016/j.evolhumbehav.2022.04.002,Is facial structure an honest cue to real-world dominance and fighting ability in men? A pre-registered direct replication of Třebický et al. (2013),Evolution and Human Behavior,moin,no,no stage 1,no,not_rr_after_all,NA,"Preg, not an RR"
1089,2023,"Zhang, Qinjing; Masuda, Yoshitaka; Toda, Kodai; Ueda, Kohei; Yamada, Yuki",10.1016/j.cortex.2022.10.005,Is the past farther than the future? A registered replication and test of the time-expansion hypothesis based on the filling rate of duration,Cortex,moin,no,replication,yes,replication,https://osf.io/d9ec3/overview,
1046,2022,"McCarthy, Randy J.; Rivers, Alison K.; Jensen, Audra P.; Pawirosetiko, Joy S.; Erickson, Jennifer M.",10.1016/j.jesp.2022.104333,Is the victim-perpetrator asymmetry stronger in situations where blame is being assigned?,Journal of Experimental Social Psychology,moin,no,no stage 1,no,not_rr_after_all,NA,"No Stage 1 or prereg found, also is a partial"
1066,2023,"March, Jessica Amy; Ricketts, Jessie; Tamminen, Jakke",10.1016/j.cortex.2022.10.013,Is word learning capacity restored after a daytime nap?,Cortex,moin,yes,,yes,rr,https://osf.io/yf5xa/overview,
1044,2021,"Schanbacher, Anja D.; Gurdamar-Okutur, Nazli; Faro, David",10.1016/j.jesp.2021.104146,It's no longer “me”: Low past-self-continuity reduces the sunk-cost bias,Journal of Experimental Social Psychology,moin,no,no stage 1,no,not_rr_after_all,NA,"No Stage 1, also is a partial"
1123,2022,"Holdstock, Juliet S.; Dalton, Polly; May, Keith A.; Boogert, Stewart; Mickes, Laura",10.1186/s41235-022-00399-1,Lineup identification in young and older witnesses: does describing the criminal help or hinder?,Cognitive Research: Principles and Implications,moin,no,no stage 1,no,not_rr_after_all,NA,Found prereg but no Stage 1
1060,2021,"Ferguson, Christopher J.",10.1111/desc.13008,Links between screen use and depressive symptoms in adolescents over 16 years: Is there evidence for increased harm?,Developmental Science,moin,yes,,yes,rr,https://osf.io/h8yas/overview,
1219,2021,"Luthra, Sahil; Saltzman, David; Myers, Emily B.; Magnuson, James S.",10.3758/s13414-021-02317-x,Listener expectations and the perceptual accommodation of talker variability: A pre-registered replication,"Attention, Perception, and Psychophysics",moin,no,no stage 1,no,not_rr_after_all,NA,No Stage 1 or prereg found
1107,2022,"Hofer, Gabriela; Macher, Silvia; Neubauer, Aljoscha C.",10.1016/j.jrp.2022.104211,"Love is not blind: What romantic partners know about our abilities compared to ourselves, our close friends, and our acquaintances",Journal of Research in Personality,moin,yes,,yes,rr,https://osf.io/nxegr/files/xy3fv,Stage 1 not formally registered
1018,2018,"Klein, Richard A.; Vianello, Michelangelo; Hasselman, Fred; Adams, Byron G.; AdamsJr., Reginald B.; Alper, Sinan; Aveyard, Mark; Axt, Jordan R.; Babalola, Mayowa T.; Bahník, Štěpán; Batra, Rishtee; Berkics, Mihály; Bernstein, Michael J.; Berry, Daniel R.; Bialobrzeska, Olga; Binan, Evans Dami; Bocian, Konrad; Brandt, Mark J.; Busching, Robert; Rédei, Anna Cabak; Cai, Huajian; Cambier, Fanny; Cantarero, Katarzyna; Carmichael, Cheryl L.; Ceric, Francisco; Chandler, Jesse; Chang, Jen-Ho; Chatard, Armand; Chen, Eva E.; Cheong, Winnee; Cicero, David C.; Coen, Sharon; Coleman, Jennifer A.; Collisson, Brian; Conway, Morgan A.; Corker, Katherine S.; Curran, Paul G.; Cushman, Fiery; Dagona, Zubairu K.; Dalgar, Ilker; Dalla Rosa, Anna; Davis, William E.; de Bruijn, Maaike; De Schutter, Leander; Devos, Thierry; de Vries, Marieke; Doğulu, Canay; Dozo, Nerisa; Dukes, Kristin Nicole; Dunham, Yarrow; Durrheim, Kevin; Ebersole, Charles R.; Edlund, John E.; Eller, Anja; English, Alexander Scott; Finck, Carolyn; Frankowska, Natalia; Freyre, Miguel-Ángel; Friedman, Mike; Galliani, Elisa Maria; Gandi, Joshua C.; Ghoshal, Tanuka; Giessner, Steffen R.; Gill, Tripat; Gnambs, Timo; Gómez, Ángel; González, Roberto; Graham, Jesse; Grahe, Jon E.; Grahek, Ivan; Green, Eva G. T.; Hai, Kakul; Haigh, Matthew; Haines, Elizabeth L.; Hall, Michael P.; Heffernan, Marie E.; Hicks, Joshua A.; Houdek, Petr; Huntsinger, Jeffrey R.; Huynh, Ho Phi; IJzerman, Hans; Inbar, Yoel; Innes-Ker, Åse H.; Jiménez-Leal, William; John, Melissa-Sue; Joy-Gaba, Jennifer A.; Kamiloğlu, Roza G.; Kappes, Heather Barry; Karabati, Serdar; Karick, Haruna; Keller, Victor N.; Kende, Anna; Kervyn, Nicolas; Knežević, Goran; Kovacs, Carrie; Krueger, Lacy E.; Kurapov, German; Kurtz, Jamie; Lakens, Daniël; Lazarević, Ljiljana B.; Levitan, Carmel A.; LewisJr., Neil A.; Lins, Samuel; Lipsey, Nikolette P.; Losee, Joy E.; Maassen, Esther; Maitner, Angela T.; Malingumu, Winfrida; Mallett, Robyn K.; Marotta, Satia A.; Međedović, Janko; Mena-Pacheco, Fernando; Milfont, Taciano L.; Morris, Wendy L.; Murphy, Sean C.; Myachykov, Andriy; Neave, Nick; Neijenhuijs, Koen; Nelson, Anthony J.; Neto, Félix; Lee Nichols, Austin; Ocampo, Aaron; O’Donnell, Susan L.; Oikawa, Haruka; Oikawa, Masanori; Ong, Elsie; Orosz, Gábor; Osowiecka, Malgorzata; Packard, Grant; Pérez-Sánchez, Rolando; Petrović, Boban; Pilati, Ronaldo; Pinter, Brad; Podesta, Lysandra; Pogge, Gabrielle; Pollmann, Monique M. H.; Rutchick, Abraham M.; Saavedra, Patricio; Saeri, Alexander K.; Salomon, Erika; Schmidt, Kathleen; Schönbrodt, Felix D.; Sekerdej, Maciej B.; Sirlopú, David; Skorinko, Jeanine L. M.; Smith, Michael A.; Smith-Castro, Vanessa; Smolders, Karin C. H. J.; Sobkow, Agata; Sowden, Walter; Spachtholz, Philipp; Srivastava, Manini; Steiner, Troy G.; Stouten, Jeroen; Street, Chris N. H.; Sundfelt, Oskar K.; Szeto, Stephanie; Szumowska, Ewa; Tang, Andrew C. W.; Tanzer, Norbert; Tear, Morgan J.; Theriault, Jordan; Thomae, Manuela; Torres, David; Traczyk, Jakub; Tybur, Joshua M.; Ujhelyi, Adrienn; van Aert, Robbie C. M.; van Assen, Marcel A. L. M.; van der Hulst, Marije; van Lange, Paul A. M.; van ’t Veer, Anna Elisabeth; Vásquez- Echeverría, Alejandro; Ann Vaughn, Leigh; Vázquez, Alexandra; Vega, Luis Diego; Verniers, Catherine; Verschoor, Mark; Voermans, Ingrid P. J.; Vranka, Marek A.; Welch, Cheryl; Wichman, Aaron L.; Williams, Lisa A.; Wood, Michael; Woodzicka, Julie A.; Wronska, Marta K.; Young, Liane; Zelenski, John M.; Zhijia, Zeng; Nosek, Brian A.",10.1177/2515245918810225,Many Labs 2: Investigating Variation in Replicability Across Samples and Settings,Advances in Methods and Practices in Psychological Science,moin,no,replication,yes,replication,https://osf.io/c97pd/files/ejcfw,
1030,2020,"Mathur, Maya B.; Bart-Plange, Diane-Jo; Aczel, Balazs; Bernstein, Michael H.; Ciunci, Antonia M.; Ebersole, Charles R.; Falcão, Filipe; Ashbaugh, Kayla; Hilliard, Rias A.; Jern, Alan; Kellier, Danielle J.; Kessinger, Grecia; Kolb, Vanessa S.; Kovacs, Marton; Lage, Caio Ambrosio; Langford, Eleanor V.; Lins, Samuel; Manfredi, Dylan; Meyet, Venus; Moore, Don A.; Nave, Gideon; Nunnally, Christian; Palinkas, Anna; Parks, Kimberly P.; Pessers, Sebastiaan; Ramos, Tiago; Rudy, Kaylis Hase; Salamon, Janos; Shubella, Rachel L.; Silva, Rúben; Steegen, Sara; Stein, L. A. R.; Szaszi, Barnabas; Szecsi, Peter; Tuerlinckx, Francis; Vanpaemel, Wolf; Vlachou, Maria; Wiggins, Bradford J.; Zealley, David; Zrubka, Mark; Frank, Michael C.",10.1177/2515245918785165,Many Labs 5: Registered Multisite Replication of the Tempting-Fate Effects in Risen and Gilovich (2008),Advances in Methods and Practices in Psychological Science,moin,no,replication,yes,replication,https://osf.io/xxf2c/files/8y6st,
1027,2020,"Chartier, Christopher R.; Arnal, Jack D.; Arrow, Holly; Bloxsom, Nicholas G.; Bonfiglio, Diane B. V.; Brumbaugh, Claudia C.; Corker, Katherine S.; Ebersole, Charles R.; Garinther, Alexander; Giessner, Steffen R.; Hughes, Sean; Inzlicht, Michael; Lin, Hause; Mercier, Brett; Metzger, Mitchell; Rangel, Derek; Saunders, Blair; Schmidt, Kathleen; Storage, Daniel; Tocco, Carly",10.1177/2515245920945963,"Many Labs 5: Registered Replication of Albarracín et al. (2008), Experiment 5",Advances in Methods and Practices in Psychological Science,moin,no,no stage 1,no,not_rr_after_all,NA,Preg but no Stage 1
1028,2020,"Corker, Katherine S.; Arnal, Jack D.; Bonfiglio, Diane B. V.; Curran, Paul G.; Chartier, Christopher R.; Chopik, William J.; Guadagno, Rosanna E.; Kimbrough, Amanda M.; Schmidt, Kathleen; Wiggins, Bradford J.",10.1177/2515245920925750,"Many Labs 5: Registered Replication of Albarracín et al. (2008), Experiment 7",Advances in Methods and Practices in Psychological Science,moin,no,no stage 1,no,not_rr_after_all,NA,Preg but no Stage 1
1022,2020,"Rabagliati, Hugh; Corley, Martin; Dering, Benjamin; Hancock, Peter J. B.; King, Josiah P. J.; Levitan, Carmel A.; Loy, Jia E.; Millen, Ailsa E.",10.1177/2515245919870737,"Many Labs 5: Registered Replication of Crosby, Monin, and Richardson (2008)",Advances in Methods and Practices in Psychological Science,moin,no,no stage 1,no,not_rr_after_all,NA,Preg but no Stage 1
1025,2020,"IJzerman, Hans; Ropovik, Ivan; Ebersole, Charles R.; Tidwell, Natasha D.; Markiewicz, Łukasz; de Lima, Tiago Jessé Souza; Wolf, Daniel; Novak, Sarah A.; Collins, W. Matthew; Menon, Madhavi; de Souza, Luana Elayne Cunha; Sawicki, Przemysław; Boucher, Leanne; Białek, Michał; Idzikowska, Katarzyna; Razza, Timothy S.; Kraus, Sue; Weissgerber, Sophia C.; Baník, Gabriel; Kołodziej, Sabina; Babincak, Peter; Schütz, Astrid; Sternglanz, R. Weylin; Gawryluk, Katarzyna; Sullivan, Gavin Brent; Day, Chris R.",10.1177/2515245920916513,"Many Labs 5: Registered Replication of Förster, Liberman, and Kuschel’s (2008) Study 1",Advances in Methods and Practices in Psychological Science,moin,no,no stage 1,no,not_rr_after_all,NA,Preg but no Stage 1
1023,2020,"Lazarević, Ljiljana B.; Purić, Danka; Žeželj, Iris; Belopavlović, Radomir; Bodroža, Bojana; Čolić, Marija V.; Ebersole, Charles R.; Ford, Máire; Orlić, Ana; Pedović, Ivana; Petrović, Boban; Shabazian, Ani N.; Stojilović, Darko",10.1177/2515245920953350,Many Labs 5: Registered Replication of LoBue and DeLoache (2008),Advances in Methods and Practices in Psychological Science,moin,no,no stage 1,no,not_rr_after_all,NA,Preg but no Stage 1
1029,2020,"Ebersole, Charles R.; Andrighetto, Luca; Casini, Erica; Chiorri, Carlo; Dalla Rosa, Anna; Domaneschi, Filippo; Ferguson, Ian R.; Fryberger, Emily; Giacomantonio, Mauro; Grahe, Jon E.; Joy-Gaba, Jennifer A.; Langford, Eleanor V.; Nichols, Austin Lee; Panno, Angelo; Parks, Kimberly P.; Preti, Emanuele; Richetin, Juliette; Vianello, Michelangelo",10.1177/2515245919885609,"Many Labs 5: Registered Replication of Payne, Burkley, and Stokes (2008), Study 4",Advances in Methods and Practices in Psychological Science,moin,no,no stage 1,no,not_rr_after_all,NA,Preg but no Stage 1
1024,2020,"Baranski, Erica; Baskin, Ernest; Coary, Sean; Ebersole, Charles R.; Krueger, Lacy E.; Lazarević, Ljiljana B.; Miller, Jeremy K.; Orlić, Ana; Penner, Matthew R.; Purić, Danka; Rife, Sean C.; Vaughn, Leigh Ann; Wichman, Aaron L.; Žeželj, Iris",10.1177/2515245920917334,"Many Labs 5: Registered Replication of Shnabel and Nadler (2008), Study 4",Advances in Methods and Practices in Psychological Science,moin,no,no stage 1,no,not_rr_after_all,NA,Preg but no Stage 1
1026,2020,"Buttrick, Nicholas R.; Aczel, Balazs; Aeschbach, Lena F.; Bakos, Bence E.; Brühlmann, Florian; Claypool, Heather M.; Hüffmeier, Joachim; Kovacs, Marton; Schuepfer, Kurt; Szecsi, Peter; Szuts, Attila; Szöke, Orsolya; Thomae, Manuela; Torka, Ann-Kathrin; Walker, Ryan J.; Wood, Michael J.",10.1177/2515245920917931,"Many Labs 5: Registered Replication of Vohs and Schooler (2008), Experiment 1",Advances in Methods and Practices in Psychological Science,moin,no,no stage 1,no,not_rr_after_all,NA,Preg but no Stage 1
1016,2020,"Ebersole, Charles R.; Mathur, Maya B.; Baranski, Erica; Bart-Plange, Diane-Jo; Buttrick, Nicholas R.; Chartier, Christopher R.; Corker, Katherine S.; Corley, Martin; Hartshorne, Joshua K.; IJzerman, Hans; Lazarević, Ljiljana B.; Rabagliati, Hugh; Ropovik, Ivan; Aczel, Balazs; Aeschbach, Lena F.; Andrighetto, Luca; Arnal, Jack D.; Arrow, Holly; Babincak, Peter; Bakos, Bence E.; Baník, Gabriel; Baskin, Ernest; Belopavlović, Radomir; Bernstein, Michael H.; Białek, Michał; Bloxsom, Nicholas G.; Bodroža, Bojana; Bonfiglio, Diane B. V.; Boucher, Leanne; Brühlmann, Florian; Brumbaugh, Claudia C.; Casini, Erica; Chen, Yiling; Chiorri, Carlo; Chopik, William J.; Christ, Oliver; Ciunci, Antonia M.; Claypool, Heather M.; Coary, Sean; Čolić, Marija V.; Collins, W. Matthew; Curran, Paul G.; Day, Chris R.; Dering, Benjamin; Dreber, Anna; Edlund, John E.; Falcão, Filipe; Fedor, Anna; Feinberg, Lily; Ferguson, Ian R.; Ford, Máire; Frank, Michael C.; Fryberger, Emily; Garinther, Alexander; Gawryluk, Katarzyna; Ashbaugh, Kayla; Giacomantonio, Mauro; Giessner, Steffen R.; Grahe, Jon E.; Guadagno, Rosanna E.; Hałasa, Ewa; Hancock, Peter J. B.; Hilliard, Rias A.; Hüffmeier, Joachim; Hughes, Sean; Idzikowska, Katarzyna; Inzlicht, Michael; Jern, Alan; Jiménez-Leal, William; Johannesson, Magnus; Joy-Gaba, Jennifer A.; Kauff, Mathias; Kellier, Danielle J.; Kessinger, Grecia; Kidwell, Mallory C.; Kimbrough, Amanda M.; King, Josiah P. J.; Kolb, Vanessa S.; Kołodziej, Sabina; Kovacs, Marton; Krasuska, Karolina; Kraus, Sue; Krueger, Lacy E.; Kuchno, Katarzyna; Lage, Caio Ambrosio; Langford, Eleanor V.; Levitan, Carmel A.; de Lima, Tiago Jessé Souza; Lin, Hause; Lins, Samuel; Loy, Jia E.; Manfredi, Dylan; Markiewicz, Łukasz; Menon, Madhavi; Mercier, Brett; Metzger, Mitchell; Meyet, Venus; Millen, Ailsa E.; Miller, Jeremy K.; Montealegre, Andres; Moore, Don A.; Muda, Rafał; Nave, Gideon; Nichols, Austin Lee; Novak, Sarah A.; Nunnally, Christian; Orlić, Ana; Palinkas, Anna; Panno, Angelo; Parks, Kimberly P.; Pedović, Ivana; Pękala, Emilian; Penner, Matthew R.; Pessers, Sebastiaan; Petrović, Boban; Pfeiffer, Thomas; Pieńkosz, Damian; Preti, Emanuele; Purić, Danka; Ramos, Tiago; Ravid, Jonathan; Razza, Timothy S.; Rentzsch, Katrin; Richetin, Juliette; Rife, Sean C.; Rosa, Anna Dalla; Rudy, Kaylis Hase; Salamon, Janos; Saunders, Blair; Sawicki, Przemysław; Schmidt, Kathleen; Schuepfer, Kurt; Schultze, Thomas; Schulz-Hardt, Stefan; Schütz, Astrid; Shabazian, Ani N.; Shubella, Rachel L.; Siegel, Adam; Silva, Rúben; Sioma, Barbara; Skorb, Lauren; de Souza, Luana Elayne Cunha; Steegen, Sara; Stein, L. A. R.; Sternglanz, R. Weylin; Stojilović, Darko; Storage, Daniel; Sullivan, Gavin Brent; Szaszi, Barnabas; Szecsi, Peter; Szöke, Orsolya; Szuts, Attila; Thomae, Manuela; Tidwell, Natasha D.; Tocco, Carly; Torka, Ann-Kathrin; Tuerlinckx, Francis; Vanpaemel, Wolf; Vaughn, Leigh Ann; Vianello, Michelangelo; Viganola, Domenico; Vlachou, Maria; Walker, Ryan J.; Weissgerber, Sophia C.; Wichman, Aaron L.; Wiggins, Bradford J.; Wolf, Daniel; Wood, Michael J.; Zealley, David; Žeželj, Iris; Zrubka, Mark; Nosek, Brian A.",10.1177/2515245920958687,Many Labs 5: Testing Pre-Data-Collection Peer Review as an Intervention to Increase Replicability,Advances in Methods and Practices in Psychological Science,moin,no,no stage 1,no,not_rr_after_all,NA,"Preg but no Stage 1, was not coded as replication"
1190,2022,"Hoffman, Joel; Ben-Zion, Ziv; Arévalo, Adrián; Duek, Or; Greene, Talya; Hall, Brian J.; Harpaz-Rotem, Ilan; Liddell, Belinda; Locher, Cosima; Morina, Naser; Nickerson, Angela; Pfaltz, Monique C.; Schick, Matthis; Schnyder, Ulrich; Seedat, Soraya; Shatri, Fatlinda; Sit, Hao Fong; von Känel, Roland; Spiller, Tobias R.",10.1080/20008066.2022.2143019,Mapping the availability of translated versions of posttraumatic stress disorder screening questionnaires for adults: A scoping review,European Journal of Psychotraumatology,moin,yes,,yes,rr,https://osf.io/ud8hc/overview,
1071,2020,"Faiola, Eliana; Meyhöfer, Inga; Ettinger, Ulrich",10.1016/j.cortex.2019.12.008,Mechanisms of smooth pursuit eye movements in schizotypy,Cortex,moin,yes,,yes,rr,https://osf.io/m8ve5/overview,
1153,2020,"Ruszpel, Borys; Gast, Anne",10.1080/02699931.2020.1719982,Memory and preparedness in evaluative conditioning in a smell-taste paradigm. A registered report,Cognition and Emotion,moin,no,partial,yes_change,partial_rr,https://osf.io/nmcy9/overview,was not coded as partial
1187,2020,"Vize, Colin E.; Lynam, Donald R.",10.1002/per.2241,Merging Structural and Process-related Approaches to the Study of Agreeableness: A Preregistered Replication and Extension Attempt,European Journal of Personality,moin,no,replication,yes,replication,https://osf.io/gxnys/overview,
1177,2021,"Marr, Carey; Sauerland, Melanie; Otgaar, Henry; Quaedflieg, Conny W.E.M.; Hope, Lorraine",10.1080/09658211.2021.1893750,Mitigating the negative effects of retrieval stress on memory: an arousal reappraisal intervention,Memory,moin,yes,,yes,rr,https://osf.io/8a9sq/files/j9f6b,Stage 1 not formally registered
1009,2021,"Everett, Jim A. C.; Colombatto, Clara; Awad, Edmond; Boggio, Paulo; Bos, Björn; Brady, William J.; Chawla, Megha; Chituc, Vladimir; Chung, Dongil; Drupp, Moritz A.; Goel, Srishti; Grosskopf, Brit; Hjorth, Frederik; Ji, Alissa; Kealoha, Caleb; Kim, Judy S.; Lin, Yangfei; Ma, Yina; Maréchal, Michel André; Mancinelli, Federico; Mathys, Christoph; Olsen, Asmus L.; Pearce, Graeme; Prosser, Annayah M. B.; Reggev, Niv; Sabin, Nicholas; Senn, Julien; Shin, Yeon Soon; Sinnott-Armstrong, Walter; Sjåstad, Hallgeir; Strick, Madelijn; Sul, Sunhae; Tummers, Lars; Turner, Monique; Yu, Hongbo; Zoh, Yoonseo; Crockett, Molly J.",10.1038/s41562-021-01156-y,Moral dilemmas and trust in leaders during a global health crisis,Nature Human Behaviour,moin,yes,,yes,rr,https://doi.org/10.6084/m9.figshare.13247315,
1102,2022,"Grubbs, Joshua B.; Floyd, Christopher G.; Griffin, Kaelyn R.; Jennings, Todd L.; Kraus, Shane W.",10.1037/adb0000876,Moral incongruence and addiction: A registered report.,Psychology of Addictive Behaviors,moin,yes,,yes,rr,https://osf.io/npk9x/overview,
1077,2019,"Bolton, David A.E.; Cole, David M.; Butler, Blake; Mansour, Mahmoud; Rydalch, Garrett; McDannald, Douglas W.; Schwartz, Sarah E.",10.1016/j.cortex.2019.03.001,Motor preparation for compensatory reach-to-grasp responses when viewing a wall-mounted safety handle,Cortex,moin,yes,,yes,rr,https://osf.io/rq829/overview,
1081,2016,"Hobson, Hannah M.; Bishop, Dorothy V.M.",10.1016/j.cortex.2016.03.019,Mu suppression – A good measure of the human mirror neuron system?,Cortex,moin,yes,,yes,rr,https://osf.io/yajkz/files/jkh56,Stage 1 not formally registered
1148,2020,"LoTemplio, Sara B.; Scott, Emily E.; McDonnell, Amy S.; Hopman, Rachel J.; Castro, Spencer C.; McNay, G. David; McKinney, Ty L.; Greenberg, Kevin; Payne, Brennan R.; Strayer, David L.",10.1016/j.ijpsycho.2020.06.014,Nature as a potential modulator of the error-related negativity: A registered report,International Journal of Psychophysiology,moin,yes,,yes,rr,https://osf.io/zhc29/files/hjqf3,Stage 1 not formally registered
1110,2020,"Hisler, Garrett C.; Krizan, Zlatan; DeHart, Tracy; Wright, Aidan G.C.",10.1016/j.jrp.2020.103964,"Neuroticism as the intensity, reactivity, and variability in day-to-day affect",Journal of Research in Personality,moin,yes,,yes,rr,https://osf.io/3r92h/overview,
1168,2021,"Evans, Anthony M.; Kogler, Christoph; Sleegers, Willem W. A.",10.1017/S1930297500008007,No effects of synchronicity in online social dilemma experiments: A registered report,Judgment and Decision Making,moin,yes,,yes,rr,https://osf.io/ysufp/overview,
1088,2022,"Montero-Melis, Guillermo; Van Paridon, Jeroen; Ostarek, Markus; Bylund, Emanuel",10.1016/j.cortex.2022.02.006,No evidence for embodiment: The motor system is not needed to keep action verbs in working memory,Cortex,moin,no,replication,yes,replication,https://osf.io/v5zm7/overview,
1096,2020,"Chalkia, Anastasia; Schroyens, Natalie; Leng, Lu; Vanhasbroeck, Niels; Zenses, Ann-Kathrin; Van Oudenhove, Lukas; Beckers, Tom",10.1016/j.cortex.2020.04.017,No persistent attenuation of fear memories in humans: A registered replication of the reactivation-extinction effect,Cortex,moin,no,replication,yes,replication,https://osf.io/k2w4a/overview,
1212,2022,"Jörges, Björn; Harris, Laurence R.",10.3758/s13414-021-02372-4,Object speed perception during lateral visual self-motion,"Attention, Perception, and Psychophysics",moin,no,no stage 1,no,not_rr_after_all,NA,No Stage 1 or prereg found
1211,2023,"McAteer, Siobhan M.; McGregor, Anthony; Smith, Daniel T.",10.3758/s13414-022-02601-4,Oculomotor rehearsal in visuospatial working memory,"Attention, Perception, and Psychophysics",moin,no,no stage 1,no,not_rr_after_all,NA,Not an RR or prereg
1165,2018,"Heycke, Tobias; Gehrmann, Sarah; Haaf, Julia M.; Stahl, Christoph",10.1080/02699931.2018.1429389,Of two minds or one? A registered replication of Rydell et al. (2006),Cognition and Emotion,moin,no,no stage 1,no,not_rr_after_all,NA,"No Stage 1, only prereg, was indicated as replication"
1122,2020,"Morrison, Alexandra B.; Richmond, Lauren L.",10.1186/s41235-019-0201-4,Offloading items from memory: individual differences in cognitive offloading in a short-term memory task,Cognitive Research: Principles and Implications,moin,yes,,yes,rr,https://osf.io/aq5ft/files/j56n2,Stage 1 not formally registered
1225,2023,"Fontana, Lara; Albayay, Javier; Fernández-Prieto, Irune; Zampini, Massimiliano",10.1177/17470218221115046,Olfactory habituation to food and nonfood odours,Quarterly Journal of Experimental Psychology,moin,yes,,yes,rr,https://osf.io/we6v7/overview,
1099,2022,"Makhanova, Anastasia; Plant, E. Ashby; Ketterman, Alexandra B.; Maner, Jon K.",10.1016/j.evolhumbehav.2022.05.002,Pathogen threat and intergroup prejudice using the minimal group paradigm: Evidence from a registered report,Evolution and Human Behavior,moin,no,partial,yes_change,partial_rr,https://osf.io/sg23p/files/kfzcm,"Partial, but not indicated as such"
1209,2019,"Brown, Violet A.; Strand, Julia F.",10.3758/s13414-019-01772-x,Paying attention to audiovisual speech: Do incongruent stimuli incur greater costs?,"Attention, Perception, and Psychophysics",moin,yes,,yes,rr,https://osf.io/8t7an/overview,
1156,2022,"Hsieh, Te-Yi; Cross, Emily S.",10.1080/02699931.2022.2054781,People’s dispositional cooperative tendencies towards robots are unaffected by robots’ negative emotional displays in prisoner’s dilemma games,Cognition and Emotion,moin,no,no stage 1,no,not_rr_after_all,NA,No Stage 1 or prereg found
1171,2022,"Doradzińska, Łucja; Furtak, Marcin; Bola, Michał",10.1016/j.concog.2022.103315,Perception of semantic relations in scenes: A registered report study of attention hold,Consciousness and Cognition,moin,no,no stage 1,no,not_rr_after_all,NA,No Stage 1 or prereg found
1132,2022,"Delker, Brianna C; Michel, Paige K; Turner, Kit; McLean, Kate C",10.1525/collabra.36330,"Perceptions of Physical, Sexual, and Psychological Violence Stories: A Registered Report",Collabra,moin,yes,,yes,rr,https://osf.io/z2sne/overview,
1114,2022,"Rivard, Geneviève; Le Corff, Yann; Déry, Michèle; Bégin, Vincent; Lapalme, Mélanie",10.1016/j.jrp.2022.104240,Personality heterogeneity in adolescents with disruptive behavior disorders: A conceptual replication study,Journal of Research in Personality,moin,no,no stage 1,no,not_rr_after_all,NA,"No Stage 1 or prereg found, is conceptual replication"
1133,2021,"Ivanski, Chantelle; Lo, Ronda F.; Mar, Raymond A.",10.1525/collabra.28391,Pets and Politics: Do Liberals and Conservatives Differ in Their Preferences for Cats Versus Dogs?,Collabra,moin,yes,,yes,rr,https://osf.io/w2gxu/files/xr8jc,Stage 1 not formally registered
1131,2022,"Karhulahti, Veli-Matti; Siutila, Miia; Vahlo, Jukka; Koskimaa, Raine",10.1525/collabra.38819,Phenomenological Strands for Gaming Disorder and Esports Play: A Qualitative Registered Report,Collabra,moin,no,qualitative,yes,rr,https://rr.peercommunityin.org/articles/rec?id=44,Qualitative study
1106,2022,"Satchell, Liam P.; Corr, Philip J.; Latzman, Robert D.",10.1016/j.jrp.2021.104158,Pirates with psychopathic personalities? The role of sub-clinical and normative traits in illegal streaming and downloading of media,Journal of Research in Personality,moin,no,no stage 1,no,not_rr_after_all,NA,No Stage 1 or prereg found
1163,2021,"Levin, Fedor; Fiedler, Susann; Weber, Bernd",10.1080/02699931.2021.1884533,Positivity effect and decision making in ageing,Cognition and Emotion,moin,yes,,yes,rr,https://osf.io/r6jfh/overview,
1093,2023,"Hadden, L.M.; Penny, H.; Jones, A.L.; Partridge, A.M.; Lancaster, T.M.; Allen, C.",10.1016/j.cortex.2022.11.011,Pre-frontal stimulation does not reliably increase reward responsiveness,Cortex,moin,no,replication,yes,replication,https://osf.io/kusg9/files/j7src,
1180,2023,"Helm, Rebecca K.; Growns, Bethany",10.1111/lcrp.12232,Predicting and projecting memory: Error and bias in metacognitive judgements underlying testimony evaluation,Legal and Criminological Psychology,moin,no,no stage 1,no,not_rr_after_all,NA,Prereg but no Stage 1
1206,2025,"Pluta, Kathryn; More, Kimberly R.; Phillips, L. Alison",10.1080/08870446.2022.2156580,Predicting implicit and explicit exercise identity from descriptive social norms regarding exercise,Psychology & Health,moin,yes,,yes,rr,https://osf.io/x9kvh/overview,
1141,2021,"Costello, Cory; Srivastava, Sanjay; Rejaie, Reza; Zalewski, Maureen",10.1525/collabra.18731,Predicting Mental Health From Followed Accounts on Twitter,Collabra,moin,yes,,yes,rr,https://osf.io/54qdm/files/s4rtp,
1221,2019,"Wood, Katherine; Simons, Daniel J.",10.3758/s13414-018-1629-1,Processing without noticing in inattentional blindness: A replication of Moore and Egeth (1997) and Mack and Rock (1998),"Attention, Perception, and Psychophysics",moin,no,replication,yes,replication,https://osf.io/9qsf6/overview,
1017,2020,The ManyBabies Consortium,10.1177/2515245919900809,Quantifying Sources of Variability in Infancy Research Using the Infant-Directed-Speech Preference,Advances in Methods and Practices in Psychological Science,moin,yes,,yes,rr,https://osf.io/qh5rd/files/e9cs7,
1100,2022,"Tybur, Joshua M.; Fan, Lei; Jones, Benedict C.; Holzleitner, Iris J.; Lee, Anthony J.; DeBruine, Lisa M.",10.1016/j.evolhumbehav.2022.01.003,Re-evaluating the relationship between pathogen avoidance and preferences for facial symmetry and sexual dimorphism: A registered report,Evolution and Human Behavior,moin,yes,,yes,rr,https://osf.io/tme7b/overview,
1069,2021,"Lazari, Alberto; Salvan, Piergiorgio; Cottaar, Michiel; Papp, Daniel; Jens Van Der Werf, Olof; Johnstone, Ainslie; Sanders, Zeena-Britt; Sampaio-Baptista, Cassandra; Eichert, Nicole; Miyamoto, Kentaro; Winkler, Anderson; Callaghan, Martina F.; Nichols, Thomas E.; Stagg, Charlotte J.; Rushworth, Matthew F.S.; Verhagen, Lennart; Johansen-Berg, Heidi",10.1016/j.cortex.2021.08.017,Reassessing associations between white matter and behaviour with multimodal microstructural imaging,Cortex,moin,no,no stage 1,no,not_rr_after_all,NA,Prereg but no Stage 1
1198,2020,"Yörük, Harun; Santacroce, Lindsay A.; Tamber-Rosenau, Benjamin J.",10.3758/s13423-020-01757-0,Reevaluating the sensory recruitment model by manipulating crowding in visual working memory representations,Psychonomic Bulletin & Review,moin,no,no stage 1,no,not_rr_after_all,NA,No Stage 1 or prereg found
1047,2020,"Kupfer, Tom R.; Inbar, Yoel; Tybur, Joshua M.",10.1016/j.jesp.2020.104043,Reexamining the role of intent in moral judgements of purity violations,Journal of Experimental Social Psychology,moin,no,no stage 1,yes_change,partial_rr,https://osf.io/9xvgs/overview,Was not indicated as partial
1191,2021,"Kuranova, Anna; Booij, Sanne H.; Oldehinkel, Albertine J.; Wichers, Marieke; Jeronimus, Bertus; Wigman, Johanna T.W.",10.1080/20008198.2021.1956802,Reflections on psychological resilience: a comparison of three conceptually different operationalizations in predicting mental health,European Journal of Psychotraumatology,moin,no,no stage 1,no,not_rr_after_all,NA,No Stage 1 or prereg found
1223,2020,"Gyurkovics, Mate; Kovacs, Marton; Jaquiery, Matt; Palfi, Bence; Dechterenko, Filip; Aczel, Balazs",10.3758/s13414-020-02021-2,"Registered Replication Report of Weissman, D. H., Jiang, J., & Egner, T. (2014). Determinants of congruency sequence effects without learning and memory confounds","Attention, Perception, and Psychophysics",moin,no,replication,yes,replication,https://osf.io/z27sn/files/6suzb,
1019,2020,"Colling, Lincoln J.; Szűcs, Dénes; De Marco, Damiano; Cipora, Krzysztof; Ulrich, Rolf; Nuerk, Hans-Christoph; Soltanlou, Mojtaba; Bryce, Donna; Chen, Sau-Chin; Schroeder, Philipp Alexander; Henare, Dion T.; Chrystall, Christine K.; Corballis, Paul M.; Ansari, Daniel; Goffin, Celia; Sokolowski, H. Moriah; Hancock, Peter J. B.; Millen, Ailsa E.; Langton, Stephen R. H.; Holmes, Kevin J.; Saviano, Mark S.; Tummino, Tia A.; Lindemann, Oliver; Zwaan, Rolf A.; Lukavský, Jiří; Becková, Adéla; Vranka, Marek A.; Cutini, Simone; Mammarella, Irene Cristina; Mulatti, Claudio; Bell, Raoul; Buchner, Axel; Mieth, Laura; Röer, Jan Philipp; Klein, Elise; Huber, Stefan; Moeller, Korbinian; Ocampo, Brenda; Lupiáñez, Juan; Ortiz-Tudela, Javier; de la Fuente, Juanma; Santiago, Julio; Ouellet, Marc; Hubbard, Edward M.; Toomarian, Elizabeth Y.; Job, Remo; Treccani, Barbara; McShane, Blakeley B.",10.1177/2515245920903079,"Registered Replication Report on Fischer, Castel, Dodd, and Pratt (2003)",Advances in Methods and Practices in Psychological Science,moin,no,replication,yes,replication,https://osf.io/fz9tq/overview,
1020,2018,"Verschuere, Bruno; Meijer, Ewout H.; Jim, Ariane; Hoogesteyn, Katherine; Orthey, Robin; McCarthy, Randy J.; Skowronski, John J.; Acar, Oguz A.; Aczel, Balazs; Bakos, Bence E.; Barbosa, Fernando; Baskin, Ernest; Bègue, Laurent; Ben-Shakhar, Gershon; Birt, Angie R.; Blatz, Lisa; Charman, Steve D.; Claesen, Aline; Clay, Samuel L.; Coary, Sean P.; Crusius, Jan; Evans, Jacqueline R.; Feldman, Noa; Ferreira-Santos, Fernando; Gamer, Matthias; Gomes, Sara; González-Iraizoz, Marta; Holzmeister, Felix; Huber, Juergen; Isoni, Andrea; Jessup, Ryan K.; Kirchler, Michael; klein Selle, Nathalie; Koppel, Lina; Kovacs, Marton; Laine, Tei; Lentz, Frank; Loschelder, David D.; Ludvig, Elliot A.; Lynn, Monty L.; Martin, Scott D.; McLatchie, Neil M.; Mechtel, Mario; Nahari, Galit; Özdoğru, Asil Ali; Pasion, Rita; Pennington, Charlotte R.; Roets, Arne; Rozmann, Nir; Scopelliti, Irene; Spiegelman, Eli; Suchotzki, Kristina; Sutan, Angela; Szecsi, Peter; Tinghög, Gustav; Tisserand, Jean-Christian; Tran, Ulrich S.; Van Hiel, Alain; Vanpaemel, Wolf; Västfjäll, Daniel; Verliefde, Thomas; Vezirian, Kévin; Voracek, Martin; Warmelink, Lara; Wick, Katherine; Wiggins, Bradford J.; Wylie, Keith; Yıldız, Ezgi",10.1177/2515245918781032,"Registered Replication Report on Mazar, Amir, and Ariely (2008)",Advances in Methods and Practices in Psychological Science,moin,no,replication,yes,replication,https://osf.io/3bwx5/files/zr4z7,
1021,2018,"McCarthy, Randy J.; Skowronski, John J.; Verschuere, Bruno; Meijer, Ewout H.; Jim, Ariane; Hoogesteyn, Katherine; Orthey, Robin; Acar, Oguz A.; Aczel, Balazs; Bakos, Bence E.; Barbosa, Fernando; Baskin, Ernest; Bègue, Laurent; Ben-Shakhar, Gershon; Birt, Angie R.; Blatz, Lisa; Charman, Steve D.; Claesen, Aline; Clay, Samuel L.; Coary, Sean P.; Crusius, Jan; Evans, Jacqueline R.; Feldman, Noa; Ferreira-Santos, Fernando; Gamer, Matthias; Gerlsma, Coby; Gomes, Sara; González-Iraizoz, Marta; Holzmeister, Felix; Huber, Juergen; Huntjens, Rafaele J. C.; Isoni, Andrea; Jessup, Ryan K.; Kirchler, Michael; klein Selle, Nathalie; Koppel, Lina; Kovacs, Marton; Laine, Tei; Lentz, Frank; Loschelder, David D.; Ludvig, Elliot A.; Lynn, Monty L.; Martin, Scott D.; McLatchie, Neil M.; Mechtel, Mario; Nahari, Galit; Özdoğru, Asil Ali; Pasion, Rita; Pennington, Charlotte R.; Roets, Arne; Rozmann, Nir; Scopelliti, Irene; Spiegelman, Eli; Suchotzki, Kristina; Sutan, Angela; Szecsi, Peter; Tinghög, Gustav; Tisserand, Jean-Christian; Tran, Ulrich S.; Van Hiel, Alain; Vanpaemel, Wolf; Västfjäll, Daniel; Verliefde, Thomas; Vezirian, Kévin; Voracek, Martin; Warmelink, Lara; Wick, Katherine; Wiggins, Bradford J.; Wylie, Keith; Yıldız, Ezgi",10.1177/2515245918777487,Registered Replication Report on Srull and Wyer (1979),Advances in Methods and Practices in Psychological Science,moin,no,replication,yes,replication,https://osf.io/3bwx5/files/zr4z7,
1115,2014,"van ’ t Veer, Anna E.; Stel, Mariëlle; van Beest, Ilja; Gallucci, Marcello",10.3389/fpsyg.2014.00442,Registered report: measuring unconscious deception detection by skin temperature,Frontiers in Psychology,moin,no,stage 1,no,not_rr_after_all,NA,Stage 1
1052,2022,"Schmidt, Kathleen; Buchanan, Erin M.; Hall, Braeden F.",10.1016/j.jesp.2021.104280,Registered report: Moderators of the relationship between implicit and explicit measures of evaluation and identification,Journal of Experimental Social Psychology,moin,yes,,yes_change,rr,https://osf.io/phkfd/overview,indicated as replication but it is conceptual
1178,2022,"Riesthuis, Paul; Otgaar, Henry; Hope, Lorraine; Mangiulli, Ivan",10.1002/acp.3986,Registered report: The effects of incentivized lies on memory,Applied Cognitive Psychology,moin,yes,,yes,rr,https://osf.io/n5syk/overview,
1075,2022,"Martarelli, Corinna S.; Ovalle-Fresa, Rebecca; Popic, Deian; Globig, Laura K.; Rothen, Nicolas",10.1016/j.cortex.2022.08.003,Reinstating location improves mnemonic access but not fidelity of visual mental representations,Cortex,moin,yes,,yes,rr,https://osf.io/3npd5/overview,
1226,2023,"Basanovic, Julian; Dondzilo, Laura; Rudaizky, Daniel; Van Bockstaele, Bram",10.1177/17470218221108270,Reliability and convergence of approach/avoidance bias assessment tasks in the food consumption domain,Quarterly Journal of Experimental Psychology,moin,yes,,yes,rr,https://osf.io/kd5fn/overview,
1007,2021,"Isler, Ozan; Yilmaz, Onurcan; John Maule, A.",10.1038/s41562-020-01014-3,"Religion, parochialism and intuitive cooperation",Nature Human Behaviour,moin,yes,,yes,rr,https://doi.org/10.6084/m9.figshare.12086781,
1184,2020,"Halfmann, Emma; Bredehöft, Janne; Häusser, Jan Alexander",10.1177/0956797620902101,"Replicating Roaches: A Preregistered Direct Replication of Zajonc, Heingartner, and Herman’s (1969) Social-Facilitation Study",Psychological Science,moin,no,no stage 1,no,not_rr_after_all,NA,"Prereg, not RR, was indicated as replication"
1055,2021,"Chen, Jieying; Kwan, Lok Ching; Ma, Lok Yeung; Choi, Hiu Yee; Lo, Ying Ching; Au, Shin Yee; Tsang, Chi Ho; Cheng, Bo Ley; Feldman, Gilad",10.1016/j.jesp.2021.104154,Retrospective and prospective hindsight bias: Replications and extensions of Fischhoff (1975) and Slovic and Fischhoff (1977),Journal of Experimental Social Psychology,moin,no,no stage 1,no,not_rr_after_all,NA,"Prereg, not RR, was indicated as replication"
1056,2022,"Chandrashekar, Subramanya Prasad; Chan, Yee Yan; Cheng, Kar Lam; Yao, Donna; Lo, Chung Yan Sharon; Cheung, Tsz Chun Anson; Tang, Hoi Yan Sandy; Leung, Yuen Ting Andy; Tsoi, Chi N.; Cheng, Bo Ley; Ng, Ka Wai; Feldman, Gilad",10.1016/j.jesp.2022.104372,Revisiting the folk concept of intentionality: Replications of Malle and Knobe (1997),Journal of Experimental Social Psychology,moin,no,no stage 1,no,not_rr_after_all,NA,"Prereg, not RR, was indicated as replication"
1218,2022,"McLaughlin, Drew J.; Brown, Violet A.; Carraturo, Sita; Van Engen, Kristin J.",10.3758/s13414-021-02423-w,Revisiting the relationship between implicit racial bias and audiovisual benefit for nonnative-accented speech,"Attention, Perception, and Psychophysics",moin,no,no stage 1,no,not_rr_after_all,NA,"Prereg, not RR, was indicated as replication"
1145,2022,"Yeung, Siu Kit; Feldman, Gilad",10.1525/collabra.37122,Revisiting the Temporal Pattern of Regret in Action Versus Inaction: Replication of Gilovich and Medvec (1994) With Extensions Examining Responsibility,Collabra,moin,no,no stage 1,no,not_rr_after_all,NA,"Prereg, not RR, was indicated as replication"
1062,2023,"Geambașu, Andreea; Spit, Sybren; van Renswoude, Daan; Blom, Elma; Fikkert, Paula J.P.M.; Hunnius, Sabine; Junge, Caroline C.M.M.; Verhagen, Josje; Visser, Ingmar; Wijnen, Frank; Levelt, Clara C.",10.1111/desc.13244,"Robustness of the rule-learning effect in 7-month-old infants: A close, multicenter replication of Marcus et al. (1999)",Developmental Science,moin,no,replication,yes,replication,https://osf.io/hcmv7/files/9rqzx,
1160,2023,"Grange, James A.",10.1080/02699931.2023.2176289,Rumination and inhibition in task switching: no evidence for an association,Cognition and Emotion,moin,yes,,yes,rr,https://osf.io/76skr/overview,
1236,2022,"Van Geert, Eline; Moors, Pieter; Haaf, Julia; Wagemans, Johan",10.1177/20416695221109300,"Same stimulus, same temporal context, different percept? Individual differences in hysteresis and adaptation when perceiving multistable dot lattices",i-Perception,moin,yes,,yes,rr,https://osf.io/qmgca/overview,
1011,2022,"Altay, Sacha; Schwartz, Marlène; Hacquin, Anne-Sophie; Allard, Aurélien; Blancke, Stefaan; Mercier, Hugo",10.1038/s41562-021-01271-w,Scaling up interactive argumentation by providing counterarguments with a chatbot,Nature Human Behaviour,moin,yes,,yes,rr,https://doi.org/10.6084/m9.figshare.13122527,
1032,2018,"Lewis Jr., Neil A.; Earl, Allison",10.1037/pspp0000183,Seeing more and eating less: Effects of portion size granularity on the perception and regulation of food consumption.,Journal of Personality and Social Psychology,moin,no,no stage 1,no,not_rr_after_all,NA,"No Stage 1 or prereg, was coded as partial"
1001,2019,"He, Joyce C.; Côté, Stéphane",10.1038/s41562-019-0644-0,Self-insight into emotional and cognitive abilities is not related to higher adjustment,Nature Human Behaviour,moin,yes,,yes,rr,https://doi.org/10.6084/m9.figshare.c.4283567,
1063,2021,"McNeill, Eoghan; Toth, Adam J.; Ramsbottom, Niall; Campbell, Mark J.",10.1016/j.psychsport.2021.101910,Self-modelled versus skilled-peer modelled AO+MI effects on skilled sensorimotor performance: A stage 2 registered report,Psychology of Sport and Exercise,moin,yes,,yes,rr,https://doi.org/10.1016/j.psychsport.2020.101683,
1076,2021,"Wang, Jin; Wagley, Neelima; Rice, Mabel L.; Booth, James R.",10.1016/j.cortex.2021.09.006,Semantic and syntactic specialization during auditory sentence processing in 7-8-year-old children,Cortex,moin,yes,,yes,rr,https://osf.io/8jqc7/registrations,
1065,2022,"Barchiesi, Guido; Zazio, Agnese; Marcantoni, Eleonora; Bulgari, Martina; Barattieri Di San Pietro, Chiara; Sinigaglia, Corrado; Bortoletto, Marta",10.1016/j.cortex.2022.03.007,Sharing motor plans while acting jointly: A TMS study,Cortex,moin,yes,,yes,rr,https://osf.io/hjvcm/overview,found link in github
1079,2023,"D'Agostini, Martina; Burger, Andreas M.; Franssen, Mathijs; Perkovic, Ana; Claes, Stephan; Von Leupoldt, Andreas; Murphy, Peter R.; Van Diest, Ilse",10.1016/j.cortex.2022.11.012,Short bursts of transcutaneous auricular vagus nerve stimulation enhance evoked pupil dilation as a function of stimulation parameters,Cortex,moin,yes,,yes,rr,https://osf.io/wvt9y/overview,
1012,2022,"Bago, Bence; Kovacs, Marton; Protzko, John; Nagy, Tamas; Kekecs, Zoltan; Palfi, Bence; Adamkovic, Matus; Adamus, Sylwia; Albalooshi, Sumaya; Albayrak-Aydemir, Nihan; Alfian, Ilham N.; Alper, Sinan; Alvarez-Solas, Sara; Alves, Sara G.; Amaya, Santiago; Andresen, Pia K.; Anjum, Gulnaz; Ansari, Daniel; Arriaga, Patrícia; Aruta, John Jamir Benzon R.; Arvanitis, Alexios; Babincak, Peter; Barzykowski, Krystian; Bashour, Bana; Baskin, Ernest; Batalha, Luisa; Batres, Carlota; Bavolar, Jozef; Bayrak, Fatih; Becker, Benjamin; Becker, Maja; Belaus, Anabel; Białek, Michał; Bilancini, Ennio; Boller, Daniel; Boncinelli, Leonardo; Boudesseul, Jordane; Brown, Benjamin T.; Buchanan, Erin M.; Butt, Muhammad M.; Calvillo, Dustin P.; Carnes, Nate C.; Celniker, Jared B.; Chartier, Christopher R.; Chopik, William J.; Chotikavan, Poom; Chuan-Peng, Hu; Clancy, Rockwell F.; Çoker, Ogeday; Correia, Rita C.; Adoric, Vera Cubela; Cubillas, Carmelo P.; Czoschke, Stefan; Daryani, Yalda; De Grefte, Job A. M.; De Vries, Wieteke C.; Burak, Elif G. Demirag; Dias, Carina; Dixson, Barnaby J. W.; Du, Xinkai; Dumančić, Francesca; Dumbravă, Andrei; Dutra, Natalia B.; Enachescu, Janina; Esteban-Serna, Celia; Eudave, Luis; Evans, Thomas R.; Feldman, Gilad; Felisberti, Fatima M.; Fiedler, Susann; Findor, Andrej; Fleischmann, Alexandra; Foroni, Francesco; Francová, Radka; Frank, Darius-Aurel; Fu, Cynthia H. Y.; Gao, Shan; Ghasemi, Omid; Ghazi-Noori, Ali-Reza; Ghossainy, Maliki E.; Giammusso, Isabella; Gill, Tripat; Gjoneska, Biljana; Gollwitzer, Mario; Graton, Aurélien; Grinberg, Maurice; Groyecka-Bernard, Agata; Harris, Elizabeth A.; Hartanto, Andree; Hassan, Widad A. N. M.; Hatami, Javad; Heimark, Katrina R.; Hidding, Jasper J. J.; Hristova, Evgeniya; Hruška, Matej; Hudson, Charlotte A.; Huskey, Richard; Ikeda, Ayumi; Inbar, Yoel; Ingram, Gordon P. D.; Isler, Ozan; Isloi, Chris; Iyer, Aishwarya; Jaeger, Bastian; Janssen, Steve M. J.; Jiménez-Leal, William; Jokić, Biljana; Kačmár, Pavol; Kadreva, Veselina; Kaminski, Gwenaël; Karimi-Malekabadi, Farzan; Kasper, Arno T. A.; Kendrick, Keith M.; Kennedy, Bradley J.; Kocalar, Halil E.; Kodapanakkal, Rabia I.; Kowal, Marta; Kruse, Elliott; Kučerová, Lenka; Kühberger, Anton; Kuzminska, Anna O.; Lalot, Fanny; Lamm, Claus; Lammers, Joris; Lange, Elke B.; Lantian, Anthony; Lau, Ivy Y.-M.; Lazarevic, Ljiljana B.; Leliveld, Marijke C.; Lenz, Jennifer N.; Levitan, Carmel A.; Lewis, Savannah C.; Li, Manyu; Li, Yansong; Li, Haozheng; Lima, Tiago J. S.; Lins, Samuel; Liuzza, Marco Tullio; Lopes, Paula; Lu, Jackson G.; Lynds, Trent; Máčel, Martin; Mackinnon, Sean P.; Maganti, Madhavilatha; Magraw-Mickelson, Zoe; Magson, Leon F.; Manley, Harry; Marcu, Gabriela M.; Seršić, Darja Masli; Matibag, Celine-Justine; Mattiassi, Alan D. A.; Mazidi, Mahdi; McFall, Joseph P.; McLatchie, Neil; Mensink, Michael C.; Miketta, Lena; Milfont, Taciano L.; Mirisola, Alberto; Misiak, Michal; Mitkidis, Panagiotis; Moeini-Jazani, Mehrad; Monajem, Arash; Moreau, David; Musser, Erica D.; Narhetali, Erita; Ochoa, Danielle P.; Olsen, Jerome; Owsley, Nicholas C.; Özdoğru, Asil A.; Panning, Miriam; Papadatou-Pastou, Marietta; Parashar, Neha; Pärnamets, Philip; Paruzel-Czachura, Mariola; Parzuchowski, Michal; Paterlini, Julia V.; Pavlacic, Jeffrey M.; Peker, Mehmet; Peters, Kim; Piatnitckaia, Liudmila; Pinto, Isabel; Policarpio, Monica Renee; Pop-Jordanova, Nada; Pratama, Annas J.; Primbs, Maximilian A.; Pronizius, Ekaterina; Purić, Danka; Puvia, Elisa; Qamari, Vahid; Qian, Kun; Quiamzade, Alain; Ráczová, Beáta; Reinero, Diego A.; Reips, Ulf-Dietrich; Reyna, Cecilia; Reynolds, Kimberly; Ribeiro, Matheus F. F.; Röer, Jan P.; Ross, Robert M.; Roussos, Petros; Ruiz-Dodobara, Fernando; Ruiz-Fernandez, Susana; Rutjens, Bastiaan T.; Rybus, Katarzyna; Samekin, Adil; Santos, Anabela C.; Say, Nicolas; Schild, Christoph; Schmidt, Kathleen; Ścigała, Karolina A.; Sharifian, MohammadHasan; Shi, Jiaxin; Shi, Yaoxi; Sievers, Erin; Sirota, Miroslav; Slipenkyj, Michael; Solak, Çağlar; Sorokowska, Agnieszka; Sorokowski, Piotr; Söylemez, Sinem; Steffens, Niklas K.; Stephen, Ian D.; Sternisko, Anni; Stevens-Wilson, Laura; Stewart, Suzanne L. K.; Stieger, Stefan; Storage, Daniel; Strube, Justine; Susa, Kyle J.; Szekely-Copîndean, Raluca D.; Szostak, Natalia M.; Takwin, Bagus; Tatachari, Srinivasan; Thomas, Andrew G.; Tiede, Kevin E.; Tiong, Lucas E.; Tonković, Mirjana; Trémolière, Bastien; Tunstead, Lauren V.; Türkan, Belgüzar N.; Twardawski, Mathias; Vadillo, Miguel A.; Vally, Zahir; Vaughn, Leigh Ann; Verschuere, Bruno; Vlašiček, Denis; Voracek, Martin; Vranka, Marek A.; Wang, Shuzhen; West, Skye-Loren; Whyte, Stephen; Wilton, Leigh S.; Wlodarczyk, Anna; Wu, Xue; Xin, Fei; Yadanar, Su; Yama, Hiroshi; Yamada, Yuki; Yilmaz, Onurcan; Yoon, Sangsuk; Young, Danielle M.; Zakharov, Ilya; Zein, Rizqy A.; Zettler, Ingo; Žeželj, Iris L.; Zhang, Don C.; Zhang, Jin; Zheng, Xiaoxiao; Hoekstra, Rink; Aczel, Balazs",10.1038/s41562-022-01319-5,"Situational factors shape moral judgements in the trolley dilemma in Eastern, Southern and Western countries in a culturally diverse sample",Nature Human Behaviour,moin,yes,,yes,rr,https://osf.io/j6kte/registrations,
1116,2021,"Neely-Prado, Alejandra; van Elk, Michiel; Navarrete, Gorka; Hola, Fernanda; Huepe, David",10.3389/fpsyg.2021.519623,Social Adaptation in Context: The Differential Role of Religiosity and Self-Esteem in Vulnerable vs. Non-vulnerable Populations – A Registered Report Study,Frontiers in Psychology,moin,yes,,yes,rr,https://osf.io/ukys2/overview,found link in registry
1054,2022,"Zinn, Anna K.; Lavric, Aureliu; Levine, Mark; Koschate, Miriam",10.1016/j.jesp.2022.104309,Social identity switching: How effective is it?,Journal of Experimental Social Psychology,moin,no,partial,yes,partial_rr,https://osf.io/p2y5d/overview,
1186,2021,"Lazić, Aleksandra; Kalinova, Kalina Nikolova; Packer, Jali; Pae, Riinu; Petrović, Marija B.; Popović, Dora; Sievert, D. Elisabeth C.; Stafford-Johnson, Natalie",10.1111/bjhp.12556,Social nudges for vaccination: How communicating herd behaviour influences vaccination intentions,British Journal of Health Psychology,moin,yes,,yes_change,rr,https://osf.io/jpku3/overview,"coded as replication, but it is a conceptual replication"
1124,2022,"Lubczyk, Till; Lukács, Gáspár; Ansorge, Ulrich",10.1186/s41235-021-00352-8,Speed versus accuracy instructions in the response time concealed information test,Cognitive Research: Principles and Implications,moin,yes,,yes,rr,https://osf.io/c9e5b/overview,found link in registry
1070,2020,"Scullin, Michael K.; Ball, B. Hunter; Bugg, Julie M.",10.1016/j.cortex.2019.10.013,Structural correlates of commission errors in prospective memory,Cortex,moin,yes,,yes,rr,https://osf.io/pqv9j/files/twzq2,
1207,2019,"Chia, Katherine; Axelrod, Cara; Johnson, Chloe; Bressler, Marly; Cooperman, Hannah; Chu, Amber; Dash, Elizabeth; Di Bella, Julia; Engelhardt, Amanda; Farruggio, Victoria; Folsom, Susannah; Gomariz, Helei; Greiner, Elizabeth; Hager, Sheridan; Hansen, Nicole; Kenefick, Caroline; King, Jessica; King, Khari; Lavaud, Molly; Leone, Elizabeth; McGuire, George; Montanez, Sabrina; Morpeth, Julia; Neumann, Michael; Rivera, Daniella; Sotolongo, Nina; Sparacio, Kaitlyn; Stokes, Kacie; Tarro, Dominic; Treacy, Alysia; Wagler, Kayla; Weitzel, Sarah; Woller, Savannah; Kaschak, Michael P.",10.1080/0163853X.2018.1515556,Structural Repetition in Question Answering: A Replication and Extension of Levelt and Kelter (1982),DISCOURSE PROCESS,moin,no,no stage 1,no,not_rr_after_all,NA,"prereg challenge, not RR, https://osf.io/a94um/overview"
1042,2023,"Macpherson, M.C.; Miles, L.K.",10.1016/j.jesp.2022.104439,Synchrony and mental health: Investigating the negative association between interpersonal coordination and subclinical variation in autism and social anxiety,Journal of Experimental Social Psychology,moin,yes,,yes,rr,https://osf.io/nqat5/registrations,
1126,2023,"Richmond, Lauren L.; Kearley, Julia; Schwartz, Shawn T.; Hargis, Mary B.",10.1186/s41235-023-00468-z,Take a load off: examining partial and complete cognitive offloading of medication information,Cognitive Research: Principles and Implications,moin,no,no stage 1,no,not_rr_after_all,NA,"manuscript refers to Stage 1, but could not find it anywhere"
1233,2022,"Schoenegger, Philipp; Verheyen, Steven",10.1027/1618-3169/a000558,Taking a Closer Look at the Bayesian Truth Serum,Experimental Psychology,moin,no,replication,yes_change,replication,https://osf.io/dkvms/overview,"replication, was not coded as such"
1229,2020,"Ensor, Tyler M.; Bancroft, Tyler D.; Guitard, Dominic; Bireta, Tamra J.; Hockley, William E.; Surprenant, Aimée M.",10.1027/1618-3169/a000494,Testing a Strategy-DisruptionAccount of the List-Strength Effect,Experimental Psychology,moin,no,no stage 1,no,not_rr_after_all,NA,"not clear that it is RR vs. prereg, could not find any link. also, it is a partial but was not coded as such"
1067,2023,"Vormbrock, Ria; Bruchmann, Maximilian; Menne, Lucas; Straube, Thomas; Schindler, Sebastian",10.1016/j.cortex.2022.12.011,Testing stimulus exposure time as the critical factor of increased EPN and LPP amplitudes for fearful faces during perceptual distraction tasks,Cortex,moin,yes,,yes,rr,https://osf.io/ry5s6/overview,
1050,2021,"Leach, Stefan; Sutton, Robbie M.; Douglas, Karen M.; Dhont, Kristof",10.1016/j.jesp.2021.104135,The ‘me’ in meat: Does affirming the self make eating animals seem more morally wrong?,Journal of Experimental Social Psychology,moin,no,partial,yes_change,partial_rr,https://osf.io/jp6s7/registrations,"it was a partial, but not indicated as such"
1234,2019,"Mieth, Laura; Bell, Raoul; Buchner, Axel",10.1027/1618-3169/a000461,The “Mnemonic Time-Travel Effect”,Experimental Psychology,moin,no,no stage 1,no,not_rr_after_all,NA,can't locate Stage 1 or prereg
1196,2020,"Tzavella, Loukia; Maizey, Leah; Lawrence, Andrew D.; Chambers, Christopher D.",10.3758/s13423-020-01764-1,The affective priming paradigm as an indirect measure of food attitudes and related choice behaviour,Psychonomic Bulletin & Review,moin,yes,,yes,rr,https://osf.io/y2tus/overview,
1134,2021,"Hughes, Bradley T.; Costello, Cory K.; Pearman, Joshua; Razavi, Pooya; Bedford-Petersen, Cianna; Ludwig, Rita M.; Srivastava, Sanjay",10.1525/collabra.24431,"The Big Five Across Socioeconomic Status: Measurement Invariance, Relationships, and Age Trends",Collabra,moin,no,no stage 1,no,not_rr_after_all,NA,"manuscript refers to Stage 1, but could not find it anywhere"
1202,2022,"Metcalf, Stacy; Dickerson, Kelli L.; Lavoie, Jennifer; Quas, Jodi A.",10.1037/lhb0000491,The COVID-19 pandemic and lay perceptions of poverty and neglect.,Law and Human Behavior,moin,yes,,yes,rr,https://osf.io/2jgy8/overview,
1146,2019,"Henderson, Emma L.; Vallée-Tourangeau, Frédéric; Simons, Daniel J.",10.1525/collabra.192,The Effect of Concrete Wording on Truth Judgements: A Preregistered Replication and Extension of Hansen & Wänke (),Collabra,moin,no,replication,yes,replication,https://osf.io/f9jh6/files/8rq7k,
1232,2019,"Genschow, Oliver; Schuler, Johannes; Cracco, Emiel; Brass, Marcel; Wänke, Michaela",10.1027/1618-3169/a000466,The Effect of Money Priming on Self-Focus in the Imitation-Inhibition Task,Experimental Psychology,moin,no,partial,yes_change,partial_rr,https://osf.io/ncvfs/registrations,"it was a partial, but not indicated as such"
1129,2023,"Baldassari, Mario J.; Moore, Kara N.; Hyman, Ira E.; Hope, Lorraine; Mah, Eric Y.; Lindsay, D. Stephen; Mansour, Jamal; Saraiva, Renan; Horry, Ruth; Rath, Hannah; Kelly, Lauren; Jones, Rosie; Vale, Shannan; Lawson, Bethany; Pedretti, Josh; Palma, Tomás A.; Cruz, Francisco; Quarenta, Joana; Van der Cruyssen, Ine; Mileva, Mila; Allen, Jessica; Jeye, Brittany; Wiechert, Sera",10.1186/s41235-023-00471-4,The effect of pre-event instructions on eyewitness identification,Cognitive Research: Principles and Implications,moin,yes,,yes,rr,https://osf.io/zb85d/files/rqp7z,
1217,2018,"von Mühlenen, Adrian; Bellaera, Lauren; Singh, Amrendra; Srinivasan, Narayanan",10.3758/s13414-018-1534-7,The effect of sadness on global-local processing,"Attention, Perception, and Psychophysics",moin,no,no stage 1,no,not_rr_after_all,NA,coded as replication RR but no indication of it being an RR or Prereg
1083,2016,"Muthukumaraswamy, Suresh D.; Routley, Bethany; Droog, Wouter; Singh, Krish D.; Hamandi, Khalid",10.1016/j.cortex.2016.03.004,The effects of AMPA blockade on the spectral profile of human early visual cortex recordings studied with non-invasive MEG,Cortex,moin,no,no stage 1,no,not_rr_after_all,NA,can't locate Stage 1 or prereg
1034,2023,"Maskor, Mazlan; Fladerer, Martin P.; Fong, Polly; Steffens, Niklas K.; Haslam, S. Alexander",10.1111/bjso.12551,"The fish can rot from the heart, not just the head: Exploring the detrimental impact of transgressions by leaders at multiple levels of an organization",British Journal of Social Psychology,moin,yes,,yes,rr,https://osf.io/kaezq/files/9cdyh?view_only=0e12a31dcd3449729a88922358ab3128,
1095,2016,"Kopiske, Karl K.; Bruno, Nicola; Hesse, Constanze; Schenk, Thomas; Franz, Volker H.",10.1016/j.cortex.2016.03.020,The functional subdivision of the visual brain: Is there a real illusion effect on action? A multi-lab replication study,Cortex,moin,no,no stage 1,no,not_rr_after_all,NA,"manuscript refers to Stage 1, but could not find it anywhere"
1172,2023,"Wisniewski, David; Rigoni, Davide; Vermeylen, Luc; Braem, Senne; Abrahamse, Elger; Brass, Marcel",10.1016/j.concog.2022.103448,The impact of free will beliefs on implicit learning,Consciousness and Cognition,moin,yes,,yes,rr,https://osf.io/6s4yz/registrations,
1188,2022,"Suarez, Gabriela L.; Burt, S. Alexandra; Gard, Arianna M.; Burton, Jared; Clark, D. Angus; Klump, Kelly L.; Hyde, Luke W.",10.1016/j.dcn.2022.101061,The impact of neighborhood disadvantage on amygdala reactivity: Pathways through neighborhood social processes,Developmental Cognitive Neuroscience,moin,yes,,yes,rr,https://osf.io/kxpft/overview,
1121,2022,"Alzahabi, Reem; Hussey, Erika; Ward, Nathan",10.1186/s41235-022-00443-0,The influence of context representations on cognitive control states,Cognitive Research: Principles and Implications,moin,no,no stage 1,no,not_rr_after_all,NA,link is flagged as spam by OSF! https://osf.io/78h35/
1139,2022,"Li, Jianan; Jongerling, Joran; Dijkstra, Katinka; Zwaan, Rolf",10.1525/collabra.33631,The Influence of Utterance-Related Factors on the Use of Direct and Indirect Speech,Collabra,moin,yes,,yes,rr,https://osf.io/8stng/registrations,
1197,2022,"Ben-Yakov, Aya; Smith, Verity; Henson, Richard",10.3758/s13423-021-01954-5,The limited reach of surprise: Evidence against effects of surprise on memory for preceding elements of an event,Psychonomic Bulletin & Review,moin,no,no stage 1,no,not_rr_after_all,NA,"manuscript refers to Stage 1, but could not find it anywhere"
1086,2018,"Elkins-Brown, Nathaniel; Saunders, Blair; Inzlicht, Michael",10.1016/j.cortex.2018.08.017,The misattribution of emotions and the error-related negativity: A registered report,Cortex,moin,no,replication,yes,replication,https://osf.io/su58j/files/osfstorage,not formally registered
1053,2019,"Watkins, Hanne M.; Brandt, Mark",10.1016/j.jesp.2019.103843,The moral landscape of war: A registered report testing how the war context shapes morality's constraints on default representations of possibility,Journal of Experimental Social Psychology,moin,no,no stage 1,no,not_rr_after_all,NA,"manuscript refers to prereg, but could not find it "
1078,2022,"Teichmann, Lina; Moerel, Denise; Rich, Anina N.; Baker, Chris I.",10.1016/j.cortex.2022.04.009,The nature of neural object representations during dynamic occlusion,Cortex,moin,yes,,yes,rr,https://osf.io/tp2ad/overview,
1045,2020,"Landwehr, Jan R.; Eckmann, Lisa",10.1016/j.jesp.2020.103997,The nature of processing fluency: Amplification versus hedonic marking,Journal of Experimental Social Psychology,moin,yes,,yes,rr,https://osf.io/kbmf5/registrations,
1084,2015,"Sassenhagen, Jona; Bornkessel-Schlesewsky, Ina",10.1016/j.cortex.2014.12.019,The P600 as a correlate of ventral attention network reorientation,Cortex,moin,no,no stage 1,no,not_rr_after_all,NA,"manuscript refers to Stage 1, but could not find it anywhere"
1033,2023,"Rinn, Robin; Krishna, Anand; Deutsch, Roland",10.1111/bjso.12581,The psychology of income wealth threshold estimations: A registered report,British Journal of Social Psychology,moin,no,no stage 1,no,not_rr_after_all,NA,"manuscript refers to Stage 1, but could not find it anywhere, also, is partial. found this prereg: https://osf.io/jn4qx/overview"
1222,2022,"Whitaker, Mirinda M.; Hansen, Rachael C.; Creem-Regehr, Sarah H.; Stefanucci, Jeanine K.",10.3758/s13414-021-02420-z,The relationship between space and time perception: A registered replication of Casasanto and Boroditsky (2008),"Attention, Perception, and Psychophysics",moin,no,no stage 1,no,not_rr_after_all,NA,"manuscript refers to prereg, but could not find it "
1150,2021,"Wagner, Jennifer; Grigor, John; Abdullah, Ahmed; Cannon, Peter; Wilkin, Jonathan; Robertson, Paul; Szymkowiak, Andrea",10.1016/j.ijpsycho.2021.05.003,"The relationship between tendency to attend to detail, sensory sensitivity, and affective response to food cues – A registered report",International Journal of Psychophysiology,moin,yes,,yes,rr,https://osf.io/9e8gr/overview,
1049,2022,"Freedman, Gili; Hales, Andrew H.; Powell, Darcey N.; Le, Benjamin; Williams, Kipling D.",10.1016/j.jesp.2022.104368,The role of gender and safety concerns in romantic rejection decisions,Journal of Experimental Social Psychology,moin,no,no stage 1,no,not_rr_after_all,NA,"manuscript refers to Stage 1, but could not find it anywhere, but found these preregs: https://osf.io/zdfj9/registrations"
1038,2021,"Primoceri, Pierpaolo; Ramer, Nicolas; Ullrich, Johannes; Job, Veronika",10.1016/j.jesp.2021.104133,The role of task similarity for ego depletion: A registered report,Journal of Experimental Social Psychology,moin,no,partial,yes_change,partial_rr,https://osf.io/b9yek/registrations,"partial, but pilot study was preregistered"
1205,2020,"Reis, Dorota; Prestele, Elisabeth",10.1002/smi.2901,The Role of Trait and State Perfectionism in Psychological Detachment From Daily Job Demands,Stress and Health,moin,no,no stage 1,no,not_rr_after_all,NA,"strange one, could be RR but the doc is very brief, and registration refers to different doc: https://osf.io/j2qc3/overview"
1105,2018,"Weston, Sara J.; Jackson, Joshua J.",10.1016/j.jrp.2017.10.005,The role of vigilance in the relationship between neuroticism and health: A registered report,Journal of Research in Personality,moin,yes,,yes,rr,https://osf.io/fjqtu/overview,looks like only prereg but it links to the Stage 1
1094,2022,"Vicente-Conesa, Francisco; Giménez-Fernández, Tamara; Shanks, David R.; Vadillo, Miguel A.",10.1016/j.cortex.2022.05.019,The role of working memory in contextual cueing of visual attention,Cortex,moin,yes,,yes_change,rr,https://osf.io/8ypxt/overview,"not a direct replication, instead replicating a paradigm/effect"
1200,2022,"Parks, Colleen M.; Mohawk, Kevin D.; Werner, Laura L. S.; Kiley, Christopher",10.3758/s13423-022-02102-3,The time window of reconsolidation: A replication,Psychonomic Bulletin & Review,moin,no,no stage 1,no,not_rr_after_all,NA,"marked as replication, but it is not even an RR"
1159,2022,"Jaffé, Mariela E.; Douneva, Maria; Reutner, Leonie; Greifeneder, Rainer",10.1080/02699931.2022.2084041,This feels like the right choice: how decision aids may facilitate affect-based valuation,Cognition and Emotion,moin,no,no stage 1,no,not_rr_after_all,NA,"manuscript refers to prereg, but could not find it; if RR, would also be partial"
1008,2021,"Jones, Benedict C.; DeBruine, Lisa M.; Flake, Jessica K.; Liuzza, Marco Tullio; Antfolk, Jan; Arinze, Nwadiogo C.; Ndukaihe, Izuchukwu L. G.; Bloxsom, Nicholas G.; Lewis, Savannah C.; Foroni, Francesco; Willis, Megan L.; Cubillas, Carmelo P.; Vadillo, Miguel A.; Turiegano, Enrique; Gilead, Michael; Simchon, Almog; Saribay, S. Adil; Owsley, Nicholas C.; Jang, Chaning; Mburu, Georgina; Calvillo, Dustin P.; Wlodarczyk, Anna; Qi, Yue; Ariyabuddhiphongs, Kris; Jarukasemthawee, Somboon; Manley, Harry; Suavansri, Panita; Taephant, Nattasuda; Stolier, Ryan M.; Evans, Thomas R.; Bonick, Judson; Lindemans, Jan W.; Ashworth, Logan F.; Hahn, Amanda C.; Chevallier, Coralie; Kapucu, Aycan; Karaaslan, Aslan; Leongómez, Juan David; Sánchez, Oscar R.; Valderrama, Eugenio; Vásquez-Amézquita, Milena; Hajdu, Nandor; Aczel, Balazs; Szecsi, Peter; Andreychik, Michael; Musser, Erica D.; Batres, Carlota; Hu, Chuan-Peng; Liu, Qing-Lan; Legate, Nicole; Vaughn, Leigh Ann; Barzykowski, Krystian; Golik, Karolina; Schmid, Irina; Stieger, Stefan; Artner, Richard; Mues, Chiel; Vanpaemel, Wolf; Jiang, Zhongqing; Wu, Qi; Marcu, Gabriela M.; Stephen, Ian D.; Lu, Jackson G.; Philipp, Michael C.; Arnal, Jack D.; Hehman, Eric; Xie, Sally Y.; Chopik, William J.; Seehuus, Martin; Azouaghe, Soufian; Belhaj, Abdelkarim; Elouafa, Jamal; Wilson, John P.; Kruse, Elliott; Papadatou-Pastou, Marietta; De La Rosa-Gómez, Anabel; Barba-Sánchez, Alan E.; González-Santoyo, Isaac; Hsu, Tsuyueh; Kung, Chun-Chia; Wang, Hsiao-Hsin; Freeman, Jonathan B.; Oh, Dong Won; Schei, Vidar; Sverdrup, Therese E.; Levitan, Carmel A.; Cook, Corey L.; Chandel, Priyanka; Kujur, Pratibha; Parganiha, Arti; Parveen, Noorshama; Pati, Atanu Kumar; Pradhan, Sraddha; Singh, Margaret M.; Pande, Babita; Bavolar, Jozef; Kačmár, Pavol; Zakharov, Ilya; Álvarez-Solas, Sara; Baskin, Ernest; Thirkettle, Martin; Schmidt, Kathleen; Christopherson, Cody D.; Leonis, Trinity; Suchow, Jordan W.; Olofsson, Jonas K.; Jernsäther, Teodor; Lee, Ai-Suan; Beaudry, Jennifer L.; Gogan, Taylor D.; Oldmeadow, Julian A.; Balas, Benjamin; Stevens, Laura M.; Colloff, Melissa F.; Flowe, Heather D.; Gülgöz, Sami; Brandt, Mark J.; Hoyer, Karlijn; Jaeger, Bastian; Ren, Dongning; Sleegers, Willem W. A.; Wissink, Joeri; Kaminski, Gwenaël; Floerke, Victoria A.; Urry, Heather L.; Chen, Sau-Chin; Pfuhl, Gerit; Vally, Zahir; Basnight-Brown, Dana M.; Jzerman, Hans I.; Sarda, Elisa; Neyroud, Lison; Badidi, Touhami; Van Der Linden, Nicolas; Tan, Chrystalle B. Y.; Kovic, Vanja; Sampaio, Waldir; Ferreira, Paulo; Santos, Diana; Burin, Debora I.; Gardiner, Gwendolyn; Protzko, John; Schild, Christoph; Ścigała, Karolina A.; Zettler, Ingo; O’Mara Kunz, Erin M.; Storage, Daniel; Wagemans, Fieke M. A.; Saunders, Blair; Sirota, Miroslav; Sloane, Guyan V.; Lima, Tiago J. S.; Uittenhove, Kim; Vergauwe, Evie; Jaworska, Katarzyna; Stern, Julia; Ask, Karl; Van Zyl, Casper J. J.; Körner, Anita; Weissgerber, Sophia C.; Boudesseul, Jordane; Ruiz-Dodobara, Fernando; Ritchie, Kay L.; Michalak, Nicholas M.; Blake, Khandis R.; White, David; Gordon-Finlayson, Alasdair R.; Anne, Michele; Janssen, Steve M. J.; Lee, Kean Mun; Nielsen, Tonje K.; Tamnes, Christian K.; Zickfeld, Janis H.; Rosa, Anna Dalla; Vianello, Michelangelo; Kocsor, Ferenc; Kozma, Luca; Putz, Ádám; Tressoldi, Patrizio; Irrazabal, Natalia; Chatard, Armand; Lins, Samuel; Pinto, Isabel R.; Lutz, Johannes; Adamkovic, Matus; Babincak, Peter; Baník, Gabriel; Ropovik, Ivan; Coetzee, Vinet; Dixson, Barnaby J. W.; Ribeiro, Gianni; Peters, Kim; Steffens, Niklas K.; Tan, Kok Wei; Thorstenson, Christopher A.; Fernandez, Ana Maria; Hsu, Rafael M. C. S.; Valentova, Jaroslava V.; Varella, Marco A. C.; Corral-Frías, Nadia S.; Frías-Armenta, Martha; Hatami, Javad; Monajem, Arash; Sharifian, MohammadHasan; Frohlich, Brooke; Lin, Hause; Inzlicht, Michael; Alaei, Ravin; Rule, Nicholas O.; Lamm, Claus; Pronizius, Ekaterina; Voracek, Martin; Olsen, Jerome; Giolla, Erik Mac; Akgoz, Aysegul; Özdoğru, Asil A.; Crawford, Matthew T.; Bennett-Day, Brooke; Koehn, Monica A.; Okan, Ceylan; Gill, Tripat; Miller, Jeremy K.; Dunham, Yarrow; Yang, Xin; Alper, Sinan; Borras-Guevara, Martha Lucia; Cai, Sun Jun; Tiantian, Dong; Danvers, Alexander F.; Feinberg, David R.; Armstrong, Marie M.; Gilboa-Schechtman, Eva; McCarthy, Randy J.; Muñoz-Reyes, Jose Antonio; Polo, Pablo; Shiramazu, Victor K. M.; Yan, Wen-Jing; Carvalho, Lilian; Forscher, Patrick S.; Chartier, Christopher R.; Coles, Nicholas A.",10.1038/s41562-020-01007-2,To which world regions does the valence–dominance model of social perception apply?,Nature Human Behaviour,moin,yes,,yes,rr,https://doi.org/10.6084/m9.figshare.7611443,
1118,2015,"Wagenmakers, Eric-Jan; Beek, Titia F.; Rotteveel, Mark; Gierholz, Alex; Matzke, Dora; Steingroever, Helen; Ly, Alexander; Verhagen, Josine; Selker, Ravi; Sasiadek, Adam; Gronau, Quentin F.; Love, Jonathon; Pinto, Yair",10.3389/fpsyg.2015.00494,Turning the hands of time again: a purely confirmatory replication study and a Bayesian analysis,Frontiers in Psychology,moin,no,replication,yes,replication,https://osf.io/uszvx/registrations,"irregular format, but article indicates proposal was reviewed prior to data collection"
1117,2015,"van ’t Veer, Anna E.; Gallucci, Marcello; Stel, Mariëlle; Beest, Ilja van",10.3389/fpsyg.2015.00672,Unconscious deception detection measured by finger skin temperature and indirect veracity judgments—results of a registered report,Frontiers in Psychology,moin,yes,,yes,rr,https://doi.org/10.3389/fpsyg.2014.00442,Stage 1 was published
1127,2023,"McKinley, Geoffrey L.; Peterson, Daniel J.",10.1186/s41235-023-00522-w,Using objective measures to examine the effect of suspect-filler similarity on eyewitness identification performance,Cognitive Research: Principles and Implications,moin,yes,,yes,rr,https://doi.org/10.1186/s41235-022-00442-1,Stage 1 was published
1138,2022,"Jaffé, Mariela E.; Douneva, Maria; Greifeneder, Rainer",10.1525/collabra.33941,When Choosing Implies Losing: Does Flipping a Coin Increase Forfeiture Thoughts?,Collabra,moin,yes,,yes,rr,https://osf.io/hr3b9/registrations,
1037,2022,"Williams, Matt N.; Marques, Mathew D.; Hill, Stephen R.; Kerr, John R.; Ling, Mathew",10.1111/bjso.12518,Why are beliefs in different conspiracy theories positively correlated across individuals? Testing monological network versus unidimensional factor model explanations,British Journal of Social Psychology,moin,yes,,yes,rr,https://osf.io/6vrcz/overview,
1213,2020,"Grassi, Massimo; Mioni, Giovanna",10.3758/s13414-020-02059-2,Why are damped sounds perceived as shorter than ramped sounds?,"Attention, Perception, and Psychophysics",moin,yes,,yes,rr,https://osf.io/bg49u/files/4ypnj,not formally registered
1143,2021,"Mattavelli, Simone; Van Dessel, Pieter; De Houwer, Jan",10.1525/collabra.18733,Why Does the IAT Reveal a Preference for Stimuli Said to Be Paired With an Unpleasant Sound? Stalking the Unexpected,Collabra,moin,no,partial,yes,partial_rr,https://osf.io/5necg/overview,
1059,2023,"Forsberg, Alicia; Adams, Eryn J.; Cowan, Nelson",10.1111/desc.13283,"Why does visual working memory ability improve with age: More objects, more feature detail, or both? A registered report",Developmental Science,moin,yes,,yes,rr,https://osf.io/wskcf/files/59ekp,
1036,2022,"McCrea, Sean M.; Erion, C. J.; Thürmer, J. Lukas",10.1111/bjso.12508,"Why punish critical outgroup commenters? Social identity, general norms, and retribution",British Journal of Social Psychology,moin,yes,,yes,rr,https://osf.io/b74jg/registrations,
1120,2020,"Ecker, Ullrich K. H.; Butler, Lucy H.; Hamby, Anne",10.1186/s41235-020-00266-x,You don’t have to tell a story! A registered report testing the effectiveness of narrative versus non-narrative misinformation corrections,Cognitive Research: Principles and Implications,moin,yes,,yes,rr,https://osf.io/gtm9z/files/3aegu,
1149,2020,"Morriss, Jayne; Biagi, Nicolò; Dodd, Helen",10.1016/j.ijpsycho.2020.07.009,Your guess is as good as mine: A registered report assessing physiological markers of fear and anxiety to the unknown in individuals with varying levels of intolerance of uncertainty,International Journal of Psychophysiology,moin,yes,,yes,rr,https://osf.io/v2zgb/registrations,