"Key","Item Type","Publication Year","Author","Title","Publication Title","ISBN","ISSN","DOI","Url","Abstract Note","Date","Date Added","Date Modified","Access Date","Pages","Num Pages","Issue","Volume","Number Of Volumes","Journal Abbreviation","Short Title","Series","Series Number","Series Text","Series Title","Publisher","Place","Language","Rights","Type","Archive","Archive Location","Library Catalog","Call Number","Extra","Notes","File Attachments","Link Attachments","Manual Tags","Automatic Tags","Editor","Series Editor","Translator","Contributor","Attorney Agent","Book Author","Cast Member","Commenter","Composer","Cosponsor","Counsel","Interviewer","Producer","Recipient","Reviewed Author","Scriptwriter","Words By","Guest","Number","Edition","Running Time","Scale","Medium","Artwork Size","Filing Date","Application Number","Assignee","Issuing Authority","Country","Meeting Name","Conference Name","Court","References","Reporter","Legal Status","Priority Numbers","Programming Language","Version","System","Code","Code Number","Section","Session","Committee","History","Legislative Body"
"4WRZ9F3U","journalArticle","2022","Luna, Karlos; Albuquerque, Pedro B.","Do Beliefs About Font Size Affect Retrospective Metamemory Judgments                     in Addition to Prospective Judgments?","Experimental Psychology","","1618-3169","10.1027/1618-3169/a000549","https://econtent.hogrefe.com/doi/abs/10.1027/1618-3169/a000549",". Beliefs about how memory works explain several effects on                     prospective metamemory judgments (e.g., the effect of font size on judgments of                     learning; JOLs). Less is known about the effect of beliefs on retrospective                     judgments (i.e., confidence). Here, we tested whether font size also affects                     confidence ratings and whether beliefs play a similar role in confidence than in                     JOLs. In two experiments, participants studied words in small and large size,                     rated JOLs, and completed a font-size test in which they indicated the font size                     at study and a standard old/new recognition test. The results confirmed that                     font size affected both JOLs and confidence ratings. The presentation of the                     counter-belief that memory is better for words in small font size in Experiment                     2 and the analyses of confidence for participants who did not believe that large                     fonts improved memory suggested that the effect of font size on confidence was                     based on beliefs. This research shows that the debate on theory-based and                     experience-based factors should not be limited to prospective metamemory                     judgments but also encompass retrospective judgments.","2022-05","2026-03-30 02:07:11","2026-07-17 08:19:44","2026-03-30 02:07:11","172-184","","3","69","","","","43","","","","Hogrefe Publishing","","","","","","","econtent.hogrefe.com (Atypon)","","","","C:\Users\moin\Zotero\storage\3J8MP6ZR\Luna and Albuquerque - 2022 - Do Beliefs About Font Size Affect Retrospective Metamemory Judgments                     in Addition.pdf","","Registered Report","beliefs; confidence; font size; metamemory","","","","","","","","","","","","","","","","","","","","","","","","","","","","","","","","","","","","","","","","","","","","","",""
"2CYV9DY7","journalArticle","2020","Tzavella, Loukia; Maizey, Leah; Lawrence, Andrew D.; Chambers, Christopher D.","The affective priming paradigm as an indirect measure of food attitudes and related choice behaviour","Psychonomic Bulletin & Review","","1531-5320","10.3758/s13423-020-01764-1","https://doi.org/10.3758/s13423-020-01764-1","In this Registered Report, we assessed the utility of the affective priming paradigm (APP) as an indirect measure of food attitudes and related choice behaviour in two separate cohorts. Participants undertook a speeded evaluative categorization task in which target words were preceded by food primes that differed in terms of affective congruence with the target, explicit liking (most liked or least liked), and healthiness (healthy or unhealthy). Non-food priming effects were tested as a manipulation check, and the relationship between food priming effects and impulsive choice behaviour was also investigated using a binary food choice task. As predicted, priming effects were observed for both healthy and unhealthy foods, but there was no difference in the magnitude of these effects. This may suggest that the paradigm is most sensitive to affective, but not cognitive, components of attitudes (i.e., healthiness), but alternative theoretical explanations and implications of this finding are discussed. Food and non-food priming effects were observed in both reaction time (RT) and error rate (ER) data, but contrary to expectations, we found no association between food RT priming effects and choice behaviour. All findings from confirmatory analyses regarding RT and ER priming effects, and the absence of the expected correlations between priming effects and impulsive food choices, were successfully replicated in the online cohort of participants. Overall, this study confirms the robustness of the APP as an indirect measure of food liking and raises questions about its applied value for research of eating behaviours.","2020-12-01","2026-03-30 01:58:02","2026-07-17 08:29:29","2026-03-30 01:58:02","1397-1415","","6","27","","Psychon Bull Rev","","90","","","","","","en","","","","","Springer Link","","","","C:\Users\moin\Zotero\storage\UJDS39ZU\Tzavella et al. - 2020 - The affective priming paradigm as an indirect measure of food attitudes and related choice behaviour.pdf","","Registered Report","Affective priming; Choice; Foods; Healthiness; Liking","","","","","","","","","","","","","","","","","","","","","","","","","","","","","","","","","","","","","","","","","","","","","",""
"2GZQT8M7","journalArticle","2021","Marr, Carey; Sauerland, Melanie; Otgaar, Henry; Quaedflieg, Conny W.E.M.; Hope, Lorraine","Mitigating the negative effects of retrieval stress on memory: an arousal reappraisal intervention","Memory","","0965-8211","10.1080/09658211.2021.1893750","https://doi.org/10.1080/09658211.2021.1893750","In a preregistered experiment, we examined the efficacy of arousal reappraisal as an intervention for reducing the negative effects of stress at retrieval on memory. Participants (N = 177) were semi-randomly assigned to one of three conditions: a Stress-intervention condition, a Stress-placebo condition, and a No-stress-placebo control condition. Participants viewed four images of complex, mildly negatively valenced scenes. One day later, they received an arousal reappraisal intervention or placebo before exposure to a laboratory stressor (or a control version for the No-stress condition). Participants were then tested on their memory of the images using a free recall instruction and multiple-choice recognition questions. As expected, negative affect and blood pressure increased for the stress conditions but not the control condition. Contrary to our hypotheses, memory performance did not statistically significant differ between the Stress-placebo condition and the No-stress-placebo control condition, indicating a lack of negative effects of acute retrieval stress on memory. Furthermore, we also found no statistically significant differences between the Stress-intervention condition and Stress-placebo condition in terms of memory performance, suggesting that the intervention did not assist with enhancing memory. We integrate interpretations of the findings from this study with a discussion of avenues for future research in this area.","2021-03-16","2026-03-30 01:51:24","2026-07-17 08:23:00","2026-03-30 01:51:24","330-344","","3","29","","","Mitigating the negative effects of retrieval stress on memory","70","","","","Routledge","","","","","","","Taylor and Francis+NEJM","","_eprint: https://doi.org/10.1080/09658211.2021.1893750","","C:\Users\moin\Zotero\storage\ZF3X83SM\Marr et al. - 2021 - Mitigating the negative effects of retrieval stress on memory an arousal reappraisal intervention.pdf","","Registered Report","recognition; stress; arousal reappraisal; eyewitness; free recall; memory; memory enhancement","","","","","","","","","","","","","","","","","","","","","","","","","","","","","","","","","","","","","","","","","","","","","",""
"3QJLJFQF","journalArticle","2019","Zgonnikov, Arkady; Atiya, Nadim A. A.; O’Hora, Denis; Rañò, Iñaki; Wong-Lin, KongFatt","Beyond reach: Do symmetric changes in motor costs affect decision making? A registered report","Judgment and Decision Making","","1930-2975","10.1017/S1930297500006136","https://www.cambridge.org/core/journals/judgment-and-decision-making/article/beyond-reach-do-symmetric-changes-in-motor-costs-affect-decision-making-a-registered-report/8458A793F89F41D94FEA159EF7464DAB","Executing an important decision can be as easy as moving a mouse cursor or reaching towards the preferred option with a hand. But would we decide differently if choosing required walking a few steps towards an option? More generally, is our preference invariant to the means and motor costs of reporting it? Previous research demonstrated that asymmetric motor costs can nudge the decision-maker towards a less costly option. However, virtually all traditional decision-making theories predict that increasing motor costs symmetrically for all options should not affect choice in any way. This prediction is disputed by the theory of embodied cognition, which suggests that motor behavior is an integral part of cognitive processes, and that motor costs can affect our choices. In this registered report, we investigated whether varying motor costs can affect response dynamics and the final choices in an intertemporal choice task: choosing between a readily available small reward and a larger but delayed reward. Our study compared choices reported by moving a computer mouse cursor towards the preferred option with the choices executed via a more motor costly walking procedure. First, we investigated whether relative values of the intertemporal choice options affect walking trajectories in the same way as they affect mouse cursor dynamics. Second, we tested a hypothesis that, in the walking condition, increased motor costs of a preference reversal would decrease the number of changes-of-mind and therefore increase the proportion of impulsive, smaller-but-sooner choices. We confirmed the hypothesis that walking trajectories reflect covert dynamics of decision making, and rejected the hypothesis that increased motor costs of responding affect decisions in an intertemporal choice task. Overall, this study contributes to the empirical basis enabling the decision-making theories to address the complex interplay between cognitive and motor processes.","2019-07","2026-03-30 01:48:05","2026-07-17 08:32:47","2026-03-30 01:48:05","455-469","","4","14","","","Beyond reach","65","","","","","","en","","","","","Cambridge University Press","","","","C:\Users\moin\Zotero\storage\CZZT3LQF\Zgonnikov et al. - 2019 - Beyond reach Do symmetric changes in motor costs affect decision making A registered report.pdf","","Registered Report","intertemporal choice; motor costs; mouse tracking; response dynamics; walking path tracking","","","","","","","","","","","","","","","","","","","","","","","","","","","","","","","","","","","","","","","","","","","","","",""
"6456MUUH","journalArticle","2019","Brannon, Skylar M.; Carr, Sarah; Jin, Ellie Shuo; Josephs, Robert A.; Gawronski, Bertram","Exogenous testosterone increases sensitivity to moral norms in moral dilemma judgements","Nature Human Behaviour","","2397-3374","10.1038/s41562-019-0641-3","https://www.nature.com/articles/s41562-019-0641-3","","2019-07-22","2026-03-29 15:52:56","2026-07-17 08:07:52","2026-03-29 15:52:56","856-866","","8","3","","Nat Hum Behav","","77","","","","","","en","","","","","DOI.org (Crossref)","","","","C:\Users\moin\Zotero\storage\3IWAJ326\Brannon et al. - 2019 - Exogenous testosterone increases sensitivity to moral norms in moral dilemma judgements.pdf","","Registered Report","","","","","","","","","","","","","","","","","","","","","","","","","","","","","","","","","","","","","","","","","","","","","","",""
"4D9R3HZD","journalArticle","2024","Fusco, Gabriele; Scandola, Michele; Lin, Hause; Inzlicht, Michael; Aglioti, Salvatore Maria","Modulating preferences during intertemporal choices through exogenous midfrontal transcranial alternating current stimulation: A registered report","Cortex","","0010-9452","10.1016/j.cortex.2023.09.019","","Decision conflicts may arise when the costs and benefits of choices are evaluated as a function of outcomes predicted along a temporal dimension. Electrophysiology studies suggest that during performance monitoring a typical oscillatory activity in the theta rhythm, named midfrontal theta, may index conflict processing and resolution. In the present within-subject, sham controlled, cross-over preregistered study, we delivered online midfrontal transcranial Alternating Current Stimulation (tACS) to modulate electrocortical activity during intertemporal decisions. Participants were invited to select choice preference between economic offers at three different intermixed levels of conflict (i.e., low, medium, high) while receiving either theta -, gamma-, or sham tACS in separate blocks and sessions. At the end of each stimulation block, a Letter-Flanker task was also administered to measure behavioural aftereffects. We hypothesized that theta-tACS would have acted on the performance monitoring system inducing behavioural changes (i.e., faster decisions and more impulsive choices) in high conflicting trials, rather than gammaand sham-tACS. Results very partially confirmed our predictions. Unexpectedly, both theta- and gamma-driven neuromodulation speeded-up decisions compared to sham. However, exploratory analyses revealed that such an effect was stronger in the highconflict decisions during theta-tACS. These findings were independent from the influence of the sensations induced by the electrical stimulation. Moreover, further analyses highlighted a significant association during theta-tACS between the selection of immediate offers in high-conflict trials and attentional impulsiveness, suggesting that individual factors may account for the tACS effects during intertemporal decisions. Finally, we did not capture long-lasting behavioural changes following tACS in the Flanker task. Our findings may inform scholars to improve experimental designs and boost the knowledge toward a more effective application of tACS.(c) 2023 Elsevier Ltd. All rights reserved.","2024-02","2026-03-25 20:24:08","2026-07-17 09:18:54","","435-464","","","171","","","","27","","","","ELSEVIER MASSON, CORP OFF","65 CAMILLE DESMOULINS CS50083 ISSY-LES-MOULINEAUX, 92442 PARIS, FRANCE","English","","","","","","","Type: Article","","C:\Users\moin\Zotero\storage\8Y92DD5T\Fusco et al. - 2024 - Modulating preferences during intertemporal choices through exogenous midfrontal transcranial altern.pdf","","Registered Report","","","","","","","","","","","","","","","","","","","","","","","","","","","","","","","","","","","","","","","","","","","","","","",""
"2LE8Z3W6","journalArticle","2024","Vu, Linh; Molho, Catherine; Soraperra, Ivan; Fiedler, Susann; Shalvi, Shaul","Giving (in) to help an identified person","Journal of Experimental Social Psychology","","0022-1031","10.1016/j.jesp.2023.104557","","People give more to a person in need when this person's identity is known. Such altruistic behaviors may arise from a genuine concern for the person, leading people to give. Alternatively, altruistic behavior may also arise from one's attempt to reduce the guilt of not giving, leading people to give in. Is the increased altruism towards an identified (vs. unidentified) charity recipient driven by a genuine concern for the person or by guilt? The current registered report addressed this question in two experiments (N = 3671), in which participants made allocation decisions in transparent vs. ambiguous settings with a predetermined (versus undetermined; Study 1) or an identified (versus unidentified; Study 2) child in need as the recipient. Consistent with our pre-registered hypothesis, results revealed that participants gave significantly less to undetermined/unidentified children in an ambiguous, compared with a transparent setting. However, in contrast to our predictions, predetermined/ identified children did not receive more than undetermined/unidentified children in transparent settings in which they know how their choice impacts the children. Accordingly, the predicted interaction between identification and ambiguity was not significant. Exploratory analyses revealed that participants who willingly resolve the ambiguity surrounding the impact of their choice gave more compared to those who were given transparent information by default. The results suggest that some people give in when making their donation decisions, but the tendency to give in is independent of whether the recipient is identified or not.","2024-01","2026-03-25 20:24:07","2026-08-04 18:23:22","","","","","110","","","","51","","","","ACADEMIC PRESS INC ELSEVIER SCIENCE","","English","","","","","","","Place: 525 B ST, STE 1900, SAN DIEGO, CA 92101-4495 USA Type: Article","","C:\Users\moin\Zotero\storage\QLU2SWWK\Vu et al. - 2024 - Giving (in) to help an identified person.pdf","","Registered Report","","","","","","","","","","","","","","","","","","","","","","","","","","","","","","","","","","","","","","","","","","","","","","",""
"46LT2RU6","journalArticle","2024","Dudek, Iwona; Polczyk, Romuald","Memory distrust and suggestibility: A registered report","Legal and Criminological Psychology","","1355-3259","10.1111/lcrp.12249","","PurposeThe study aimed to explore how memory distrust impacts two kinds of suggestibility: misinformation effect (Experiment 1) and interrogative suggestibility (Experiment 2). We verified whether recognizing discrepancies between personal memories and externally suggested information, along with certain individual differences, moderates the memory distrust-suggestibility link.MethodsExperiment 1 (N = 306) followed a classic three-step procedure with a discrepancy awareness test. In Experiment 2 (N = 316) a computerized version of the Gudjonsson Suggestibility Scale with a discrepancy awareness test was utilized. Both experiments manipulated the state of memory distrust and assessed participants' trait memory distrust, compliance, anxiety and self-esteem.ResultsWhile the effect of memory deterioration due to misinformation and suggestions was replicated, the hypotheses regarding the relationship between memory distrust and suggestibility were not confirmed. However, for interrogative suggestibility, individuals induced to doubt their own memory were more susceptible to suggestions when recognizing inconsistencies between the story and suggestive questions.ConclusionsFrom the theoretical side, the concept of memory distrust appears to be useful to explain the reasons for succumbing to suggestions. However, our findings indicate that memory distrust toward committing omission errors and the experimentally induced state appear unrelated (misinformation effect paradigm) or marginally related (memory distrust state and interrogative suggestibility) to the tendency to yield to suggestions. This prompts further research using a different operationalisation of this construct.","2024-02","2026-03-25 20:24:08","2026-07-17 09:21:47","","100-123","","1","29","","","","67","","","","WILEY","","English","","","","","","","Place: 111 RIVER ST, HOBOKEN 07030-5774, NJ USA Type: Article","","C:\Users\moin\Zotero\storage\R74BPQER\Dudek and Polczyk - 2024 - Memory distrust and suggestibility A registered report.pdf","","Registered Report","","","","","","","","","","","","","","","","","","","","","","","","","","","","","","","","","","","","","","","","","","","","","","",""
"27KAT3TY","journalArticle","2025","Sezer, Berke; Gucciardi, Daniel F.; Ntoumanis, Nikos; Riddell, Hugh","Investigating the role of goal motives in predicting bedtime procrastination using a daily diary study design: a registered report","Psychology & Health","","0887-0446","10.1080/08870446.2025.2458871","","Objectives Previous operationalisations of bedtime procrastination were incongruent with its definition. We addressed this gap in knowledge by testing a new operationalisation that incorporates the three necessary and sufficient conditions of bedtime procrastination. We investigate the motivational antecedents of bedtime procrastination in daily life with this new operationalisation. Methods and Measures Participants (n = 336) self-reported goal motives, chronotype, and typical sleep metrics on a Sunday evening. For the following 7-days, participants self-assessed their 24-h sleep metrics, goal-regulatory variables, and psychological needs. Results The bedtime discrepancy scores from the new assessment correlate in expected direction with sleep quantity and chronotype. However, our findings pertaining to motivational correlates of bedtime procrastination showed low compatibility with our expectations. Discussion We introduced a new operationalisation of bedtime procrastination that aligns with its definition, and which can complement existing approaches that primarily encompass trait-like elements. Incorporating all three necessary and sufficient conditions of bedtime procrastination at the daily level suggests previous prevalence estimates of this sleep-related behaviour obtained with trait-like operationalisations may be overestimated. The low compatibility between our expectations regarding the motivational antecedents of bedtime procrastination suggest a need for congruence between the levels at which antecedents are captured with this sleep-related behaviour.","2025-01-23","2026-03-25 20:24:08","2026-07-17 09:22:17","","","","","","","","","83","","","","TAYLOR & FRANCIS LTD","","English","","","","","","","Place: 2-4 PARK SQUARE, MILTON PARK, ABINGDON OR14 4RN, OXON, ENGLAND Type: Article; Early Access","","C:\Users\moin\Zotero\storage\JRPFHZP5\Sezer et al. - 2025 - Investigating the role of goal motives in predicting bedtime procrastination using a daily diary stu.pdf","","Registered Report","","","","","","","","","","","","","","","","","","","","","","","","","","","","","","","","","","","","","","","","","","","","","","",""
"3GHMG6BQ","journalArticle","2025","Dymarska, Agata; Connell, Louise","Sensorimotor effects in surprise word memory-A registered report","Cortex","","0010-9452","10.1016/j.cortex.2025.03.010","","Sensorimotor grounding of semantic information elicits inconsistent effects on word memory, depending on which type of experience is involved, with some aspects of sensorimotor information facilitating memory performance while others inhibit it. In particular, information relating to the body appears to impair word recognition memory by increasing false alarms, which may be due either to an adaptive advantage for survivalrelevant information (whereby words pertaining to the body spread activation to other concepts and generate a confusable memory trace) or to a somatic attentional mechanism (whereby words pertaining to the body activate a false sense of touch that renders their representations less distinctive as memory trace and retrieval cue). To date, the existing literature does not distinguish between these two explanations. We set out to adjudicate between them using a surprise (incidental) memory task, where participants study the words under a guise of a lexical decision task, which allowed us to examine how participants form a memory trace for words grounded in bodily experience. We found support for the somatic attentional account, as body-related words increased false alarms even when attention was not directed to them at the study phase. Overall, the results provide further evidence for the importance of distinctiveness in word memory, and suggest a reinterpretation of the role of semantic richness in word memory. (c) 2025 The Author(s). Published by Elsevier Ltd. This is an open access article under the CC","2025-05","2026-03-25 20:24:08","2026-07-17 09:24:56","","99-115","","","186","","","","24","","","","ELSEVIER MASSON, CORP OFF","","English","","","","","","","Place: 65 CAMILLE DESMOULINS CS50083 ISSY-LES-MOULINEAUX, 92442 PARIS, FRANCE Type: Article","","C:\Users\moin\Zotero\storage\I98PPUCX\Dymarska and Connell - 2025 - Sensorimotor effects in surprise word memory-A registered report.pdf","","Registered Report","","","","","","","","","","","","","","","","","","","","","","","","","","","","","","","","","","","","","","","","","","","","","","",""
"2AQBXZRY","journalArticle","2025","Conway, Christopher C.; Ilagan, Gabrielle S.; Rabasco, Ana; Lopez, Maria Martin; Goodrich, Molly; Kuehn, Kevin S.; King, Kevin M.","Registered Report Stage II: A within-person model of distress tolerance and non-suicidal self-injury among adults with recurrent self-injury","Journal of Research in Personality","","0092-6566","10.1016/j.jrp.2025.104623","","Individual differences in distress tolerance (DT), willingness to face internal discomfort, predict who is vulnerable to non-suicidal self-injury (NSSI). However, it is unclear to what extent within-person differences in DT predict periods of peak NSSI risk. We used short-term variation in DT as a model of acute NSSI risk among people with recurrent NSSI. We sampled momentary DT and NSSI outcomes four times per day across 14 consecutive days in a group of 119 adults who had significant histories of NSSI behavior. Momentary DT ratings had robust within-person correlations with concurrent NSSI thoughts and behaviors (rs = -0.43 and -0.20, respectively). Also, DT was a statistically significant, albeit weak, predictor of NSSI outcomes up to 3 h later, even when adjusting for continuity in NSSI. Negative urgency and experiential avoidance-DT's conceptual neighbors-added predictive utility in within-person models of NSSI thoughts and behavior (e.g., collectively the 3 predictors accounted for more than a third of within-person variation in concurrent NSSI thoughts). We conclude that time-varying DT levels could be a meaningful model, and potentially intervention target, for NSSI in highrisk populations. Our study's dataset, analysis code, and materials are available at https://osf.io/nz5q4/.","2025-08","2026-03-25 20:24:08","2026-07-17 09:21:34","","","","","117","","","","60","","","","ACADEMIC PRESS INC ELSEVIER SCIENCE","","English","","","","","","","Place: 525 B ST, STE 1900, SAN DIEGO, CA 92101-4495 USA Type: Article","","C:\Users\moin\Zotero\storage\JR4XT9AR\Conway et al. - 2025 - Registered Report Stage II A within-person model of distress tolerance and non-suicidal self-injury.pdf","","Registered Report","","","","","","","","","","","","","","","","","","","","","","","","","","","","","","","","","","","","","","","","","","","","","","",""
"3VEZF6FM","journalArticle","2023","Szaszi, Barnabas; Palfi, Bence; Neszveda, Gabor; Taka, Aikaterini; Szecsi, Peter; Blattman, Christopher; Jamison, Julian C.; Sheridan, Margaret","Does alleviating poverty increase cognitive performance? Short- and long-term evidence from a randomized controlled trial","Cortex","","0010-9452","10.1016/j.cortex.2023.07.009","","In this Registered Report, we investigated the impact of a cash transfer based poverty alleviation program on cognitive performance. We analyzed data from a randomized controlled trial conducted on low-income, high-risk individuals in Liberia where a random half of the participants (n = 251) received a $200 lump-sum unconditional cash transfer equivalent approximately to 300% of their monthly income while the other half (n = 222) did not. We tested both the short-term (2-5 weeks) and the long-term (12-13 months) impact of the treatment via several executive function measures. The observed effect sizes of cash transfers on cognitive performance (b = .13 for the short-and b = .08 for the longterm) were roughly three and four times smaller than suggested by prior non-randomized research. Bayesian analyses revealed that the overall evidence supporting the existence of these effects is inconclusive. A multiverse analysis showed that neither alternative analytical specifications nor alternative processing of the dataset changed the results consistently. However cognitive performance varied between the executive function measures, suggesting that cash transfers may affect the subcomponents of executive function differently.(c) 2023 Elsevier Ltd. All rights reserved.","2023-12","2026-03-25 20:24:07","2026-07-17 09:19:34","","81-94","","","169","","","","32","","","","ELSEVIER MASSON, CORP OFF","","English","","","","","","","Place: 65 CAMILLE DESMOULINS CS50083 ISSY-LES-MOULINEAUX, 92442 PARIS, FRANCE Type: Article","","C:\Users\moin\Zotero\storage\8P2WQA8Q\Szaszi et al. - 2023 - Does alleviating poverty increase cognitive performance Short- and long-term evidence from a random.pdf","","Registered Report","","","","","","","","","","","","","","","","","","","","","","","","","","","","","","","","","","","","","","","","","","","","","","",""
"63F78BBT","journalArticle","2025","Buchanan, Erin M.; Cuccolo, Kelly; Heyman, Tom; van Berkel, Niels; Coles, Nicholas A.; Iyer, Aishwarya; Peters, Kim; van't Veer, A. E.; Montefinese, Maria; Maxwell, Nicholas P.; Taylor, Jack E.; Valentine, Kathrene D.; Arriaga, Patricia; Barzykowski, Krystian; Boucher, Leanne; Collins, W. Matthew; Vaidis, David C.; Aczel, Balazs; Al-Hoorie, Ali H.; Ambrosini, Ettore; Besson, Theo; Burin, Debora I.; Butt, Muhammad Mussaffa; Clarke, A. J. Benjamin; Daryani, Yalda; El-Dakhs, Dina Abdel Salam; Elsherif, Mahmoud M.; Fernandez-Lopez, Maria; Ferreira, Paulo Roberto dos Santos; Freitag, Raquel Meister Ko; Gattei, Carolina A.; Godbersen, Hendrik; Grim, Philip A.; Halama, Peter; Havan, Patrik; Irrazabal, Natalia C.; Isloi, Chris; Iversen, Rebecca Kvisler; Julliard, Yoann; Karaaslan, Aslan; Kohut, Michal; Kohutova, Veronika; Kos, Julija; Kosachenko, Alexandra I.; de Lima, Tiago Jesse Souza; Mak, Matthew H. C.; Manouilidou, Christina; Marciaga, Leonardo A.; Melinna, Xiaolin Melinna; Miranda, Jacob Francisco; Morvinski, Coby; Muppoor, Aishwarya; Muejdeci, F. Elif; Nielsen, Yngwie A.; Oliveros, Juan Carlos; Onic, Jas; Papadatou-Pastou, Marietta; Patel, Ishani; Pavlovic, Zoran; Pazon, Blaz; Pfuhl, Gerit; Pronizius, Ekaterina; Roettger, Timo B.; Ronderos, Camilo R.; Ruiz-Fernandez, Susana; Senderecka, Magdalena; Solak, Caglar; Stueckler, Anna; Szekely-Copindean, Raluca D.; Taboh, Anali R.; Theriault, Remi; Tran, Ulrich S.; Trecca, Fabio; Ulloa, Jose Luis; Varga, Marton A.; Verheyen, Steven; Pavlovic, Tijana Vesic; Viviani, Giada; Wang, Nan; Zivna, Kristyna; Yun, Chen Chu; Clark, Oliver James; Acar, Oguz A.; Adamkovic, Matus; Agnoletti, Giulia; Akil, Atakan M.; Alsuhaibani, Zainab; Amenta, Simona; Ananyeva, Olga A.; Andreychik, Michael; Angele, Bernhard; Arias Quinones, Danna Catalina; Arinze, Nwadiogo Chisom; Askelund, Adrian Dahl; Baker, Bradley J.; Baskin, Ernest; Batalha, Luisa; Batres, Carlota; Beato, Maria Soledad; Becker, Manuel; Becker, Maja; Behnke, Maciej; Blaison, Christophe; Borghi, Anna M.; Brandstaetter, Eduard; Buczny, Jacek; Budak, Nesrin; Cabana, Alvaro; Cai, Zhenguang G.; Canessa, Enrique C.; Cavdan, Muege; Cecchetti, Luca; Chaigneau, Sergio E.; Chang, Feria X. W.; Chartier, Christopher R.; Chen, Sau-Chin; Cherniaeva, Elena; Christiansen, Morten H.; Chuan-Peng, Hu; Chwilkowska, Patrycja; Comesana, Montserrat; Cong, Chin Wen; Cowan, Casey; Dandeneau, Stephane Daniel; David, Oana A.; Davis, William E.; Demirag Burak, Elif Gizem; Dixson, Barnaby James Wyld; Du, Hongfei; Duclos, Rod; Duyck, Wouter; Efimova, Liudmila A.; Egan, Ciara; Era, Vanessa; Evans, Thomas R.; Exner, Anna; Feldman, Gilad; Fellnhofer, Katharina; Fini, Chiara; Fisher, Sarah E.; Flowe, Heather D.; Garrido-Vasquez, Patricia; Gatti, Daniele; Geller, Jason; Giannouli, Vaitsa; Gorokhova, Anna Sergeevna; Griener, Lindsay M.; Grigoryev, Dmitry; Grossmann, Igor; Ghasemi, Hesam; Handjaras, Giacomo; Hauspie, Cathy; He, Zhiran; Heilman, Renata M.; Heydari, Amirmahdi; Hine, Alanna M.; Hoyer, Karlijn; Hryniszak, Weronika; Hsiao, Janet Hui-wen; Huang, Guanxiong; Ihaya, Keiko; Ilczuk, Ewa; Ishii, Tatsunori; Dumbrava, Andrei; Jankowiak, Katarzyna; Jiang, Xiaoming; Johnson, David C.; Jonczyk, Rafal; Jaervikivi, Juhani; Kaczer, Laura; Kamermans, Kevin Leander; Karl, Johannes A.; Karner, Alexander; Kacmar, Pavol; Keech, Jacob J.; Kim, M. Justin; Korbmacher, Max; Kostorz, Kathrin; Kowal, Marta; Kratochvil, Tomas; Kunisato, Yoshihiko; Kuzminska, Anna O.; Koertvelyessy, Livia; Koese, Fatma Ebru; Koester, Massimo; Kekus, Magdalena; Labusch, Melanie; Lamm, Claus; Lau, Chaak Ming; Laurino, Julieta; Law, Wilbert; Lettieri, Giada; Levitan, Carmel A.; Lu, Jackson G.; MacPherson, Sarah E.; Malinakova, Klara; Manriquez-Robles, Diego; Marchant, Nicolas; Marelli, Marco; Martinez, Martin; Matthews, Molly F.; Mattiassi, Alan D. A.; Mattoli-Sanchez, Josefina; Mazzuca, Claudia; McGovern, David P.; Meier, Zdenek; Melinscak, Filip; Misiak, Michal; Monteiro, Luis Carlos Pereira; Moreau, David; Moreno, Sebastian; Mulgrew, Kate E.; Muller, Dominique; Nagy, Tamas; Naranowicz, Marcin; Ndukaihe, Izuchukwu L. G.; Neta, Maital; Novak, Lukas; Ogbonnaya, Chisom Esther; Paek, Jessica Jee Won; Paltoglou, Aspasia Eleni; Parada, Francisco J.; Parker, Adam J.; Paruzel-Czachura, Mariola; Pavlov, Yuri G.; Paydarfard, Saeed; Pegler, Dominik; Peker, Mehmet; Perea, Manuel; Pfattheicher, Stefan; Protzko, John; Prusova, Irina Sergeevna; Pypno-Blajda, Katarzyna; Qiu, Zhuang; Reips, Ulf-Dietrich; Ribeiro, Gianni; Rinaldi, Luca; Roberts, S. Craig; Roembke, Tanja C.; Romanova, Marina O.; Ross, Robert M.; Roeer, Jan Philipp; Rizaoglu, Filiz; Saari, Toni T.; Sampaolo, Erika; Santos, Anabela Caetano; Saricicek, F. Caglar; Sasaki, Kyoshiro; Scharnowski, Frank; Schmidt, Kathleen; Sepehri, Amir; Serce, Halid O.; Sevincer, A. Timur; Siew, Cynthia S. Q.; Simonetti, Matilde Ellen; Sirota, Miroslav; Sorokowska, Agnieszka; Sorokowski, Piotr; Stephen, Ian D.; Stevens, Laura M.; Stewart, Suzanne L. K.; Steyrl, David; Stieger, Stefan; Studzinska, Anna; Suarez, Mar; Szala, Anna; Szmalec, Arnaud; Sznycer, Daniel; Szumowska, Ewa; Soeylemez, Sinem; Soeylemez, Bahadir; Takashima, Kaito; Tamnes, Christian K.; Tan, Joel C. R.; Tang, Chengxiang; Tavel, Peter; Tejada, Julian; Thompson, Benjamin C.; Tiernan, Jake G.; Torres-Munoz, Vicente; Touloumakos, Anna K.; Tremoliere, Bastien; Tschense, Monika; Tuerkan, Belguezar Nilay; Vadillo, Miguel A.; Vannucci, Caterina; Varnum, Michael E. W.; Vasilev, Martin R.; Vaughn, Leigh Ann; Verkampt, Fanny; Villar, Liliana M.; Wallot, Sebastian; Wang, Lijun; Wang, Ke; Williams, Glenn Patrick; Willinger, David; Wolfe, Kelly; Wormley, Alexandra S.; Yamada, Yuki; Yang, Yunkai; Zhou, Yuwei; Zhang, Mengfan; Zheng, Wang; Zheng, Yueyuan; Zhou, Chenghao; Zidkova, Radka; Zumbrunn, Nina Meret; Coker, Ogeday; Coksan, Sami; Oner, Sezin; Ozdogru, Asil Ali; Sahin, Seda Merve; Kasanov, Dauren; Arvanitis, Alexios; Brick, Cameron; Colloff, Melissa F.; Gallyamova, Albina; Koch, Christopher; Ropovik, Ivan; Zhang, Yucheng; Zhou, Xingxing; Patel, Sneh; Suchow, Jordan W.; Lewis, Savannah C.","Measuring the semantic priming effect across many languages","Nature Human Behaviour","","2397-3374","10.1038/s41562-025-02254-x","","Semantic priming has been studied for nearly 50 years across various experimental manipulations and theoretical frameworks. Although previous studies provide insight into the cognitive underpinnings of semantic representations, they have suffered from small sample sizes and a lack of linguistic and cultural diversity. In this Registered Report, we measured the size and the variability of the semantic priming effect across 19 languages (n = 25,163 participants analysed) by creating the largest available database of semantic priming values using an adaptive sampling procedure. We found evidence for semantic priming in terms of differences in response latencies between related word-pair conditions and unrelated word-pair conditions. Model comparisons showed that the inclusion of a random intercept for language improved model fit, providing support for variability in semantic priming across languages. This study highlights the robustness and variability of semantic priming across languages and provides a rich, linguistically diverse dataset for further analysis. The Stage 1 protocol for this Registered Report was accepted in principle on 15 July 2022. The protocol, as accepted by the journal, can be found at https://osf.io/u5bp6 (registration) or https://osf.io/q4fjy (preprint version 6, 31 May 2022).","2025-09-24","2026-03-25 20:24:06","2026-07-17 08:08:46","","","","","","","","","74","","","","NATURE PORTFOLIO","","English","","","","","","","Place: HEIDELBERGER PLATZ 3, BERLIN, 14197, GERMANY Type: Article; Early Access","","C:\Users\moin\Zotero\storage\NKQF9JC2\Buchanan et al. - 2025 - Measuring the semantic priming effect across many languages.pdf","","Registered Report","","","","","","","","","","","","","","","","","","","","","","","","","","","","","","","","","","","","","","","","","","","","","","",""
"9X6M4LSB","journalArticle","2023","Yüvrük, Elif; Starns, Jeffrey; Kapucu, Aycan","Does misremembering drive false alarms for emotional lures? A diffusion model investigation","Quarterly Journal of Experimental Psychology","","1747-0218","10.1177/17470218221137347","https://doi.org/10.1177/17470218221137347","Previous evidence has shown that, in a recognition memory task, emotion leads participants to make more false alarms and decreases response times (RTs) for false alarm responses. This pattern could arise because participants adopt more liberal responding for emotional stimuli and/or because emotional lures are more likely than neutral lures to produce misleading memory retrieval. Recently, Starns et al. designed a new recognition memory paradigm and found that the speed of memory errors shows the influence of misleading information resulting in unavoidable memory errors. This study investigates the basis of false alarms to emotional lures by testing predictions of the diffusion model for a recognition paradigm similar to that by Starns et al. Participants studied lists of emotional words and then completed an old–new recognition memory test. After each old–new decision, participants were asked to make a forced-choice recognition decision that provided a chance to correct possible errors on the preceding old–new decision. Under the assumption that emotion promotes misremembering, the diffusion model predicts that forced-choice accuracy should be lower for pairs with emotional versus neutral lures and that faster old–new errors should be associated with lower forced-choice accuracy. This study tested these predictions, providing theoretical insights into how emotion affects memory retrieval and further developing a new methodology for measuring recognition performance.","2023-09-01","2026-03-30 02:05:42","2026-07-17 08:32:25","2026-03-30 02:05:42","1973-1989","","9","76","","","Does misremembering drive false alarms for emotional lures?","98","","","","SAGE Publications","","EN","","","","","SAGE Journals","","","","C:\Users\moin\Zotero\storage\YPBIU6AK\Yüvrük et al. - 2023 - Does misremembering drive false alarms for emotional lures A diffusion model investigation.pdf","","Registered Report","","","","","","","","","","","","","","","","","","","","","","","","","","","","","","","","","","","","","","","","","","","","","","",""
"9T8NC2DU","journalArticle","2023","Mizuhara, Keita; Nittono, Hiroshi","Effects of respiratory phases on the processing of emotional and non-emotional visual stimuli","Psychophysiology","","1469-8986","10.1111/psyp.14261","https://onlinelibrary.wiley.com/doi/abs/10.1111/psyp.14261","The number of studies investigating the relationship between respiratory phases and cognitive/neural processing of external events has been increasing, but the findings remain controversial. This registered report examined the effect of the respiratory phase on the discrimination accuracy of visual stimuli in the emotional and non-emotional domains. Forty-two healthy young participants were asked to choose fearful over neutral facial expressions and to choose high-contrast over low-contrast Gabor patches during spontaneous nasal respiration. Event-related potentials (ERPs) were also recorded for each type of stimulus presented during each respiratory phase. It was hypothesized that discrimination accuracy would be higher when the stimuli were presented during inhalation than during exhalation. It was also hypothesized that the amplitudes of ERPs elicited by the stimuli would be greater during inhalation than during exhalation. For comparison, the effect of the cardiac phase was examined, with the expectation that discrimination accuracy would be higher when the stimuli were presented during systole than during diastole. It was also hypothesized that the amplitudes of ERPs elicited by the stimuli would be greater during systole than during diastole. As expected, the results indicated that fear discrimination accuracy was higher during inhalation than exhalation and during systole than diastole. However, this was not the case for contrast discrimination. No differences in ERPs were observed between respiratory phases in either task. These results suggest that natural breathing in through the nose facilitates the discrimination of emotional stimuli, possibly via subcortical processes.","2023","2026-03-30 01:59:11","2026-07-17 08:24:17","2026-03-30 01:59:11","e14261","","6","60","","","","94","","","","","","en","© 2023 Society for Psychophysiological Research.","","","","Wiley Online Library","","_eprint: https://onlinelibrary.wiley.com/doi/pdf/10.1111/psyp.14261","","C:\Users\moin\Zotero\storage\2SZBLIDU\Mizuhara and Nittono - 2023 - Effects of respiratory phases on the processing of emotional and non-emotional visual stimuli.pdf; C:\Users\moin\Zotero\storage\7VZNM69X\psyp.html","","Registered Report","cardiac phase; event-related potentials; nasal respiration; respiratory phase; visual discrimination accuracy","","","","","","","","","","","","","","","","","","","","","","","","","","","","","","","","","","","","","","","","","","","","","",""
"6SJEEYMY","journalArticle","2021","Horn, Sebastian S.; Freund, Alexandra M.","Adult age differences in remembering gain- and loss-related intentions","Cognition and Emotion","","0269-9931","10.1080/02699931.2021.1986375","https://doi.org/10.1080/02699931.2021.1986375","Motivational and emotional changes across adulthood have a profound impact on cognition. In this registered report, we conducted an experimental investigation of motivational influence on remembering intentions after a delay (prospective memory; PM) in younger, middle-aged, and older adults, using gain- and loss-framing manipulations. The present study examined for the first time whether motivational framing in a PM task has different effects on younger and older adults’ PM performance (N = 180; age range: 18–85 years) in a controlled laboratory setting. Based on lifespan theories of motivation, we assumed that the prevention of losses becomes more relevant with increasing age: We expected that older adults show relatively higher PM performance in a task with loss-related consequences following PM failure than in a task in which successful PM leads to gains. The opposite pattern of performance was expected for younger adults. The findings suggest that the relevance of reward and positive gain-related consequences for successful remembering appears to decrease with age. As hypothesised, a motivational framing × age interaction indicated that age differences in memory performance were smaller with loss-related than gain-related consequences, supporting a loss-prevention view on motivated cognition.","2021-11-17","2026-03-30 01:46:33","2026-07-14 08:59:28","2026-03-30 01:46:33","1652-1669","","8","35","","","","8","","","","Routledge","","","","","","","Taylor and Francis+NEJM","","_eprint: https://doi.org/10.1080/02699931.2021.1986375","","C:\Users\moin\Zotero\storage\Y9VJKBVK\Horn and Freund - 2021 - Adult age differences in remembering gain- and loss-related intentions.pdf","","Registered Report","prospective memory; cognitive aging; Gains and losses; lifespan psychology; motivational orientation","","","","","","","","","","","","","","","","","","","","","","","","","","","","","","","","","","","","","","","","","","","","","",""
"7AV4J5AJ","journalArticle","2023","Xiao, Leon Y.","Breaking Ban: Belgium’s Ineffective Gambling Law Regulation of Video Game Loot Boxes","Collabra: Psychology","","2474-7394","10.1525/collabra.57641","https://doi.org/10.1525/collabra.57641","Loot boxes in video games are gambling-like mechanics that players buy to obtain randomised rewards of varying value. Loot boxes are conceptually and psychologically similar to gambling, and loot box expenditure is positively correlated with self-reported problem gambling severity. Citing consumer protection concerns, the Belgian Gaming Commission opined that such mechanics constitute gambling under existing law and effectively ‘banned’ loot boxes by threatening criminal prosecution of non-compliant companies implementing paid loot boxes without a gambling licence. The effectiveness of this ban at influencing the compliance behaviour of video game companies (and, by implication, consumers’, including children’s, exposure to and consumer protection from loot boxes) was assessed. Paid loot boxes remained widely available amongst the 100 highest-grossing iPhone games in Belgium: 82.0% continued to generate revenue through a randomised monetisation method, as did 80.2% of games rated suitable for young people aged 12+. The Belgian ‘ban’ on loot boxes has not been effectively enforced. Although the initial imposition of this measure promoted public discussion and debate about loot box regulation (both domestically and internationally) and likely provided better consumer protection in relation to specific games operated by well-known companies, an unenforced ‘ban’ has many negative consequences, including (i) giving consumers, parents, and policymakers a false sense of security and (ii) allowing non-compliant games to replace games that have been removed from the national market by more socially responsible companies. Indeed, even an effectively enforced ban has potential disadvantages. Finally, technical measures taken by companies to comply with the ban were easily circumvented, and some highly dedicated players (who are likely to be the highest spending and most vulnerable) could reasonably be expected to do so. Therefore, the complete elimination of the loot box mechanic from a country may not be practically achievable. Belgium should re-evaluate its regulatory position. A blanket ban approach to loot box regulation cannot be recommended to other countries. Other less restrictive approaches to loot box regulation should be considered. Preregistered Stage 1 protocol: https://doi.org/10.17605/OSF.IO/5MXP6 (date of in-principle acceptance: 7 April 2022). Lootboxes in videospellen zijn gambling-like mechanismen die spelers kopen om willekeurige beloningen van verschillende waarde te krijgen. Lootboxes zijn conceptueel en psychologisch vergelijkbaar met gokken, en uitgave voor lootboxes is positief gecorreleerd met zelfgerapporteerd probleemgokken. Omwille van zorgen rond consumentenbescherming oordeelde de Belgische Kansspelcommissie dat dergelijke mechanismen volgens de bestaande wetgeving gokken zijn en heeft het loot boxes daadwerkelijk ‘gebannen’ door te dreigen met strafrechtelijke vervolging van niet-conforme bedrijven, die zonder gokvergunning betaalde lootboxes implementeren. De doeltreffendheid van deze ban bij het beïnvloeden van het nalevingsgedrag van videogamebedrijven (en, bij implicatie, de blootstelling van consumenten, inclusief kinderen, aan en de bescherming van consumenten tegen lootboxes) werd beoordeeld. Betaalde lootboxes bleven op grote schaal beschikbaar onder de 100 best verdienende iPhone-games in België: 82,0% bleef inkomsten genereren via een gerandomiseerde monetisatiemethode, net als 80,2% van de games die als geschikt voor jongeren vanaf 12 jaar worden beschouwd. De Belgische “ban” op lootboxes is niet daadwerkelijk gehandhaafd. Hoewel de oorspronkelijke maatregel de publieke discussie en het debat over de regulering van lootboxes (zowel nationaal als internationaal) heeft bevorderd en de consument waarschijnlijk beter heeft beschermd met betrekking tot specifieke games van bekende bedrijven, heeft een niet-gehandhaafde “ban” veel negatieve gevolgen, waaronder (i) consumenten, ouders en beleidsmakers een vals gevoel van veiligheid geven en (ii) toestaan dat niet-conforme games de plaats innemen van games die door maatschappelijk verantwoordelijkere bedrijven van de nationale markt zijn gehaald. Zelfs een effectief gehandhaafd verbod brengt immers mogelijke nadelen met zich mee. Ten slotte zijn de technische maatregelen die bedrijven hebben genomen om aan het verbod te voldoen gemakkelijk te omzeilen en kan redelijkerwijs worden verwacht dat sommige zeer toegewijde spelers (die waarschijnlijk de hoogste uitgaven doen en het kwetsbaarst zijn) dit zullen doen. Daarom is de volledige verwijdering van het lootbox-mechanisme in een land praktisch wellicht niet haalbaar. België moet zijn regelgevend standpunt herevalueren. Een algemeen verbod op de regelgeving inzake lootboxes kan niet aan andere landen worden aanbevolen. Andere, minder restrictieve benaderingen van de regelgeving inzake lootboxes moeten worden overwogen. Vooraf geregistreerd protocol van fase 1: https://doi.org/10.17605/OSF.IO/5MXP6 (datum van principiële aanvaarding: 7 april 2022). [Translated by Maarten Denoo] En jeu vidéo, les lootbox (boites à butin) sont des dispositifs semblables au jeu de hasard que les joueurs achètent pour obtenir des récompenses aléatoires de valeur variable. Conceptuellement et psychologiquement, les lootbox sont comparables au jeu de hasard, et l’achat de lootbox est corrélé positivement avec le niveau de sévérité auto-rapporté de jeu d’argent problématique. Invoquant des préoccupations liées à la protection des consommateurs, la Commission belge des jeux de hasard a émis l’avis que de tels dispositifs relèvent du jeu de hasard en regard de la législation existante, et a effectivement « interdit » les lootbox en menaçant de poursuites les sociétés qui ne se conforment pas à cet avis et proposent des lootbox payantes sans posséder une licence pour le jeu de hasard. Nous avons mesuré l’effectivité de cette interdiction à influencer l’observation par l’industrie du jeu vidéo (et, découlant de cela, l’exposition des consommateurs, y compris les enfants, aux lootbox ainsi que leur protection par rapport à celles-ci). Les lootbox payantes sont restées largement accessibles au sein des 100 jeux pour iPhone générant le plus de revenus en Belgique : 82,0% ont continué à générer des revenus via des techniques de monétisation basées sur le hasard, un pourcentage qui s’élevait à 80,2% pour les jeux classés comme adaptés aux jeunes à partir de 12 ans. “L’interdiction” belge des lootbox n’a donc pas été appliquée dans les faits. Bien qu’initialement, l’imposition de la mesure ait favorisé le débat public autour de la régulation des lootbox (tant au niveau domestique qu’international), et qu’elle ait probablement fourni une meilleure protection des consommateurs quant à certains jeux spécifiques proposés par des firmes connues, une “interdiction” qui n’est pas appliquée a de nombreuses conséquences négatives, en ce compris de (i) donner aux consommateurs, parents et décideurs un sentiment erroné de sécurité et de (ii) permettre à des jeux non conformes de remplacer des jeux qui ont été retirés du marché national par des sociétés plus socialement responsables. Enfin, nous avons aisément contourné les mesures techniques mises en place par les firmes pour respecter l’interdiction, et on peut raisonnablement s’attendre à ce que certains joueurs hautement passionnés (qui sont susceptibles de dépenser le plus et d’être les plus vulnérables) fassent de même. Dès lors, il se peut que l’élimination complète de la mécanique de jeu “lootbox” au sein d’un pays ne soit pas réalisable dans la pratique, et la Belgique serait avisée de revoir sa position sur la régulation des lootbox. Nous ne pouvons pas recommander aux autres pays d’approcher celle-ci sous l’angle de l’interdiction systématique ; d’autres approches moins restrictives de la régulation des lootbox devraient être envisagées. Lien vers le protocole de niveau 1 : https://doi.org/10.17605/OSF.IO/5MXP6 (acceptation de principe en date du 7 avril 2022). [Translated by Bruno Dupont]","2023-01-17","2026-03-30 01:26:44","2026-07-14 12:40:37","2026-03-30 01:26:44","57641","","1","9","","Collabra: Psychology","Breaking Ban","17","","","","","","","","","","","Silverchair","","","","C:\Users\moin\Zotero\storage\75U3IZND\Xiao - 2023 - Breaking Ban Belgium’s Ineffective Gambling Law Regulation of Video Game Loot Boxes.pdf; C:\Users\moin\Zotero\storage\TMDK6Q78\Breaking-Ban-Belgium-s-Ineffective-Gambling-Law.html","","Registered Report","","Vazire, Simine","","","","","","","","","","","","","","","","","","","","","","","","","","","","","","","","","","","","","","","","","","","","",""
"9582PZAR","journalArticle","2021","McNeill, Eoghan; Toth, Adam J.; Ramsbottom, Niall; Campbell, Mark J.","Self-modelled versus skilled-peer modelled AO+MI effects on skilled sensorimotor performance: A stage 2 registered report","Psychology of Sport and Exercise","","14690292","10.1016/j.psychsport.2021.101910","https://linkinghub.elsevier.com/retrieve/pii/S1469029221000285","Action observation (AO) and motor imagery (MI) are simulation states that have been demonstrated to independently enhance motor skill performance. Historically, AO and MI were examined in isolation from one another; however recent neurophysiological and behavioural evidence indicates that using MI during AO (AO + MI) may be more potent at enhancing performance than either simulation state alone. The AO component of AO + MI is typically delivered via a self-model or skilledpeer model paradigm, via an observation video. The purpose of the proposed study was to further examine the implementation of AO + MI states by directly comparing the effectiveness of self-modelled AO + MI and skilled-peer modelled AO + MI for augmenting performance on a golf putting task with a sample of 56 skilled golfers. Our primary hypothesis was that skilled participants who engaged with a self-model intervention would improve their performance more than those engaging with a skilled-peer model intervention. Results showed no significant differences in putting accuracy or precision improvement following the two conditions. However, the self-model group did significantly improve their club-path kinematics more than the skilled peer-model group. We suggest self-observation combined with MI can facilitate error detection and correction in skilled performers only on aspects of motor control most easily viewed during AO. These findings add to an emerging body of literature outlining the conditions in which AO + MI can effectively enhance sensorimotor skill performance. The stage 1 report can be found at https://doi.org/10.1016/j.psychsport.2020.101683.","2021-05","2026-03-29 16:19:41","2026-07-17 08:23:18","2026-03-29 16:19:41","101910","","","54","","Psychology of Sport and Exercise","Self-modelled versus skilled-peer modelled AO+MI effects on skilled sensorimotor performance","88","","","","","","en","","","","","DOI.org (Crossref)","","","","C:\Users\moin\Zotero\storage\KPSUNEB7\McNeill et al. - 2021 - Self-modelled versus skilled-peer modelled AO+MI effects on skilled sensorimotor performance A stag.pdf","","Registered Report","","","","","","","","","","","","","","","","","","","","","","","","","","","","","","","","","","","","","","","","","","","","","","",""
"78CL2M6V","journalArticle","2021","Eldar, Eran; Felso, Valkyrie; Cohen, Jonathan D.; Niv, Yael","A pupillary index of susceptibility to decision biases","Nature Human Behaviour","","2397-3374","10.1038/s41562-020-01006-3","https://www.nature.com/articles/s41562-020-01006-3","","2021-01-04","2026-03-29 15:53:24","2026-07-17 08:10:58","2026-03-29 15:53:24","653-662","","5","5","","Nat Hum Behav","","79","","","","","","en","","","","","DOI.org (Crossref)","","","","C:\Users\moin\Zotero\storage\65LJEAEC\Eldar et al. - 2021 - A pupillary index of susceptibility to decision biases.pdf","","Registered Report","","","","","","","","","","","","","","","","","","","","","","","","","","","","","","","","","","","","","","","","","","","","","","",""
"98VHMXT9","journalArticle","2020","Horne, Kristina S.; Filmer, Hannah L.; Nott, Zoie E.; Hawi, Ziarih; Pugsley, Kealan; Mattingley, Jason B.; Dux, Paul E.","Evidence against benefits from cognitive training and transcranial direct current stimulation in healthy older adults","Nature Human Behaviour","","2397-3374","10.1038/s41562-020-00979-5","https://www.nature.com/articles/s41562-020-00979-5","","2020-10-26","2026-03-29 15:53:01","2026-07-17 08:13:49","2026-03-29 15:53:01","146-158","","1","5","","Nat Hum Behav","","76","","","","","","en","","","","","DOI.org (Crossref)","","","","C:\Users\moin\Zotero\storage\E5XPQ2UF\Horne et al. - 2020 - Evidence against benefits from cognitive training and transcranial direct current stimulation in hea.pdf","","Registered Report","","","","","","","","","","","","","","","","","","","","","","","","","","","","","","","","","","","","","","","","","","","","","","",""
"9C6MCP6A","journalArticle","2019","He, Joyce C.; Côté, Stéphane","Self-insight into emotional and cognitive abilities is not related to higher adjustment","Nature Human Behaviour","","2397-3374","10.1038/s41562-019-0644-0","https://www.nature.com/articles/s41562-019-0644-0","","2019-07-22","2026-03-29 15:52:55","2026-07-17 08:12:48","2026-03-29 15:52:55","867-884","","8","3","","Nat Hum Behav","","78","","","","","","en","","","","","DOI.org (Crossref)","","","","C:\Users\moin\Zotero\storage\8NF84Q2H\He and Côté - 2019 - Self-insight into emotional and cognitive abilities is not related to higher adjustment.pdf","","Registered Report","","","","","","","","","","","","","","","","","","","","","","","","","","","","","","","","","","","","","","","","","","","","","","",""
"8G5ZWC8A","journalArticle","2023","Wenzel, Mario; Rowland, Zarah; Nielsen, Kristian Steensen; Lange, Florian","Too much praise for reappraisal? Examining reappraisal's impact on threat mitigation depending on its implementation: A registered report","Journal of Experimental Social Psychology","","0022-1031","10.1016/j.jesp.2023.104475","","Reappraisal, the act of reframing a situation differently, is associated with affective benefits. Preliminary correlational evidence suggests that successfully down-regulating negative affect is associated with lower motivation to engage in political action, although experimental studies could not find such negative impact. We hypothesized that reappraisal may impact threat mitigation behavior differently, depending on its imple-mentation: If individuals implement reappraisal to down-regulate their negative affect in response to a threat-ening situation, they neutralize the mobilizing effect of negative affect in threat mitigation, resulting in less engagement in threat mitigation behavior. However, if individuals reframe one's barriers to act, they should engage more strongly in such behavior. To test this hypothesis, we conducted an online experiment (N = 693) where participants read about threats to biodiversity before being instructed to reappraise these threats with a focus on either emotions or barriers and then engaged in a consequential biodiversity conservation task. This manipulation did not significantly impact threat mitigation intentions nor actual behavior. However, we found correlational evidence for differential associations: Reappraising one's negative affect more successfully was significantly associated with less engagement in threat mitigation behavior, while reappraising one's barriers more successfully was associated with more engagement in threat mitigation behavior.","2023-07","2026-03-25 20:24:08","2026-07-17 09:21:02","","","","","107","","","","56","","","","ACADEMIC PRESS INC ELSEVIER SCIENCE","","English","","","","","","","Place: 525 B ST, STE 1900, SAN DIEGO, CA 92101-4495 USA Type: Article","","C:\Users\moin\Zotero\storage\C599K9G3\Wenzel et al. - 2023 - Too much praise for reappraisal Examining reappraisal's impact on threat mitigation depending on it.pdf","","Registered Report","","","","","","","","","","","","","","","","","","","","","","","","","","","","","","","","","","","","","","","","","","","","","","",""
"8V2V79IH","journalArticle","2024","Lin, Hause; Westbrook, Andrew; Fan, Frank; Inzlicht, Michael","An experimental manipulation of the value of effort","Nature Human Behaviour","","2397-3374","10.1038/s41562-024-01842-7","","People who take on challenges and persevere longer are more likely to succeed in life. But individuals often avoid exerting effort, and there is limited experimental research investigating whether we can learn to value effort. We developed a paradigm to test the hypothesis that people can learn to value effort and will seek effortful challenges if directly incentivized to do so. We also dissociate the effects of rewarding people for choosing effortful challenges and performing well. The results provide limited evidence that rewarding effort increased people's willingness to choose harder tasks when rewards were no longer offered (near transfer). There was also mixed evidence that rewarding effort increased willingness to choose harder tasks in another unrelated and unrewarded task (far transfer). These heterogeneous results highlight the need for further research to understand when this paradigm may be the most effective for increasing and generalizing the value of effort. In this Stage 2 Registered Report, Lin et al. report that people can learn to value effort and that this valuation can generalize to unfamiliar and unrewarded tasks.","2024-05","2026-03-25 20:24:07","2026-07-17 08:16:26","","","","5","8","","","","71","","","","NATURE PORTFOLIO","","English","","","","","","","Place: HEIDELBERGER PLATZ 3, BERLIN, 14197, GERMANY Type: Article","","C:\Users\moin\Zotero\storage\9KX52524\Lin et al. - 2024 - An experimental manipulation of the value of effort.pdf","","Registered Report","","","","","","","","","","","","","","","","","","","","","","","","","","","","","","","","","","","","","","","","","","","","","","",""
"6LSP4XXV","journalArticle","2023","Nichols, Aaron D.; Axt, Jordan; Gosnell, Evelyn; Ariely, Dan","A field study of the impacts of workplace diversity on the recruitment of minority group members","Nature Human Behaviour","","2397-3374","10.1038/s41562-023-01731-5","","Increasing workplace diversity is a common goal. Given research showing that minority applicants anticipate better treatment in diverse workplaces, we ran a field experiment (N = 1,585 applicants, N = 31,928 website visitors) exploring how subtle organizational diversity cues affected applicant behaviour. Potential applicants viewed a company with varying levels of racial/ethnic or gender diversity. There was little evidence that racial/ethnic or gender diversity impacted the demographic composition or quality of the applicant pool. However, fewer applications were submitted to organizations with one form of diversity (that is, racial/ethnic or gender diversity), and more applications were submitted to organizations with only white men employees or employees diverse in race/ethnicity and gender. Finally, exploratory analyses found that female applicants were rated as more qualified than male applicants. Presenting a more diverse workforce does not guarantee more minority applicants, and organizations seeking to recruit minority applicants may need stronger displays of commitments to diversity. A Registered Report field study by Nichols et al. finds little evidence that images of organizational diversity change the volume or quality of minority applicants. Stronger commitments to diversity may be needed to increase recruitment of minority applicants.","2023-12","2026-03-25 20:24:07","2026-07-17 08:25:26","","2212-2227","","12","7","","","","72","","","","NATURE PORTFOLIO","","English","","","","","","","Place: HEIDELBERGER PLATZ 3, BERLIN, 14197, GERMANY Type: Article","","C:\Users\moin\Zotero\storage\5JA3HB38\Nichols et al. - 2023 - A field study of the impacts of workplace diversity on the recruitment of minority group members.pdf","","Registered Report","","","","","","","","","","","","","","","","","","","","","","","","","","","","","","","","","","","","","","","","","","","","","","",""
"9UJUA4QE","journalArticle","2025","Ruzzante, Federica; Cevolani, Gustavo; Panizza, Folco","Scrolling to wisdom: The impact of social media news exposure on knowledge perception","Psychonomic Bulletin & Review","","1069-9384","10.3758/s13423-025-02786-3","","The present study explores the effect of exposure to news in a social media environment on people's perceived knowledge and on the “Illusion of knowledge” -that is, the overestimation of perceived knowledge relative to actual knowledge. Using a mixed, within-subjects design, participants (N = 828) engaged in a two-session study featuring pre- and post-exposure assessments. Participants scrolled through a social media newsfeed and completed assessments of perceived and actual knowledge. We hypothesized that (1) social media exposure would increase perceived knowledge, (2) this increase would not align with actual knowledge, and (3) higher topic involvement would exacerbate these effects. While most of the preregistered hypotheses did not receive clear statistical support, some effects were consistent with our predictions. Perceived knowledge increased over time, suggesting a general exposure effect; however, differences between exposed and non-exposed topics were not statistically significant, possibly due to test effects or limited engagement with the platform. A strong illusion of knowledge was observed across topics, suggesting robust overestimation. This high baseline may have created a ceiling that constrained the detection of exposure effects. This study was conducted as a Registered Report (https://doi.org/10.24072/pci.rr.100986), accepted in principle prior to data collection. To our knowledge, it represents one of the most ecologically valid attempts in the literature to simulate social media exposure in an experimental setting.","2025-12-10","2026-03-25 20:24:07","2026-07-17 09:22:47","","","","1","33","","","","91","","","","SPRINGER","","English","","","","","","","Place: ONE NEW YORK PLAZA, SUITE 4600, NEW YORK, NY, UNITED STATES Type: Article","","C:\Users\moin\Zotero\storage\U6UL8YF2\Ruzzante et al. - 2025 - Scrolling to wisdom The impact of social media news exposure on knowledge perception.pdf","","Registered Report","","","","","","","","","","","","","","","","","","","","","","","","","","","","","","","","","","","","","","","","","","","","","","",""
"9KGKAPK6","journalArticle","2025","Rawls, Eric; Sponheim, Scott R.","Oscillatory and Aperiodic Contributions to EEG Event-Related Time-Frequency Metrics During Cognitive Control and Reinforcement Processing: A Registered Report","Psychophysiology","","0048-5772","10.1111/psyp.70073","","Brain oscillations, or rhythms, coordinate communication across distributed brain networks. These rhythms provide a foundation for the brain network interactions required for cognition. Oscillations coexist with non-rhythmic background aperiodic activity that forms a characteristic 1/f pattern in power spectra. Aperiodic brain activity is associated with cognition and can confound the detection of oscillations. In this Registered Report, we applied time-resolved spectral parameterization to EEG recordings during two common cognitive tasks. Neural dynamics recorded during many cognitive paradigms show similar patterns, including synchronization of mediofrontal theta (4-8 Hz) and desynchronization of posterior alpha (9-13 Hz) and central beta (15-30 Hz). Our results indicate that common task time-frequency signatures, including mediofrontal theta synchronization and parietal alpha desynchronization, can be attributed primarily to neural oscillatory phenomena. Intriguingly, we uncover evidence of stimulus-locked aperiodic power changes, which are responsive to the need for cognitive control and to reinforcement processing. Furthermore, aperiodic power correlated strongly with non-baseline-corrected total power estimates, and whereas oscillatory power correlated strongly with portions of baseline-corrected power estimates, it failed to correlate with other portions of baseline-corrected power. Finally, after baseline correction, aperiodic correlations with TF power remain high. These results indicate two primary outcomes. First, task TF signatures in theta and alpha bands reflect primarily parameterized oscillations. Second, aperiodic activity is time-dependent during cognitive processing, and these dynamics are not accounted for by baseline correction.","2025-06","2026-03-25 20:24:06","2026-07-17 09:22:57","","","","6","62","","","","93","","","","WILEY","","English","","","","","","","Place: 111 RIVER ST, HOBOKEN 07030-5774, NJ USA Type: Article","","C:\Users\moin\Zotero\storage\3F2QY7NK\Rawls and Sponheim - 2025 - Oscillatory and Aperiodic Contributions to EEG Event-Related Time-Frequency Metrics During Cognitive.pdf","","Registered Report","","","","","","","","","","","","","","","","","","","","","","","","","","","","","","","","","","","","","","","","","","","","","","",""
"E8LY5I67","journalArticle","2021","Stern, Julia; Schild, Christoph; Jones, Benedict C.; DeBruine, Lisa M.; Hahn, Amanda; Puts, David A.; Zettler, Ingo; Kordsmeyer, Tobias L.; Feinberg, David; Zamfir, Dan; Penke, Lars; Arslan, Ruben C.","Do voices carry valid information about a speaker’s personality?","Journal of Research in Personality","","00926566","10.1016/j.jrp.2021.104092","https://linkinghub.elsevier.com/retrieve/pii/S0092656621000295","Research on links between peoples’ personality traits and their voices has primarily focused on other peoples’ personality judgments about a target person based on a target person’s vocal characteristics, particularly voice pitch. However, it remains unclear whether individual differences in voices are linked to actual individual differences in personality traits, and thus whether vocal characteristics are indeed valid cues to personality. Here, we investigate how the personality traits of the Five Factor Model of Personality, sociosexuality, and dominance are related to measured fundamental frequency (voice pitch) and formant frequencies (formant position). For this purpose, we conducted a secondary data analysis of a large sample (2217 participants) from eleven different, independent datasets with a Bayesian approach. Results suggest substantial negative relationships between voice pitch and self-reported sociosexuality, dominance and extraversion in men and women. Thus, personality might at least partly be expressed in people’s voice pitch. Evidence for an association between formant frequencies and self-reported personality traits is not compelling but remains uncertain. We discuss potential underlying biological mechanisms of our effects and suggest a number of implications for future research.","2021-06","2026-03-30 02:14:15","2026-07-17 08:28:50","2026-03-30 02:14:15","104092","","","92","","Journal of Research in Personality","","61","","","","","","en","","","","","DOI.org (Crossref)","","","","C:\Users\moin\Zotero\storage\QNDJ6USA\Stern et al. - 2021 - Do voices carry valid information about a speaker’s personality.pdf","","Registered Report","","","","","","","","","","","","","","","","","","","","","","","","","","","","","","","","","","","","","","","","","","","","","","",""
"DSH5H5Z8","journalArticle","2022","Hofer, Gabriela; Macher, Silvia; Neubauer, Aljoscha C.","Love is not blind: What romantic partners know about our abilities compared to ourselves, our close friends, and our acquaintances","Journal of Research in Personality","","00926566","10.1016/j.jrp.2022.104211","https://linkinghub.elsevier.com/retrieve/pii/S0092656622000241","How much do our partners, close friends, and acquaintances know about our abilities, as compared to ourselves? This registered report aimed to investigate asymmetries in these perspectives’ knowledge of a person’s verbal, numerical, and spatial intelligence, creativity, and intra- and interpersonal emotional abilities. We collected selfestimates and performance measures of these abilities from 238 targets. Each target’s abilities were also rated by their romantic partner, a close friend, and an acquaintance. Results showed knowledge-asymmetries but also similarities between perspectives. People themselves were at least moderately accurate across all six domains. However, partners achieved similar accuracy and both partners and friends could provide unique insights into some abilities. We discuss these results with regard to Vazire’s self-other knowledge asymmetry model.","2022-06","2026-03-30 02:14:06","2026-07-17 08:13:25","2026-03-30 02:14:06","104211","","","98","","Journal of Research in Personality","Love is not blind","62","","","","","","en","","","","","DOI.org (Crossref)","","","","C:\Users\moin\Zotero\storage\W2IS894F\Hofer et al. - 2022 - Love is not blind What romantic partners know about our abilities compared to ourselves, our close.pdf","","Registered Report","","","","","","","","","","","","","","","","","","","","","","","","","","","","","","","","","","","","","","","","","","","","","","",""
"C7PIICRM","journalArticle","2019","Brown, Violet A.; Strand, Julia F.","“Paying” attention to audiovisual speech: Do incongruent stimuli incur greater costs?","Attention, Perception, & Psychophysics","","1943-393X","10.3758/s13414-019-01772-x","https://doi.org/10.3758/s13414-019-01772-x","The McGurk effect is a multisensory phenomenon in which discrepant auditory and visual speech signals typically result in an illusory percept. McGurk stimuli are often used in studies assessing the attentional requirements of audiovisual integration, but no study has directly compared the costs associated with integrating congruent versus incongruent audiovisual speech. Some evidence suggests that the McGurk effect may not be representative of naturalistic audiovisual speech processing – susceptibility to the McGurk effect is not associated with the ability to derive benefit from the addition of the visual signal, and distinct cortical regions are recruited when processing congruent versus incongruent speech. In two experiments, one using response times to identify congruent and incongruent syllables and one using a dual-task paradigm, we assessed whether congruent and incongruent audiovisual speech incur different attentional costs. We demonstrated that response times to both the speech task (Experiment 1) and a secondary vibrotactile task (Experiment 2) were indistinguishable for congruent compared to incongruent syllables, but McGurk fusions were responded to more quickly than McGurk non-fusions. These results suggest that despite documented differences in how congruent and incongruent stimuli are processed, they do not appear to differ in terms of processing time or effort, at least in the open-set task speech task used here. However, responses that result in McGurk fusions are processed more quickly than those that result in non-fusions, though attentional cost is comparable for the two response types.","2019-08-01","2026-03-30 02:02:58","2026-07-14 08:16:37","2026-03-30 02:02:58","1743-1756","","6","81","","Atten Percept Psychophys","“Paying” attention to audiovisual speech","1","","","","","","en","","","","","Springer Link","","","","C:\Users\moin\Zotero\storage\9D8QWEXI\Brown and Strand - 2019 - “Paying” attention to audiovisual speech Do incongruent stimuli incur greater costs.pdf","","Registered Report","","","","","","","","","","","","","","","","","","","","","","","","","","","","","","","","","","","","","","","","","","","","","","",""
"CRZV9BFA","journalArticle","2019","Beanland, Vanessa; Wynne, Rachael A.","Effects of roadside memorials on drivers’ risk perception and eye movements","Cognitive Research: Principles and Implications","","2365-7464","10.1186/s41235-019-0184-1","https://doi.org/10.1186/s41235-019-0184-1","Road crashes are a leading cause of death worldwide. In many countries, it is common to see spontaneous roadside memorials constructed in response to road fatalities. These memorials are controversial and are explicitly banned in many jurisdictions. Advocates argue that the presence of memorials improves safety by making other drivers aware of an especially dangerous road where others have died, whereas opponents argue that they are distracting and decrease safety by diverting drivers’ attention away from the road. However, there has been almost no research examining the effects of roadside memorials on road user behavior and safety. In this study, 40 drivers viewed videos of road scenes with and without memorials, to examine how the presence of roadside memorials influences drivers’ attentional allocation (indicated by eye movements to the roadside area) and safety-related behaviors (indicated by perceived risk ratings and preferred travel speeds for the road). The findings indicate memorials do capture visual attention, as participants were more likely to fixate on memorials compared with a comparison object placed on the roadside. However, fixations on the memorials, and to the roadside area in general, were relatively brief. The presence of memorials did not affect perceived risk and did not produce a clear systematic effect on preferred travel speed. Nearly all drivers in our study supported permitting roadside memorials, but a small number strongly opposed memorials on the belief they are distracting and/or distressing.","2019-08-14","2026-03-29 20:53:02","2026-07-14 12:40:06","2026-03-29 20:53:02","32","","1","4","","Cogn. Research","","11","","","","","","en","","","","","Springer Link","","","","C:\Users\moin\Zotero\storage\RJLQULEV\Beanland and Wynne - 2019 - Effects of roadside memorials on drivers’ risk perception and eye movements.pdf","","Registered Report","Visual attention; Driver behavior; Road safety; Roadside memorials","","","","","","","","","","","","","","","","","","","","","","","","","","","","","","","","","","","","","","","","","","","","","",""
"CGDFNLSK","journalArticle","2022","Grubbs, Joshua B.; Floyd, Christopher G.; Griffin, Kaelyn R.; Jennings, Todd L.; Kraus, Shane W.","Moral incongruence and addiction: A registered report","Psychology of Addictive Behaviors","","1939-1501","10.1037/adb0000876","","Objective: Diagnostic guidelines for compulsive sexual behavior disorder note that moral distress related to sexual behavior is not sufficient to receive the diagnosis. Recent work has questioned the uniqueness of moral distress in predicting self-reported feelings of sexual addiction, demonstrating that other so-called addictive behaviors (e.g., gaming and internet use) are well-predicted by moral disapproval of those behaviors. The present work tested if moral incongruence (the interaction of behavioral frequency and moral disapproval of a behavior) is uniquely related to sexual behavior, or if it generalizes to other addictions as well. Method: This work used a large sample (N = 4,363) involving a representative sample of the U.S. population (n = 2,806) and a sample of sports-wagering individuals in the U.S. (n = 1,557). Interactions between moral disapproval and behavioral frequency were tested for several behaviors (i.e., pornography use, gambling, and several substances). Results: The interaction of behavioral frequency and behavioral disapproval (i.e., moral incongruence) predicted self-reported feelings of addiction to pornography and gambling. Moral incongruence was consistently unrelated to self-reported feelings of addiction to tobacco, illicit substances, and prescription drugs. Results regarding alcohol and marijuana were inconclusive. Conclusions: Moral incongruence is clearly a salient factor in understanding compulsive sexual behavior, and it appears to also be salient to gambling disorder. Though moral incongruence does not seem relevant to some substances (i.e., nicotine, prescription drug misuse, or illicit drug use), further research is needed regarding the effect of moral incongruence on self-reported feelings of addiction to alcohol and marijuana. (PsycInfo Database Record (c) 2025 APA, all rights reserved)","2022","2026-03-29 20:48:48","2026-07-17 08:12:25","","749-761","","7","36","","","Moral incongruence and addiction","85","","","","American Psychological Association","","","","","","","APA PsycNet","","Place: US","","C:\Users\moin\Zotero\storage\UAIJZQZQ\Grubbs et al. - 2022 - Moral incongruence and addiction A registered report.pdf","","Registered Report","Religion; Morality; Addiction; Self-Report; Gambling; Nonsubstance Related Addictions; Pornography; Sexual Addiction","","","","","","","","","","","","","","","","","","","","","","","","","","","","","","","","","","","","","","","","","","","","","",""
"BHDPZ23B","journalArticle","2021","Ferguson, Christopher J.","Links between screen use and depressive symptoms in adolescents over 16 years: Is there evidence for increased harm?","Developmental Science","","1467-7687","10.1111/desc.13008","https://onlinelibrary.wiley.com/doi/abs/10.1111/desc.13008","Recent scholarship has been divided on whether an observed increase in suicides in the United States among teenagers and preteens (12–18) can be attributed to an increased use in social screen media beginning in 2009. If these concerns are accurate effect sizes for the relationship between screen use and suicide should increase over the 16 years since 2001. The current study used the Florida Youth Risk Behavior Survey data (n = 45,992) from 2001 to 2017, to track effect sizes for screen/depression correlations, controlling for age and gender. A second dataset from the UK Understanding Society dataset (ns for each wave ranged between 3,536 and 4,850) was used to study associations between time spent on social media and emotional problems. Metaregression was be used to examine whether effect sizes increase across time. Results generally did not support the hypothesis that effect sizes between screen and social media use are increasing over time. Aside from the trends over time, for any given year, most effect sizes were below the r = .10 threshold used for interpretation with the exception of computer use which was just at that threshold. It is concluded that screens and social media use are unlikely to bear major responsibility for youth suicide trends. A video abstract of this article can be viewed at https://www.youtube.com/watch?v=76S7cxiaU88.","2021","2026-03-29 16:19:16","2026-07-17 06:23:36","2026-03-29 16:19:16","e13008","","1","24","","","Links between screen use and depressive symptoms in adolescents over 16 years","38","","","","","","en","","","","","Wiley Online Library","","_eprint: https://onlinelibrary.wiley.com/doi/pdf/10.1111/desc.13008","","C:\Users\moin\Zotero\storage\FFNUS99L\Ferguson - 2021 - Links between screen use and depressive symptoms in adolescents over 16 years Is there evidence for.pdf; C:\Users\moin\Zotero\storage\5RC38YC2\desc.html","","Registered Report","depression; adolescences; screen time; screens","","","","","","","","","","","","","","","","","","","","","","","","","","","","","","","","","","","","","","","","","","","","","",""
"DBXRJUC2","journalArticle","2023","Macpherson, M.C.; Miles, L.K.","Synchrony and mental health: Investigating the negative association between interpersonal coordination and subclinical variation in autism and social anxiety","Journal of Experimental Social Psychology","","00221031","10.1016/j.jesp.2022.104439","https://linkinghub.elsevier.com/retrieve/pii/S0022103122001585","Interpersonal coordination forms an integral part of successful social interaction. Yet for psychopathologies that impact social functioning (e.g., autism, social anxiety), disruptions to coordination are widely documented. Little research however has considered the underlying mechanisms by which this association is sustained. To address this shortcoming, the current registered report investigated the extent to which key dynamical control parameters that govern interpersonal coordination (frequency matching and coupling) are impacted by traits associated with social anxiety and autism. In pairs, participants performed a pendulum swinging task known to reflect disruptions to the dynamics underlying coordination, while the level of task sociality was systematically varied (solo, observed, interactive). We quantified behaviour at both the individual (e.g., movement variability) and collective (e.g., coordination) levels via indices that are sensitive to changes in the parameters governing coordination. Consistent with past research, the results revealed negative associations between measures of coordination and symptoms of social anxiety and autism. Further, the findings highlighted disruption to the frequency matching parameter as a mechanism underlying the mental health-coordination link and identified coordination stability as a potential boundary condition of this relationship.","2023-03","2026-03-29 16:14:07","2026-07-17 08:22:42","2026-03-29 16:14:07","104439","","","105","","Journal of Experimental Social Psychology","Synchrony and mental health","55","","","","","","en","","","","","DOI.org (Crossref)","","","","C:\Users\moin\Zotero\storage\7HTI4NNB\Macpherson and Miles - 2023 - Synchrony and mental health Investigating the negative association between interpersonal coordinati.pdf","","Registered Report","","","","","","","","","","","","","","","","","","","","","","","","","","","","","","","","","","","","","","","","","","","","","","",""
"CIVMSHBR","journalArticle","2023","Jones, Alexander; Silas, Jonathan; Anderson, Wayne; Ward, Emma, V","Null effects of temporal prediction on recognition memory but evidence for differential neural activity at encoding. A registered report","Cortex","","0010-9452","10.1016/j.cortex.2023.09.006","","Previous research has demonstrated that rhythmic presentation of stimuli during encoding boosts subsequent recognition and is associated with distinct neural activity compared with when stimuli are presented in an arrhythmic manner. However, it is unclear whether the effect is driven by automatic entrainment to rhythm or non-rhythmic temporal prediction. This registered report presents an Electroencephalographic (EEG) study aimed at establishing the cognitive and neural mechanisms of the effect of temporal prediction on recognition. In a blocked design, stimulus onset during encoding was systematically manipulated in four conditions prior to recognition testing: rhythmic fixed (RF), rhythmic variable (RV), arrhythmic fixed (AF), and arrhythmic variable (AV). By orthogonally varying rhythm and temporal position we were able to assess their independent contributions to recognition enhancement. Our behavioural results did not replicate previous findings that show a difference in recognition memory based on temporal predictability at encoding. However, event-related potential (ERP) component analysis did show an early (N1) inter-action effect of temporal position and rhythm, and later (N2 and Dm) effects driven by temporal position only. Taken together, we observed effects of temporal prediction at encoding, but these differences did not translate to later effects of memory, suggesting that effects of temporal prediction on recognition are less robust than previously thought.(c) 2023 The Authors. Published by Elsevier Ltd. This is an open access article under the CC BY-NC-ND license (http://creativecommons.org/licenses/by-nc-nd/4.0/).","2023-12","2026-03-25 20:24:06","2026-07-17 09:19:08","","130-145","","","169","","","","28","","","","ELSEVIER MASSON, CORP OFF","","English","","","","","","","Place: 65 CAMILLE DESMOULINS CS50083 ISSY-LES-MOULINEAUX, 92442 PARIS, FRANCE Type: Article","","C:\Users\moin\Zotero\storage\4UN44QZU\Jones et al. - 2023 - Null effects of temporal prediction on recognition memory but evidence for differential neural activ.pdf","","Registered Report","","","","","","","","","","","","","","","","","","","","","","","","","","","","","","","","","","","","","","","","","","","","","","",""
"EYAAIJ7Q","journalArticle","2025","Amarasekera, Anurada U.; Travis, Kelton L.; Castaneto, Kristina K.; Cash, Tiara A.; Aknin, Lara B.","What types of gratitude expressions promote prosocial behavior?: A registered report","Journal of Experimental Social Psychology","","0022-1031","10.1016/j.jesp.2025.104805","","Prosociality confers benefits to those who engage in the behavior, as well as those who receive it. So, how can prosociality, especially repeated acts of giving, be encouraged? Past research shows that receiving an expression of gratitude can promote prosocial behavior. However, existing work has focused on the benefits of receiving gratitude in comparison to receiving nothing, thereby leaving the content of gratitude expressions unexamined. Drawing upon past research demonstrating the benefits of identity-relevant appeals, we compare how two different gratitude expressions - one that references an individual's kind personality (i.e., prosocial character) and another that references an individual's kind actions (i.e., prosocial action) - impact future prosocial behavior in comparison to each other and to a no-gratitude control condition using two high-powered pre-registered studies. In both studies, participants (603 undergraduate students in Experiment 1; 876 online adult sample in Experiment 2) engaged in a prosocial task and were then randomly assigned to receive one of two gratitude expressions or a no-gratitude control condition. Afterwards, participants had the opportunity to help again. Comparing helping rates across conditions we found no significant differences among helping behavior in Experiment 1. However, in Experiment 2, results indicated that individuals who received an expression of gratitude, regardless of content, donated more than individuals that solely received an acknowledgement of their help. We interpret these findings as mixed support for gratitude's function as a moral reinforcer and consider why gratitude expressions referencing an individual's generous character vs. action may have had little impact.","2025-11","2026-03-25 20:24:08","2026-07-17 09:20:48","","","","","121","","","","53","","","","ACADEMIC PRESS INC ELSEVIER SCIENCE","","English","","","","","","","Place: 525 B ST, STE 1900, SAN DIEGO, CA 92101-4495 USA Type: Article","","C:\Users\moin\Zotero\storage\FVDIVIYC\Amarasekera et al. - 2025 - What types of gratitude expressions promote prosocial behavior A registered report.pdf","","Registered Report","","","","","","","","","","","","","","","","","","","","","","","","","","","","","","","","","","","","","","","","","","","","","","",""
"C6DMR6LD","journalArticle","2024","Kraft, Livia; Zimmermann, Johannes; Schmukle, Stefan C.; Czarna, Anna Z.; Sekerdej, Maciej; Dufner, Michael","Who Gets the Credit for Success and the Blame for Failure? On the Links Between Narcissism and Self- and Group-Serving Biases","European Journal of Personality","","0890-2070","10.1177/08902070231199366","","People often attribute success to themselves and failure to others. Past research indicates that this tendency toward self-serving attributions is pronounced among individuals high in trait narcissism. The aim of this registered report was to re-visit the link between narcissism and self-serving attributions by studying attributions in a group context and by distinguishing between two major dimensions of grandiose narcissism, admiration, and rivalry. We conducted a group study, (N = 422 participants nested in 54 groups), in which participants of each group were randomly assigned to one of two teams which then engaged in an intergroup competition. In line with our hypotheses, admiration predicted the tendency to take personal credit for success. Contrary to our hypotheses, rivalry did not uniquely predict the tendency to blame others for failure. Instead, admiration uniquely predicted the tendency to attribute negative team outcomes to unfairness of the competing outgroup. Explorative analyses further revealed that both admiration and rivalry were associated with the tendency to attribute negative, rather than positive, team outcomes to chance. Taken together, the findings indicate that narcissism goes along with an increased propensity for self-serving attributions in competitive intergroup settings and that this tendency is mainly driven by the admiration dimension.","2024-05","2026-03-25 20:24:07","2026-07-17 09:19:56","","476-493","","3","38","","","","41","","","","SAGE PUBLICATIONS LTD","","English","","","","","","","Place: 1 OLIVERS YARD, 55 CITY ROAD, LONDON EC1Y 1SP, ENGLAND Type: Article","","C:\Users\moin\Zotero\storage\NR9ESMKR\Kraft et al. - 2024 - Who Gets the Credit for Success and the Blame for Failure On the Links Between Narcissism and Self-.pdf","","Registered Report","","","","","","","","","","","","","","","","","","","","","","","","","","","","","","","","","","","","","","","","","","","","","","",""
"AKY847SP","journalArticle","2025","Lin, Chujun; Keles, Umit; Thornton, Mark A.; Adolphs, Ralph","How trait impressions of faces shape subsequent mental state inferences","Nature Human Behaviour","","2397-3374","10.1038/s41562-024-02059-4","","People form impressions of one another in a split second from faces. However, people also infer others' momentary mental states on the basis of context-for example, one might infer that somebody feels encouraged from the fact that they are receiving constructive feedback. How do trait judgements of faces influence these context-based mental state inferences? In this Registered Report, we asked participants to infer the mental states of unfamiliar people, identified by their neutral faces, under specific contexts. To increase generalizability, we representatively sampled all stimuli from inclusive sets using computational methods. We tested four hypotheses: that trait impressions of faces (1) are correlated with subsequent mental state inferences in a range of contexts, (2) alter the dimensional space that underlies mental state inferences, (3) are associated with specific mental state dimensions in this space and (4) causally influence mental state inferences. We found evidence in support of all hypotheses. In this Stage 2 Registered Report, Lin et al. show that trait impressions of faces are correlated with and causally influence mental state inferences from the same faces.","2025-01","2026-03-25 20:24:06","2026-07-17 08:16:03","","208-226","","1","9","","","","73","","","","NATURE PORTFOLIO","","English","","","","","","","Place: HEIDELBERGER PLATZ 3, BERLIN, 14197, GERMANY Type: Article","","C:\Users\moin\Zotero\storage\Z923TRQT\Lin et al. - 2025 - How trait impressions of faces shape subsequent mental state inferences.pdf","","Registered Report","","","","","","","","","","","","","","","","","","","","","","","","","","","","","","","","","","","","","","","","","","","","","","",""
"JJV6YBTY","journalArticle","2025","Pluta, Kathryn; More, Kimberly R.; Phillips, L. Alison","Predicting implicit and explicit exercise identity from descriptive social norms regarding exercise","Psychology & Health","","0887-0446","10.1080/08870446.2022.2156580","https://doi.org/10.1080/08870446.2022.2156580","Exercise identity may promote exercise maintenance. However, less is known about factors that affect exercise identity. Whether descriptive social norms are potential intervention targets for identity development was evaluated. A cross-sectional design using data from the Attitudes, Identities, and Individual Differences (AIID) study was employed – with additional cases collected to increase sample size and power – to evaluate whether descriptive social norms regarding exercise are related to implicit and explicit exercise identities. Participants completed measures of proximal and distal descriptive social norms regarding exercise, explicit and implicit exercise identity, physical activity behavior, and demographics. Multiple regression was used to assess whether social norms regarding exercise predict exercise identities. Only proximal descriptive social norms were significantly associated with explicit exercise identity, whereas neither proximal nor distal descriptive social norms were associated with implicit exercise identity. The slopes for explicit and implicit identity differed when predicted by distal (but not proximal) descriptive social norms. Proximal descriptive social norms may be associated with explicit exercise identity and may be a worthy intervention targeting alongside identity to influence change in exercise behavior. More research is needed to further understand these relationships.","2025-01-02","2026-03-30 01:59:25","2026-07-17 08:26:19","2026-03-30 01:59:25","155-173","","1","40","","","","84","","","","Routledge","","","","","","","Taylor and Francis+NEJM","","_eprint: https://doi.org/10.1080/08870446.2022.2156580","","C:\Users\moin\Zotero\storage\5NIJEVZC\Pluta et al. - 2025 - Predicting implicit and explicit exercise identity from descriptive social norms regarding exercise.pdf","","Registered Report","identity; descriptive norms; social norms; exercise; exercise identity","","","","","","","","","","","","","","","","","","","","","","","","","","","","","","","","","","","","","","","","","","","","","",""
"IXTQHZRC","journalArticle","2020","Frey, Renato","Decisions from experience: Competitive search and choice in kind and wicked environments","Judgment and Decision Making","","1930-2975","10.1017/S1930297500007415","https://www.cambridge.org/core/journals/judgment-and-decision-making/article/decisions-from-experience-competitive-search-and-choice-in-kind-and-wicked-environments/FFEB8ED63A440294B7E8236348BECDC6","Information search is key to making decision from experience: exploration permits people to learn about the statistical properties of choice options and thus to become aware of rare but potentially momentous decision consequences. This registered report investigates whether and how people differ when making decisions from experience in isolation versus under competitive pressure, which may have important implications for choice performance in different types of choice environments: in “kind” environments without any rare and extreme events, frugal search is sufficient to identify advantageous options. Conversely, in “wicked” environments with skewed outcome distributions, rare but important events will tend to be missed in frugal search. One theoretical view is that competitive pressure encourages efficiency and may thereby boost adaptive search in different environments. An alternative and more pessimistic view is that competitive pressure triggers agency-related concerns, leading to minimal search irrespective of the choice environment, and hence to inferior choice performance. Using a sampling game, the present study (N = 277) found that solitary search was not adaptive to different choice environments (M = 14 samples), leading to a high choice performance in a kind and in a moderately wicked environment, but somewhat lower performance in an extremely wicked environment. Competitive pressure substantially reduced search irrespective of the choice environment (M = 4 samples), thus negatively affecting overall choice performance. Yet, from the perspective of a cost-benefit framework, frugal search may be efficient under competitive pressure. In sum, this report extends research on decisions from experience by adopting an ecological perspective (i.e., systematically varying different choice environments) and by introducing a cost-benefit framework to evaluate solitary and competitive search — with the latter constituting a challenging problem for people in an increasingly connected world.","2020-03","2026-03-30 01:48:10","2026-07-17 08:11:44","2026-03-30 01:48:10","282-303","","2","15","","","Decisions from experience","64","","","","","","en","","","","","Cambridge University Press","","","","C:\Users\moin\Zotero\storage\9X3ZYHG3\Frey - 2020 - Decisions from experience Competitive search and choice in kind and wicked environments.pdf","","Registered Report","competition; exploration; choice environments; competitive search; decisions from experience","","","","","","","","","","","","","","","","","","","","","","","","","","","","","","","","","","","","","","","","","","","","","",""
"GQLFMLFL","journalArticle","2022","Wirth, Maria; Voss, Andreas; Wirth, Stefan; Rothermund, Klaus","Affect dynamics and well-being: explanatory power of the model of intraindividual variability in affect (MIVA)","Cognition and Emotion","","0269-9931","10.1080/02699931.2021.1993148","https://doi.org/10.1080/02699931.2021.1993148","Affective experience is inherently dynamic and short-term changes in affect are supposed to offer important insights into well-being. Past years have shown a tremendous rise in investigations into the relation between affect dynamics and well-being. The indicators that have been introduced to capture unique dynamical aspects of affect, however, have been criticised for being purely statistical measures without theoretical foundation and were shown to have little added value for explaining well-being over and above mean levels of affect. To address these concerns, we applied our newly developed theory-based MIVA model to data on daily affective experience. The MIVA model allows estimating parameters for anchoring, reactivity, and regulation based on affective states in combination with daily events. Everyday affective experience was measured with a high temporal resolution, multiple indicators of well-being (e.g. life satisfaction, depression) were assessed, and the incremental value of the MIVA model parameters in predicting well-being was determined. The MIVA model parameters reflect essential processes that accounted for observed fluctuations in affective experience. Incremental validity for predicting well-being over and above mean levels of affect, however, was low. Together, our results suggest that research on affect dynamics needs to identify how affect dynamics can be assessed more validly.","2022-02-17","2026-03-30 01:46:48","2026-07-14 08:59:39","2026-03-30 01:46:48","188-210","","2","36","","","Affect dynamics and well-being","10","","","","Routledge","","","","","","","Taylor and Francis+NEJM","","_eprint: https://doi.org/10.1080/02699931.2021.1993148","","C:\Users\moin\Zotero\storage\QSINTD34\Wirth et al. - 2022 - Affect dynamics and well-being explanatory power of the model of intraindividual variability in aff.pdf","","Registered Report","depression; well-being; emotion regulation; Affect; emotional reactivity","","","","","","","","","","","","","","","","","","","","","","","","","","","","","","","","","","","","","","","","","","","","","",""
"HHW3YCAF","journalArticle","2024","Dora, Jonas; Kuczynski, Adam M.; Schultz, Megan E.; Acuff, Samuel F.; Murphy, James G.; King, Kevin M.","An experimental investigation into the effect of negative affect on the behavioral economic demand for alcohol","Psychology of Addictive Behaviors","","1939-1501","10.1037/adb0000984","","Objective: It is hypothesized that alcohol use is reinforcing when used as a strategy to cope with negative affect. Although the evidence for this hypothesis in observational data is weak, some experimental evidence suggests that the behavioral economic demand for alcohol increases immediately following a negative emotional event. We hypothesized that people show a higher demand for alcohol following negative (vs. neutral) mood inductions and that this effect is stronger in people who report heavier drinking compared to people who report lighter drinking as well as stronger on days characterized by higher coping motives and negative urgency. Method: 309 college students who reported recent alcohol consumption (MAUDIT = 6.86) completed the alcohol purchase task after being subjected to 12 mood inductions (six negative, six neutral, order randomized) on 12 separate days. Results: In our preregistered analyses, we found no evidence that the behavioral economic demand for alcohol was elevated following negative mood inductions. The mood inductions in our study were not as strong as has been reported in previous research, weakening the preregistered inferences. In exploratory analyses performed on a subset of the data in which the mood inductions worked as intended, demand was higher following negative mood inductions. Conclusions: The results of this study are not conclusive. In light of previous research, we consider these data to slightly increase our confidence that demand for alcohol is increased immediately following a negative emotional event. (PsycInfo Database Record (c) 2025 APA, all rights reserved)","2024","2026-03-29 20:48:55","2026-07-17 08:09:43","","409-423","","4","38","","","","86","","","","American Psychological Association","","","","","","","APA PsycNet","","Place: US","","C:\Users\moin\Zotero\storage\ZC5EPSNX\Dora et al. - 2024 - An experimental investigation into the effect of negative affect on the behavioral economic demand f.pdf","","Registered Report","Emotional States; Negative Emotions; Alcohol Use; Behavioral Economics; Supply and Demand","","","","","","","","","","","","","","","","","","","","","","","","","","","","","","","","","","","","","","","","","","","","","",""
"GS5IT7JX","journalArticle","2021","Jones, Benedict C.; DeBruine, Lisa M.; Flake, Jessica K.; Liuzza, Marco Tullio; Antfolk, Jan; Arinze, Nwadiogo C.; Ndukaihe, Izuchukwu L. G.; Bloxsom, Nicholas G.; Lewis, Savannah C.; Foroni, Francesco; Willis, Megan L.; Cubillas, Carmelo P.; Vadillo, Miguel A.; Turiegano, Enrique; Gilead, Michael; Simchon, Almog; Saribay, S. Adil; Owsley, Nicholas C.; Jang, Chaning; Mburu, Georgina; Calvillo, Dustin P.; Wlodarczyk, Anna; Qi, Yue; Ariyabuddhiphongs, Kris; Jarukasemthawee, Somboon; Manley, Harry; Suavansri, Panita; Taephant, Nattasuda; Stolier, Ryan M.; Evans, Thomas R.; Bonick, Judson; Lindemans, Jan W.; Ashworth, Logan F.; Hahn, Amanda C.; Chevallier, Coralie; Kapucu, Aycan; Karaaslan, Aslan; Leongómez, Juan David; Sánchez, Oscar R.; Valderrama, Eugenio; Vásquez-Amézquita, Milena; Hajdu, Nandor; Aczel, Balazs; Szecsi, Peter; Andreychik, Michael; Musser, Erica D.; Batres, Carlota; Hu, Chuan-Peng; Liu, Qing-Lan; Legate, Nicole; Vaughn, Leigh Ann; Barzykowski, Krystian; Golik, Karolina; Schmid, Irina; Stieger, Stefan; Artner, Richard; Mues, Chiel; Vanpaemel, Wolf; Jiang, Zhongqing; Wu, Qi; Marcu, Gabriela M.; Stephen, Ian D.; Lu, Jackson G.; Philipp, Michael C.; Arnal, Jack D.; Hehman, Eric; Xie, Sally Y.; Chopik, William J.; Seehuus, Martin; Azouaghe, Soufian; Belhaj, Abdelkarim; Elouafa, Jamal; Wilson, John P.; Kruse, Elliott; Papadatou-Pastou, Marietta; De La Rosa-Gómez, Anabel; Barba-Sánchez, Alan E.; González-Santoyo, Isaac; Hsu, Tsuyueh; Kung, Chun-Chia; Wang, Hsiao-Hsin; Freeman, Jonathan B.; Oh, Dong Won; Schei, Vidar; Sverdrup, Therese E.; Levitan, Carmel A.; Cook, Corey L.; Chandel, Priyanka; Kujur, Pratibha; Parganiha, Arti; Parveen, Noorshama; Pati, Atanu Kumar; Pradhan, Sraddha; Singh, Margaret M.; Pande, Babita; Bavolar, Jozef; Kačmár, Pavol; Zakharov, Ilya; Álvarez-Solas, Sara; Baskin, Ernest; Thirkettle, Martin; Schmidt, Kathleen; Christopherson, Cody D.; Leonis, Trinity; Suchow, Jordan W.; Olofsson, Jonas K.; Jernsäther, Teodor; Lee, Ai-Suan; Beaudry, Jennifer L.; Gogan, Taylor D.; Oldmeadow, Julian A.; Balas, Benjamin; Stevens, Laura M.; Colloff, Melissa F.; Flowe, Heather D.; Gülgöz, Sami; Brandt, Mark J.; Hoyer, Karlijn; Jaeger, Bastian; Ren, Dongning; Sleegers, Willem W. A.; Wissink, Joeri; Kaminski, Gwenaël; Floerke, Victoria A.; Urry, Heather L.; Chen, Sau-Chin; Pfuhl, Gerit; Vally, Zahir; Basnight-Brown, Dana M.; Jzerman, Hans I.; Sarda, Elisa; Neyroud, Lison; Badidi, Touhami; Van Der Linden, Nicolas; Tan, Chrystalle B. Y.; Kovic, Vanja; Sampaio, Waldir; Ferreira, Paulo; Santos, Diana; Burin, Debora I.; Gardiner, Gwendolyn; Protzko, John; Schild, Christoph; Ścigała, Karolina A.; Zettler, Ingo; O’Mara Kunz, Erin M.; Storage, Daniel; Wagemans, Fieke M. A.; Saunders, Blair; Sirota, Miroslav; Sloane, Guyan V.; Lima, Tiago J. S.; Uittenhove, Kim; Vergauwe, Evie; Jaworska, Katarzyna; Stern, Julia; Ask, Karl; Van Zyl, Casper J. J.; Körner, Anita; Weissgerber, Sophia C.; Boudesseul, Jordane; Ruiz-Dodobara, Fernando; Ritchie, Kay L.; Michalak, Nicholas M.; Blake, Khandis R.; White, David; Gordon-Finlayson, Alasdair R.; Anne, Michele; Janssen, Steve M. J.; Lee, Kean Mun; Nielsen, Tonje K.; Tamnes, Christian K.; Zickfeld, Janis H.; Rosa, Anna Dalla; Vianello, Michelangelo; Kocsor, Ferenc; Kozma, Luca; Putz, Ádám; Tressoldi, Patrizio; Irrazabal, Natalia; Chatard, Armand; Lins, Samuel; Pinto, Isabel R.; Lutz, Johannes; Adamkovic, Matus; Babincak, Peter; Baník, Gabriel; Ropovik, Ivan; Coetzee, Vinet; Dixson, Barnaby J. W.; Ribeiro, Gianni; Peters, Kim; Steffens, Niklas K.; Tan, Kok Wei; Thorstenson, Christopher A.; Fernandez, Ana Maria; Hsu, Rafael M. C. S.; Valentova, Jaroslava V.; Varella, Marco A. C.; Corral-Frías, Nadia S.; Frías-Armenta, Martha; Hatami, Javad; Monajem, Arash; Sharifian, MohammadHasan; Frohlich, Brooke; Lin, Hause; Inzlicht, Michael; Alaei, Ravin; Rule, Nicholas O.; Lamm, Claus; Pronizius, Ekaterina; Voracek, Martin; Olsen, Jerome; Giolla, Erik Mac; Akgoz, Aysegul; Özdoğru, Asil A.; Crawford, Matthew T.; Bennett-Day, Brooke; Koehn, Monica A.; Okan, Ceylan; Gill, Tripat; Miller, Jeremy K.; Dunham, Yarrow; Yang, Xin; Alper, Sinan; Borras-Guevara, Martha Lucia; Cai, Sun Jun; Tiantian, Dong; Danvers, Alexander F.; Feinberg, David R.; Armstrong, Marie M.; Gilboa-Schechtman, Eva; McCarthy, Randy J.; Muñoz-Reyes, Jose Antonio; Polo, Pablo; Shiramazu, Victor K. M.; Yan, Wen-Jing; Carvalho, Lilian; Forscher, Patrick S.; Chartier, Christopher R.; Coles, Nicholas A.","To which world regions does the valence–dominance model of social perception apply?","Nature Human Behaviour","","2397-3374","10.1038/s41562-020-01007-2","https://www.nature.com/articles/s41562-020-01007-2","","2021-01-04","2026-03-29 15:53:28","2026-07-17 08:14:14","2026-03-29 15:53:28","159-169","","1","5","","Nat Hum Behav","","81","","","","","","en","","","","","DOI.org (Crossref)","","","","C:\Users\moin\Zotero\storage\I7RMUMWC\Jones et al. - 2021 - To which world regions does the valence–dominance model of social perception apply.pdf","","Registered Report","","","","","","","","","","","","","","","","","","","","","","","","","","","","","","","","","","","","","","","","","","","","","","",""
"IE6RC6XU","journalArticle","2025","King, Kevin M.; Dora, Jonas; Schultz, Megan; McCabe, Connor J.; Lee, Christine M.; Shoda, Yuichi; Fairlie, Anne M.; Litt, Dana M.; Lewis, Melissa A.; Patrick, Megan E.; Smith, Gregory T.","Within-Day Associations Between Affect and Intentions to Drink Alcohol in Adolescents and Young Adults: A Registered Report","Psychology of Addictive Behaviors","","0893-164X","10.1037/adb0001074","","Objective: Motivational theories hypothesizing that people drink to relieve negative affect have not been supported using data from people's daily lives. People may experience negative affect when alcohol is unavailable or when use would conflict with people's current goals, but people's thoughts about alcohol use, such as intentions to drink later in the day, are less contextually constrained. Alcohol intentions may serve as affect regulation and lead to decreases in negative or increases in positive affect prior to drinking itself. Method: This registered report provides an initial test of this hypothesis across two large ecological momentary assessment samples of adolescents and young adults (total n = 1,511). We tested whether daily drinking intentions were associated with levels and within-day changes in negative and positive affect in two large samples of adolescents and young adults and whether drinking history and motives moderated these associations. Results: We found evidence, replicated across studies, that positive affect was higher and increased more on days when people reported intending to drink more than usual, but negative affect was only very weakly associated with daily drinking intentions. We found no evidence of moderation that replicated across samples. Conclusions: Results suggest that prior research linking positive affect and alcohol use is at least in part capturing the anticipation of drinking rather than a causal association between affect and drinking behaviors among adolescents and young adults. Theories should consider how anticipation, as well as the contexts in which drinking occurs, shapes people's motives for drinking and their drinking behaviors themselves.","2025-08","2026-03-25 20:24:07","2026-07-17 09:22:30","","411-430","","5","39","","","","87","","","","EDUCATIONAL PUBLISHING FOUNDATION-AMERICAN PSYCHOLOGICAL ASSOC","750 FIRST ST, NE, WASHINGTON, DC 20002-4242 USA","English","","","","","","","Type: Article","","C:\Users\moin\Zotero\storage\VLFFENQB\King et al. - 2025 - Within-day associations between affect and intentions to drink alcohol in adolescents and young adul.pdf","","Registered Report","","","","","","","","","","","","","","","","","","","","","","","","","","","","","","","","","","","","","","","","","","","","","","",""
"IUIRRH49","journalArticle","2025","James, Emma; Thompson, Paul A.; Bowes, Lucy; Nation, Kate","Language and Beyond: A Registered Report Examining Single and Multiple Risk Models of Later Reading Comprehension Weaknesses","Developmental Science","","1363-755X","10.1111/desc.70048","","Children with poor reading comprehension tend to have oral language weaknesses, suggesting that poor language in the early years is a proximal cause of later reading comprehension difficulties. Yet, longitudinal studies have not succeeded in reliably predicting which children go on to have comprehension weaknesses (CW), and evidence comprises small sample sizes and a narrow focus on language in isolation. In this registered report, we examined early predictors of later outcomes in 879 children with CW identified at 9 years in the Avon Longitudinal Study of Parents and Children. Study 1 showed that these children had poorer language at 24 and 38 months (but not 15 months) than peers who did not go on to develop reading difficulties (n = 4516). However, preschool language ability was a poor predictor of individual outcomes, which was not improved by accounting for the language and communication environment. Study 2 used a multiple risk approach to ask whether breadth (number) or depth (severity) of risk factors predicted reading outcomes in a subsample of 125 children with CW and 561 typically developing readers. Having three or more risk factors increases the risk for later CW. Language was the most consistent predictor of group membership, but the depth of cognitive risks beyond language was associated with the severity of reading impairment. However, neither the breadth nor the depth of risks could adequately predict individual outcomes. These findings align with a multiple risk view of reading CW and highlight the challenges in early identification.Summary Children with comprehension weaknesses (CW) in mid-childhood had language weaknesses at 24 and 38 months, but prediction was poor at an individual child level. The breadth of early risk factors related to both the presence and severity of later CW, but remained poor predictors of individual outcomes. While lower levels of preschool language were a risk factor for poor comprehension, other cognitive factors were associated with the severity of difficulties. These findings highlight the challenge in identifying children at risk for comprehension difficulties, and emphasise the need to look both at language and beyond language.","2025-09","2026-03-25 20:24:07","2026-07-17 09:19:50","","","","5","28","","","","40","","","","WILEY","","English","","","","","","","Place: 111 RIVER ST, HOBOKEN 07030-5774, NJ USA Type: Article","","C:\Users\moin\Zotero\storage\J3QIKRIF\James et al. - 2025 - Language and Beyond A Registered Report Examining Single and Multiple Risk Models of Later Reading.pdf","","Registered Report","","","","","","","","","","","","","","","","","","","","","","","","","","","","","","","","","","","","","","","","","","","","","","",""
"GSBL8CBM","journalArticle","2025","Theodoropoulou, Andriana; Lisi, Matteo; Rolision, Jonathan; Sirota, Miroslav","The effects of communicating illness diagnostic and treatment information and C-reactive protein test results on people's antibiotic expectations","British Journal of Health Psychology","","1359-107X","10.1111/bjhp.70020","","Objectives Patients' expectations for antibiotics are among the strongest predictors of clinicians' decisions to overprescribe antibiotics. In this registered report, we used a signal detection theory framework to investigate the experimental effects of the communication interventions that family physicians can use to reduce patients' diagnostic uncertainty, and consequently, their antibiotic expectations.Methods UK participants (N = 769) read hypothetical consultations for respiratory tract infections and were randomly assigned to one of three conditions: standard information (control), recommended information about the nature of the illness and antibiotic efficacy (recommended communication) or recommended information accompanied by point-of-care test results (recommended communication and CRP). Using a multilevel Bayesian probit regression, we estimated both decision bias (criterion) and sensitivity (d-prime).Results Aligned with our bias hypotheses, participants displayed a more liberal antibiotic bias in the control condition compared to both the recommended communication (Delta c = -1.34, 95% CI [-1.57, -1.11]) and the recommended communication and CRP (Delta c = -1.73, 95% CI [-1.99, -1.48]) conditions. They also showed greater liberal bias in the recommended communication condition compared to the recommended communication and CRP condition (Delta c = -0.39, 95% CI [-0.65, 0.13]). Aligned with our sensitivity hypotheses, participants displayed significantly higher sensitivity in both the recommended communication (Delta d' = 2.34, 95% CI [1.92, 2.79]) and the recommended communication and CRP (Delta d' = 2.49, 95% CI [2.08, 2.95]) conditions compared to control.Conclusions Simple, evidence-based communication strategies-particularly when combined with diagnostic test results-can reduce antibiotic expectations, offering practical tools for clinicians to support appropriate prescribing.","2025-09","2026-03-25 20:24:07","2026-07-14 08:59:11","","","","3","30","","","","5","","","","WILEY","","English","","","","","","","Place: 111 RIVER ST, HOBOKEN 07030-5774, NJ USA Type: Article","","C:\Users\moin\Zotero\storage\WFI7UZP5\Theodoropoulou et al. - 2025 - The effects of communicating illness diagnostic and treatment information and C-reactive protein tes.pdf","","Registered Report","","","","","","","","","","","","","","","","","","","","","","","","","","","","","","","","","","","","","","","","","","","","","","",""
"J5BWB9CV","journalArticle","2024","Gruber, Robert; Haefner, Michael; Kachel, Sven","Dressing up social psychology: Empirically investigating the psychological functions of clothing using the example of symbolic protection","British Journal of Social Psychology","","0144-6665","10.1111/bjso.12700","","Clothing behaviour remains an understudied research area within social psychology. Through the present research, we aim to anchor attire as an empirical research subject by investigating the psychological properties of one of its functionalities, namely, to provide protection. We argue that attire's undisputed role in shielding humans from environmental hazards may extend to the psychological level and protect them from the incorporeal consequences of existential threats symbolically. In this Registered Report, a mixed-methods approach links an ecologically valid field study of self-presentation in social media posts during Russia's war on Ukraine (Study 1; N = 248) with supraliminal priming of mortality salience in an online experiment (Study 2; N = 248). Across both studies, we expect that mortality concerns let people accentuate the physically protective attributes of clothing (e.g. more layers of clothing) and resort to more in-group prototypical dress styles (i.e. more gender-stereotypical). Findings show that people adjust their clothing preferences in response to existential threats, favouring in-group prototypical clothing (more gender-typical for both women and men in Study 1) and physically protective attire (higher in women and lower in men in Study 2) during high (vs. low) levels of existential threat. By positioning clothing as a research area within social psychology, our goal is to stimulate a wave of research on its profound role for humankind. Furthermore, we provide a dynamic and robust methodological approach to researching terror management theory.","2024-04","2026-03-25 20:24:07","2026-07-15 09:05:20","","1003-1035","","2","63","","","","7","","","","WILEY","","English","","","","","","","Place: 111 RIVER ST, HOBOKEN 07030-5774, NJ USA Type: Article","","C:\Users\moin\Zotero\storage\SUSJYBDU\Gruber et al. - 2024 - Dressing up social psychology Empirically investigating the psychological functions of clothing usi.pdf","","Registered Report","","","","","","","","","","","","","","","","","","","","","","","","","","","","","","","","","","","","","","","","","","","","","","",""
"FD4KRKVU","journalArticle","2025","Tidwell, Colin A.; Danvers, Alexander F.; Pfeifer, Valeria A.; Abel, Danielle B.; Alisic, Eva; Beer, Andrew; Bierstetel, Sabrina J.; Bollich-Ziegler, Kathryn L.; Bruni, Michelle; Calabrese, William R.; Chiarello, Christine; Demiray, Burcu; Dimidjian, Sona; Fingerman, Karen L.; Haas, Maximilian; Kaplan, Deanna M.; Kim, Yijung K.; Knezevic, Goran; Lazarevic, Ljiljana B.; Luo, Minxia; Macbeth, Alessandra; Manson, Joseph H.; Mascaro, Jennifer S.; Metcalf, Christina; Minor, Kyle S.; Moseley, Suzanne; Polsinelli, Angelina J.; Raison, Charles L.; Rilling, James K.; Robbins, Megan L.; Sbarra, David; Slatcher, Richard B.; Sun, Jessie; Vasileva, Mira; Vazire, Simine; Mehl, Matthias R.","Are Women Really (Not) More Talkative Than Men? A Registered Report of Binary Gender Similarities/Differences in Daily Word Use","Journal of Personality and Social Psychology","","0022-3514","10.1037/pspp0000534","","Women are widely assumed to be more talkative than men. Challenging this assumption, Mehl et al. (2007) provided empirical evidence that men and women do not differ significantly in their daily word use, speaking about 16,000 words per day (WPD) each. However, concerns were raised that their sample was too small to yield generalizable estimates and too age and context homogeneous to permit inferences beyond college students. This registered report replicated and extended the previous study of binary gender differences in daily word use to address these concerns. Across 2,197 participants (more than five-fold the original sample size), pooled over 22 samples (631,030 ambient audio recordings), men spoke on average 11,950 WPD and women 13,349 WPD, with very large individual differences (<100 to >120,000 WPD). The estimated gender difference (1,073 WPD; d = 0.13; 95% CrI [316, 1,824]) was about twice as large as in the original study. Smaller differences emerged among adolescent (513 WPD), emerging adult (841 WPD), and older adult (-788 WPD) participants, but a substantially larger difference emerged for participants in early and middle adulthood (3,275 WPD; d = 0.32). Despite the considerable sample size(s), all estimates carried large statistical uncertainty and, except for the gender difference in early and middle adulthood, provide inconclusive evidence regarding whether the two genders ultimately speak a practically equivalent number of WPD, based on the preregistered +/- 1,000 WPD regions of practical equivalence criterion. Experienced stress had no meaningful effect on the gender difference, and no clear pattern emerged as to whether the gender difference is accentuated for subjectively rated compared with objectively observed talkativeness.","2025-02","2026-03-25 20:24:07","2026-07-17 09:21:09","","367-391","","2","128","","","","57","","","","AMER PSYCHOLOGICAL ASSOC","750 FIRST ST NE, WASHINGTON, DC 20002-4242 USA","English","","","","","","","Type: Article","","C:\Users\moin\Zotero\storage\PBPSHTS2\Tidwell et al. - 2025 - Are women really (not) more talkative than men A registered report of binary gender similaritiesdi.pdf","","Registered Report","","","","","","","","","","","","","","","","","","","","","","","","","","","","","","","","","","","","","","","","","","","","","","",""
"GAUHKSQL","journalArticle","2024","Brito, Henrique; Lopes, Henrique; de Carvalho, Margarida Vaz; Carrilho, Daniel; Carvalho, Adriano; Araujo, Duarte","The effects of nature-based vs. indoor settings on the adaptability, performance and affect of calisthenics exercisers. A registered report","Psychology of Sport and Exercise","","1469-0292","10.1016/j.psychsport.2024.102626","","Comparisons of the beneficial effects of nature-based versus indoor physical activity have been extensively reported, but existing research addresses mainly aerobic activity (running, jogging), not resistance or mixed (aerobic and resistance) exercise. It is unclear if the psychological benefits extend to functionality, i.e., if participants perform their activities better in nature, and how movement is expressed in nature-based and indoor environments, during similar exercise. The present registered report was a randomized controlled trial investigating how engaging in similar resistance-based exercise (calisthenics) in nature-based and indoor settings differed in affective valence, perceived exertion, visual attention, movement adaptability, heart rate variability, and performance. Nature-based exercisers (N = 51) showed increased performance output than indoor exercisers (N = 53) (p < 0.001). There were no group differences in affective valence, perceived exertion, or visual attention. However, psychological states of nature-based exercisers showed stronger associations to performance output (r < 0.33) than those of indoor exercisers (r < 0.03). Nature-based exercisers' movement variability and structure, measured with non-linear and fractal techniques (Sample Entropy and Detrended Fluctuation Analysis), were more regular (p < 0.001) and more functionally adaptive (long-term Detrended Fluctuation Analysis, p = 0.022) to achieve better performance output. Heart rate variability measures were not different between groups. Distinct environments can influence movement adaptability in a calisthenics exercise routine, and ultimately contribute to better performance. These results show how action is specific to task environment, and how action implies not only the task, but also the characteristics of the environment. Trial registration: NCT05090501 (Clinicaltrials.gov). Registered October 21, 2021.","2024-07","2026-03-25 20:24:06","2026-07-17 09:22:35","","","","","73","","","","89","","","","ELSEVIER","","English","","","","","","","Place: RADARWEG 29, 1043 NX AMSTERDAM, NETHERLANDS Type: Article","","C:\Users\moin\Zotero\storage\DM8T2LYV\Brito et al. - 2024 - The effects of nature-based vs. indoor settings on the adaptability, performance and affect of calis.pdf","","Registered Report","","","","","","","","","","","","","","","","","","","","","","","","","","","","","","","","","","","","","","","","","","","","","","",""
"L3V9WVB8","journalArticle","2019","Ludwig, Rita M.; Flournoy, John C.; Berkman, Elliot T.","Inequality in personality and temporal discounting across socioeconomic status? Assessing the evidence","Journal of Research in Personality","","00926566","10.1016/j.jrp.2019.05.003","https://linkinghub.elsevier.com/retrieve/pii/S0092656619300480","Personality traits such as conscientiousness and impulsivity correlate with temporal discounting, the degree to which individuals discount the value of future relative to present rewards. These variables have, in turn, been hypothesized to relate to income inequality in the United States. A key but untested assumption of this hypothesis is that the association among these variables is distinct across socioeconomic classes. The purpose of the present research is to test that assumption. N = 1100 adults with annual income ranging from at or below the poverty line ($0–$20,000) to upper-middle class ($200,000+) completed personality measures and a measure of temporal discounting. The results of our preregistered analyses indicated a positive association of income with trait planfulness, and a negative association with trait impulsivity and one parameter of temporal discounting that captures a bias to prefer sooner rewards to a greater degree if they are delivered that day. Our results can inform psychological theories of inequality and a broader conversation about effective public policy.","2019-08","2026-03-30 02:14:10","2026-07-17 08:19:00","2026-03-30 02:14:10","79-87","","","81","","Journal of Research in Personality","Inequality in personality and temporal discounting across socioeconomic status?","58","","","","","","en","","","","","DOI.org (Crossref)","","","","C:\Users\moin\Zotero\storage\RPEB2DA3\Ludwig et al. - 2019 - Inequality in personality and temporal discounting across socioeconomic status Assessing the eviden.pdf","","Registered Report","","","","","","","","","","","","","","","","","","","","","","","","","","","","","","","","","","","","","","","","","","","","","","",""
"NGBY995E","journalArticle","2024","Duncan, Robert J.; Nordgren, Inga; Schmitt, Sara A.; Vandell, Deborah Lowe","Additive and synergistic relations of early mother–child and caregiver–child interactions and socioeconomic outcomes in adulthood","Infant and Child Development","","1522-7219","10.1002/icd.2406","https://onlinelibrary.wiley.com/doi/abs/10.1002/icd.2406","Prior theoretical and empirical studies have linked the first 3 years of children's life with later life outcomes. One primary explanation is the critical role these experiences play in children's early brain development (including their early language and cognitive abilities) and subsequent schooling achievement. The current study is a registered report with two complementary research objectives: (1) examine to what extent stimulating and responsive interactions with mothers and nonparental caregivers during the first 3 years of life show additive or synergistic associations with key socioeconomic outcomes in adulthood (i.e., educational attainment, salary, and employment status), and (2) examine to what extent academic skills (i.e., mathematics, vocabulary, and literacy) during childhood and adolescence mediate these associations. The sample included 1364 individuals from a birth cohort study who were followed until age 26. Mother–child interactions had positive associations with educational attainment and negative associations with full-time employment, though no synergistic associations were found for the socioeconomic outcomes. In addition, the indirect effects of mother–child interactions on educational attainment through mathematics were strongest for children with less stimulating and responsive caregiver–child interactions. Potential implications of these findings for developmental theory are discussed.","2024","2026-03-30 02:05:44","2026-07-17 08:10:30","2026-03-30 02:05:44","e2406","","2","33","","","","44","","","","","","en","© 2023 The Authors. Infant and Child Development published by John Wiley & Sons Ltd.","","","","Wiley Online Library","","_eprint: https://onlinelibrary.wiley.com/doi/pdf/10.1002/icd.2406","","C:\Users\moin\Zotero\storage\AJD65QV4\Duncan et al. - 2024 - Additive and synergistic relations of early mother–child and caregiver–child interactions and socioe.pdf","","Registered Report","academic achievement; caregiver–child interactions; mother–child interactions; socioeconomic status","","","","","","","","","","","","","","","","","","","","","","","","","","","","","","","","","","","","","","","","","","","","","",""
"KHYX27UX","journalArticle","2022","Rambo-Hernandez, Karen E.; Makel, Matthew C.; Peters, Scott J.; Worley, Cristina","Differential return on investment: Academic growth in mathematics and reading based on initial performance","British Journal of Educational Psychology","","2044-8279","10.1111/bjep.12479","https://onlinelibrary.wiley.com/doi/abs/10.1111/bjep.12479","Background Students vary in their initial achievement when they enter school and their rate of academic growth as they move through school. These differences have implications for classroom instruction and educational policy. Although previous research has examined initial achievement and growth differences, a gap remains in understanding how initial level of achievement interacts with subsequent growth as children move through school. Aim Using Vygotsky’s zone of proximal development (ZPD) and return on investment as theoretical grounding, this registered report examined how students’ initial academic performance relative to their school predicts their subsequent academic achievement. The stage 1 accepted registered report is available at https://osf.io/9zmak/. Specifically, we tracked the achievement of a cohort of students who started at or above their school’s mean at the beginning of third grade and tested a range of hypotheses regarding their achievement and growth as well as which students showed the greatest gains from their time in school. Sample Using a large database of student academic achievement in the United States, this registered report included de-identified data from all students from fall 2014 to spring 2017 in grades three through five from the ten US states with the highest participation for the Northwest Evaluation Association’s Measures of Academic Progress (MAP®) – a computer adaptive test of academic achievement in mathematics and reading. Because the MAP is taken at least twice per school year, up to six scores were included on mathematics and reading achievement for effective samples of approximately 220,000 students. Method We built separate reading and mathematics three-level piecewise longitudinal hierarchical linear models (student repeated measures, nested within students, nested within schools) to model student growth from the beginning of third grade to the end of fifth grade (i.e., three academic years and two summers). Results For both mathematics and reading, average student achievement growth slowed as they progressed from third through fifth grade. From there, the findings diverged. In mathematics, student growth was mostly similar across achievement levels and grades from third through fifth. However, in reading, above-average students demonstrated slower growth than average students during the school year but faster growth during the summer. Also of note, at the beginning of third grade, the highest achieving students outscored average students in their school by more than 2 years in mathematics and 3 years in reading. Conclusions Our results may be able to be explained via a ZPD model, which posits development only occurs when students are placed in appropriately challenging environments. In mathematics, the observed pattern of relatively consistent growth across achievement levels suggests average students were just as likely to be in their ZPD as higher achieving students. In reading, as initial achievement increased, student reading growth slowed, which suggests the higher the initial achievement, the less likely students were to be in their ZPD. If a goal of education is for students to learn new things, our results suggest existing school offerings in reading are not meeting that goal equitably for students across the performance spectrum. Differential growth patterns should be considered when designing learning experiences for students who enter with a wide range of prior mastery.","2022","2026-03-30 01:59:17","2026-07-14 08:59:03","2026-03-30 01:59:17","817-842","","3","92","","","Differential return on investment","3","","","","","","en","© 2021 British Psychological Society.","","","","Wiley Online Library","","_eprint: https://bpspsychub.onlinelibrary.wiley.com/doi/pdf/10.1111/bjep.12479","","C:\Users\moin\Zotero\storage\3A5ES3SZ\bjep.html","","Registered Report","","","","","","","","","","","","","","","","","","","","","","","","","","","","","","","","","","","","","","","","","","","","","","",""
"LQ4TVJSJ","journalArticle","2021","Lazić, Aleksandra; Kalinova, Kalina Nikolova; Packer, Jali; Pae, Riinu; Petrović, Marija B.; Popović, Dora; Sievert, D. Elisabeth C.; Stafford-Johnson, Natalie","Social nudges for vaccination: How communicating herd behaviour influences vaccination intentions","British Journal of Health Psychology","","2044-8287","10.1111/bjhp.12556","https://onlinelibrary.wiley.com/doi/abs/10.1111/bjhp.12556","Objectives This Registered Report attempted to conceptually replicate the finding that communicating herd immunity increases vaccination intentions (Betsch, et al., 2017, Nat. Hum. Behav., 0056). An additional objective was to explore the roles of descriptive social norms (vaccination behaviour of others) and the herd-immunity threshold (coverage needed to stop disease transmission). Design An online experiment with a 2 (herd-immunity explanation: present vs. absent) × 3 (descriptive norm: high vs. low vs. absent) × 2 (herd-immunity threshold: present vs. absent) between-subjects fractional design. Methods Sample consisted of 543 people (aged 18–64) residing in the United Kingdom. Participants first received an explanation of herd immunity emphasising social benefits (protecting others) in both textual and animated-infographic form. Next, they were faced with fictitious information about the disease, the vaccine, their country’s vaccination coverage (80% or 20%), and the herd-immunity threshold (90%). Vaccination intention was self-rated. Results Compared to the control, communicating social benefits of herd immunity was effective in increasing vaccination intentions (F(1,541) = 6.97, p = .009, Partial Eta-Squared = 0.013). Communicating the descriptive norm or the herd-immunity threshold alongside the herd-immunity explanation demonstrated no observable effect. Conclusion Communicating social benefits of herd immunity increased self-reported vaccination intentions against a fictitious disease, replicating previous findings. Although this result is positive, the practical relevance may be limited. Further research into the effect of social nudges to motivate vaccination is required, particularly with respect to the recent pandemic context and varying levels of vaccine hesitancy.","2021","2026-03-30 01:54:43","2026-07-14 08:59:07","2026-03-30 01:54:43","1219-1237","","4","26","","","Social nudges for vaccination","4","","","","","","en","© 2021 The Authors. British Journal of Health Psychology published by John Wiley & Sons Ltd on behalf of British Psychological Society.","","","","Wiley Online Library","","_eprint: https://bpspsychub.onlinelibrary.wiley.com/doi/pdf/10.1111/bjhp.12556","","C:\Users\moin\Zotero\storage\2GQQS8P8\Lazić et al. - 2021 - Social nudges for vaccination How communicating herd behaviour influences vaccination intentions.pdf; C:\Users\moin\Zotero\storage\7IN7NZKD\bjhp.html","","Registered Report","","","","","","","","","","","","","","","","","","","","","","","","","","","","","","","","","","","","","","","","","","","","","","",""
"KE2D6X2K","journalArticle","2023","Wisniewski, David; Rigoni, Davide; Vermeylen, Luc; Braem, Senne; Abrahamse, Elger; Brass, Marcel","The impact of free will beliefs on implicit learning","Consciousness and Cognition","","10538100","10.1016/j.concog.2022.103448","https://linkinghub.elsevier.com/retrieve/pii/S1053810022001805","A growing number of studies demonstrate that belief in free will (FWB) is dynamic, and can be reduced experimentally. Most of these studies assume that doing so has beneficial effects on behavior, as FWBs are thought to subdue unwanted automatic processes (e.g. racial stereotypes). However, relying on automatic processes can sometimes be advantageous, for instance during implicit learning (e.g. detecting and exploiting statistical regularities in the environment). In this registered report, we tested whether experimentally reducing FWBs positively affected implicit motor learning. We hypothesized that reducing FWBs would lead to both faster and stronger implicit learning, as measured using the alternating serial reaction time (ASRT) task. While we did show a manipulation effect on free will beliefs, there was no detectable effect on implicit learning processes. This finding adds to the growing body of evidence that free will belief manipulations do not meaningfully affect downstream behavior.","2023-01","2026-03-30 01:50:05","2026-07-14 12:40:41","2026-03-30 01:50:05","103448","","","107","","Consciousness and Cognition","","18","","","","","","en","","","","","DOI.org (Crossref)","","","","C:\Users\moin\Zotero\storage\YCJ6UJVE\Wisniewski et al. - 2023 - The impact of free will beliefs on implicit learning.pdf","","Registered Report","","","","","","","","","","","","","","","","","","","","","","","","","","","","","","","","","","","","","","","","","","","","","","",""
"NCD5VPU2","journalArticle","2021","Levin, Fedor; Fiedler, Susann; Weber, Bernd","Positivity effect and decision making in ageing","Cognition and Emotion","","0269-9931","10.1080/02699931.2021.1884533","https://doi.org/10.1080/02699931.2021.1884533","Across various contexts, older adults demonstrate a positivity effect – an age-related increase in a relative bias toward positive emotional stimuli as compared to negative stimuli. Previous research has demonstrated how this effect can influence decision making processes, specifically information search and choice satisfaction. However, the potential impact of the positivity effect and resulting age differences in information acquisition on decision quality has not been conclusively determined. We conducted an online decision making study comprising choices among charitable organisations with 152 younger and 152 older adults to investigate this relationship. We did not observe the positivity effect defined as higher positivity bias in older compared to younger adults. On the contrary, younger adults showed a slightly higher positivity bias. We also did not observe a link between a bias in information search toward positive or negative stimuli and decision quality. The results replicate the link between positivity bias and decision satisfaction. Older and younger adults did not differ in their decision quality. Finally, the findings did not support a potential influence of loss prevention orientation. Further research is required to address the factors that could influence the positivity effect in decision making.","2021-05-19","2026-03-30 01:47:04","2026-07-14 08:59:33","2026-03-30 01:47:04","790-804","","4","35","","","","9","","","","Routledge","","","","","","","Taylor and Francis+NEJM","","_eprint: https://doi.org/10.1080/02699931.2021.1884533","","C:\Users\moin\Zotero\storage\QUCCKMQE\Levin et al. - 2021 - Positivity effect and decision making in ageing.pdf","","Registered Report","information search; ageing; decision making; Positivity effect","","","","","","","","","","","","","","","","","","","","","","","","","","","","","","","","","","","","","","","","","","","","","",""
"M4M8G84H","journalArticle","2022","Lubczyk, Till; Lukács, Gáspár; Ansorge, Ulrich","Speed versus accuracy instructions in the response time concealed information test","Cognitive Research: Principles and Implications","","2365-7464","10.1186/s41235-021-00352-8","https://doi.org/10.1186/s41235-021-00352-8","The response time concealed information test (RT-CIT) can reveal that a person recognizes a relevant item (probe) among other, irrelevant items, based on slower responding to the probe compared to the irrelevant items. Thereby, if this person is concealing knowledge about the relevance of this item (e.g., recognizing it as a murder weapon), this deception can be unveiled. In the present paper, we examined the impact of a speed versus accuracy instruction: Examinees (N = 235) were either presented with instructions emphasizing a focus on speed, with instructions emphasizing a focus on accuracy, or with no particular speed or accuracy instructions at all. We found that although participants responded to the probe and the irrelevants marginally faster when they had received instructions emphasizing speed, there was no significant difference between RTs of the different experimental groups and crucially no significant difference between the probe–irrelevant RT differences either. This means that such instructions are unlikely to benefit the RT-CIT, but it also suggests that related deliberate manipulation (focusing on speed on or accuracy) is unlikely to decrease the efficiency of the RT-CIT—contributing further evidence to the RT-CIT’s resistance to faking.","2022-01-10","2026-03-29 20:52:49","2026-07-14 12:40:18","2026-03-29 20:52:49","3","","1","7","","Cogn. Research","","13","","","","","","en","","","","","Springer Link","","","","C:\Users\moin\Zotero\storage\G6BUELP6\Lubczyk et al. - 2022 - Speed versus accuracy instructions in the response time concealed information test.pdf","","Registered Report","Decision making; Deception; Response time; Concealed information test; Speed–accuracy trade-off","","","","","","","","","","","","","","","","","","","","","","","","","","","","","","","","","","","","","","","","","","","","","",""
"KHF92SKR","journalArticle","2022","Fan, Lei; Tybur, Joshua M.; Jones, Benedict C.","Are people more averse to microbe-sharing contact with ethnic outgroup members? A registered report","Evolution and Human Behavior","","10905138","10.1016/j.evolhumbehav.2022.08.007","https://linkinghub.elsevier.com/retrieve/pii/S1090513822000514","Intergroup biases are widespread across cultures and time. The current study tests an existing hypothesis that has been proposed to explain such biases: the mind has evolved to interpret outgroup membership as a cue to pathogen threat. In this registered report, we test a core feature of this hypothesis. Adapting methods from earlier work, we examine (1) whether people are less comfortable with microbe-sharing contact with an ethnic outgroup member than an ethnic ingroup member, and (2) whether this difference is exacerbated by additional visual cues to a target’s infectiousness. Using Chinese (N = 1533) and British (N = 1371) samples recruited from the online platforms WJX and Prolific, we assessed contact comfort with targets who were either East Asian or White and who were either modified to have symptoms of infection or unmodified (or, for exploratory purposes, modified to wear facemasks). Contact comfort was lower for targets modified to have symptoms of infection. However, we detected no differences in contact comfort with ethnic-ingroup targets versus ethnic-outgroup targets. These results do not support the hypothesis that people interpret ethnic outgroup membership alone as a cue to infection risk.","2022-11","2026-03-29 20:48:13","2026-07-17 08:03:19","2026-03-29 20:48:13","490-500","","6","43","","Evolution and Human Behavior","Are people more averse to microbe-sharing contact with ethnic outgroup members?","42","","","","","","en","","","","","DOI.org (Crossref)","","","","C:\Users\moin\Zotero\storage\W59CUNP5\Fan et al. - 2022 - Are people more averse to microbe-sharing contact with ethnic outgroup members A registered report.pdf","","Registered Report","","","","","","","","","","","","","","","","","","","","","","","","","","","","","","","","","","","","","","","","","","","","","","",""
"KCEYJYBL","journalArticle","2021","Havron, Naomi; Babineau, Mireille; Christophe, Anne","18-month-olds fail to use recent experience to infer the syntactic category of novel words","Developmental Science","","1467-7687","10.1111/desc.13030","https://onlinelibrary.wiley.com/doi/abs/10.1111/desc.13030","Infants are able to use the contexts in which familiar words appear to guide their inferences about the syntactic category of novel words (e.g. ‘This is a’ + ‘dax’ -> dax = object). The current study examined whether 18-month-old infants can rapidly adapt these expectations by tracking the distribution of syntactic structures in their input. In French, la petite can be followed by both nouns (la petite balle, ‘the little ball’) and verbs (la petite mange, ‘the little one is eating’). Infants were habituated to a novel word, as well as to familiar nouns or verbs (depending on the experimental group), all appearing after la petite. The familiar words served to create an expectation that la petite would be followed by either nouns or verbs. If infants can utilize their knowledge of a few frequent words to adjust their expectations, then they could use this information to infer the syntactic category of a novel word – and be surprised when the novel word is used in a context that is incongruent with their expectations. However, infants in both groups did not show a difference between noun and verb test trials. Thus, no evidence for adaptation-based learning was found. We propose that infants have to entertain strong expectations about syntactic contexts before they can adapt these expectations based on recent input.","2021","2026-03-29 16:19:19","2026-07-17 08:00:07","2026-03-29 16:19:19","e13030","","2","24","","","","39","","","","","","en","© 2020 John Wiley & Sons Ltd","","","","Wiley Online Library","","_eprint: https://onlinelibrary.wiley.com/doi/pdf/10.1111/desc.13030","","C:\Users\moin\Zotero\storage\3FXDMY33\Havron et al. - 2021 - 18-month-olds fail to use recent experience to infer the syntactic category of novel words.pdf; C:\Users\moin\Zotero\storage\H4B2WJN5\desc.html","","Registered Report","prediction; language acquisition; infants speech processing; syntactic adaptation; syntactic bootstrapping; word categorization","","","","","","","","","","","","","","","","","","","","","","","","","","","","","","","","","","","","","","","","","","","","","",""
"MF58PG6F","journalArticle","2020","Landwehr, Jan R.; Eckmann, Lisa","The nature of processing fluency: Amplification versus hedonic marking","Journal of Experimental Social Psychology","","00221031","10.1016/j.jesp.2020.103997","https://linkinghub.elsevier.com/retrieve/pii/S0022103119302732","When processing an object, the human cognitive system instantaneously produces a latent experience of processing ﬂuency that has been shown to inﬂuence a wide variety of judgments (e.g., liking, beauty, truth, safety, trustworthiness, etc.). The majority of ﬁndings revolve around the idea that ﬂuent processing is hedonically positive and shifts evaluative judgments in the positive direction (the “Hedonic Fluency Model”). However, other ﬁndings indicate that ﬂuency can intensify existing judgmental tendencies in the positive and negative directions (the “Fluency Ampliﬁcation Model”). In two exploratory studies and three conﬁrmatory studies submitted as a registered report, the present paper examines whether ﬂuency hedonically upshifts evaluative judgments or whether it bidirectionally ampliﬁes them. All ﬁve studies indicate that both mechanisms seem to be at work simultaneously. These ﬁndings challenge the previously assumed unidimensional nature of ﬂuency and call for an advancement of the current theories of processing ﬂuency.","2020-09","2026-03-29 16:13:54","2026-07-17 08:15:39","2026-03-29 16:13:54","103997","","","90","","Journal of Experimental Social Psychology","The nature of processing fluency","54","","","","","","en","","","","","DOI.org (Crossref)","","","","C:\Users\moin\Zotero\storage\A3MGRC9R\Landwehr and Eckmann - 2020 - The nature of processing fluency Amplification versus hedonic marking.pdf","","Registered Report","","","","","","","","","","","","","","","","","","","","","","","","","","","","","","","","","","","","","","","","","","","","","","",""
"N87KV3NW","journalArticle","2024","Abado, Elinor; Aue, Tatjana; Pourtois, Gilles; Okon-Singer, Hadas","Expectancy and attention bias to spiders: Dissecting anticipation and allocation processes using ERPs","Psychophysiology","","0048-5772","10.1111/psyp.14546","","The current registered report focused on the temporal dynamics of the relationship between expectancy and attention toward threat, to better understand the mechanisms underlying the prioritization of threat detection over expectancy. In the current event-related potentials experiment, a-priori expectancy was manipulated, and attention bias was measured, using a well-validated paradigm. A visual search array was presented, with one of two targets: spiders (threatening) or birds (neutral). A verbal cue stating the likelihood of encountering a target preceded the array, creating congruent and incongruent trials. Following cue presentation, preparatory processes were examined using the contingent negative variation (CNV) component. Following target presentation, two components were measured: early posterior negativity (EPN) and late positive potential (LPP), reflecting early and late stages of natural selective attention toward emotional stimuli, respectively. Behaviorally, spiders were found faster than birds, and congruency effects emerged for both targets. For the CNV, a non-significant trend of more negative amplitudes following spider cues emerged. As expected, EPN and LPP amplitudes were larger for spider targets compared to bird targets. Data-driven, exploratory, topographical analyses revealed different patterns of activation for bird cues compared to spider cues. Furthermore, 400-500 ms post-target, a congruency effect was revealed only for bird targets. Together, these results demonstrate that while expectancy for spider appearance is evident in differential neural preparation, the actual appearance of spider target overrides this expectancy effect and only in later stages of processing does the cueing effect come again into play.","2024-06","2026-03-25 20:24:07","2026-07-17 09:25:02","","","","6","61","","","","95","","","","WILEY","","English","","","","","","","Place: 111 RIVER ST, HOBOKEN 07030-5774, NJ USA Type: Article","","C:\Users\moin\Zotero\storage\LLDDXT5X\Abado et al. - 2024 - Expectancy and attention bias to spiders Dissecting anticipation and allocation processes using ERP.pdf","","Registered Report","","","","","","","","","","","","","","","","","","","","","","","","","","","","","","","","","","","","","","","","","","","","","","",""
"MIAK3IDT","journalArticle","2025","Muller-Boysen, Thekla; Pirla, Sergio; Pfattheicher, Stefan","On the relation between boredom and social behavior: A registered report","Journal of Experimental Social Psychology","","0022-1031","10.1016/j.jesp.2025.104804","","Boredom plays an essential role in everyday life and is a powerful motivator. This registered report investigated the interpersonal consequences of boredom. We recruited participants online (N = 3568) and ran one experiment manipulating boredom with three variations of behavioral options as dependent variables: 1) prosocial and nonsocial, 2) antisocial and non-social, and 3) prosocial, antisocial, and non-social. First, we tested whether boredom increases the likelihood of individuals engaging in any type of behavior, including both social and non-social alternatives. We found no significant main effect of boredom on behavior. Second, we tested whether boredom increases the likelihood of individuals engaging in prosocial or antisocial behavior. No clear evidence emerged for a total effect of boredom on prosocial or antisocial behavior. Moderation analyses revealed no significant effect of the prosocial personality trait Honestly-Humility, and the antisocial personality trait D. In addition, mediation analyses showed that boredom reduces individuals' sense of agency, which in turn is associated with increased prosocial and antisocial behavior; boredom also reduces a sense of meaning, which in turn relates to increased prosocial behavior when only this social option is presented. Overall, this study examined the motivational aspect of boredom with regard to social behavior and the role of personality traits as moderators and lack of agency and meaning as mediators.","2025-11","2026-03-25 20:24:06","2026-07-17 09:20:42","","","","","121","","","","52","","","","ACADEMIC PRESS INC ELSEVIER SCIENCE","","English","","","","","","","Place: 525 B ST, STE 1900, SAN DIEGO, CA 92101-4495 USA Type: Article","","C:\Users\moin\Zotero\storage\DYS325HM\Muller-Boysen et al. - 2025 - On the relation between boredom and social behavior A registered report.pdf","","Registered Report","","","","","","","","","","","","","","","","","","","","","","","","","","","","","","","","","","","","","","","","","","","","","","",""
"S9X34WM7","journalArticle","2023","Basanovic, Julian; Dondzilo, Laura; Rudaizky, Daniel; Van Bockstaele, Bram","Reliability and convergence of approach/avoidance bias assessment tasks in the food consumption domain","Quarterly Journal of Experimental Psychology","","1747-0218","10.1177/17470218221108270","https://doi.org/10.1177/17470218221108270","Theories of motivation posit that people will more readily approach positive or appetitive stimuli, and there has been growing interest in the relationship between biases in approach and avoidance behaviours for food cues and food craving and consumption behaviour. Two paradigms commonly employed by research to investigate this relationship are the approach-avoidance task (AAT) and the stimulus-response compatibility task (SRCT). However, it is yet to be determined whether the measures yielded by these tasks reflect the same processes operating in the food craving and consumption domain. The present study examined the internal reliability and convergence of AAT and SRCT paradigms in their assessment of biased approach to unhealthy compared with healthy food stimuli, and whether the measures yielded by the AAT and SRCT paradigms demonstrated associations with individual differences in food craving and eating behaviour. One hundred twenty-one participants completed an SRCT, an AAT using an arm movement response mode, and an AAT using a key-press response mode. The measures yielded comparable and acceptable levels of internal consistency, but convergence between the different task bias scores was modest or absent, and only approach bias as measured with the AAT task using an arm movement response mode was associated with self-report measures of eating behaviour and trait food craving. Thus, tasks did not converge strongly enough to be considered equivalent measures of approach/avoidance biases, and the AAT task using an arm movement response seems uniquely suited to detect approach biases argued to characterise maladaptive eating behaviour and craving.","2023-05-01","2026-03-30 02:05:40","2026-07-17 08:07:03","2026-03-30 02:05:40","968-978","","5","76","","","","97","","","","SAGE Publications","","EN","","","","","SAGE Journals","","","","C:\Users\moin\Zotero\storage\QPLPHLYA\Basanovic et al. - 2023 - Reliability and convergence of approachavoidance bias assessment tasks in the food consumption doma.pdf","","Registered Report","","","","","","","","","","","","","","","","","","","","","","","","","","","","","","","","","","","","","","","","","","","","","","",""
"SA7CM5A2","journalArticle","2022","Metcalf, Stacy; Dickerson, Kelli L.; Lavoie, Jennifer; Quas, Jodi A.","The COVID-19 pandemic and lay perceptions of poverty and neglect","Law and Human Behavior","","1573-661X","10.1037/lhb0000491","","Objectives: In cases of child neglect, intervention depends on accurate identification and reporting. Prior work has shown that individuals, especially those of high socioeconomic status (SES), conflate poverty and neglect when making identification and reporting decisions. The COVID-19 pandemic led to changes in people’s experiences with poverty, likely influencing their ability to distinguish poverty in families and neglectful parenting. Hypotheses: Two studies tested the impact of COVID-19 on laypersons’ perceptions of neglect, likelihood of reporting neglect, and attributions of blame for neglect. We hypothesized that laypersons would conflate poverty with neglect, that COVID-19 would be associated with a decreased likelihood of doing so, and that attributions of blame would mediate the latter tendency. Method: Adults read vignettes about a mother’s care of her daughter and responded to questions about the mother’s neglectfulness and their reporting likelihood. Study 1 (N = 676, Mage = 38.80, 48.08% women) compared responses collected before COVID-19 (August 2018) to responses from a separate set of adults collected during COVID-19 (November–December 2020). Study 2 (N = 704, Mage = 43.88, 63.49% women) manipulated mention of COVID-19 to assess whether cuing the pandemic affected identification and reporting, and measured attributions of blame to assess whether they explained the relation between COVID-19 and perceptions of neglect. Results: Whereas most laypersons distinguished situations with versus without neglect, some conflated poverty with neglect when making identification and reporting decisions. However, COVID-19 did not have a direct impact on identification or reporting decisions. Attributions of blame partially explained laypersons’ perceptions of situations as neglectful and as warranting reporting. Laypersons’ current SES and perceptions of COVID-19 in 2020 were positively associated with identification and reporting. Conclusions: Laypersons in part mistake poverty for neglect, and COVID-19 had indirect effects on perceptions of neglect and reporting decisions. Public education efforts may help improve identification of vulnerable children by laypersons. (PsycInfo Database Record (c) 2025 APA, all rights reserved)","2022","2026-03-30 01:59:15","2026-07-17 08:23:56","","245-263","","4","46","","","","66","","","","Educational Publishing Foundation","","","","","","","APA PsycNet","","Place: US","","C:\Users\moin\Zotero\storage\PD6CWXT8\Metcalf et al. - 2022 - The COVID-19 pandemic and lay perceptions of poverty and neglect.pdf","","Registered Report","Poverty; Socioeconomic Status; Attribution; Pandemics; COVID-19; Blame; Child Abuse; Child Abuse Reporting; Child Neglect","","","","","","","","","","","","","","","","","","","","","","","","","","","","","","","","","","","","","","","","","","","","","",""
"QABLGJ33","journalArticle","2021","Mertens, Gaëtan; Bouwman, Vera; Engelhard, Iris M.","Conceptual fear generalization gradients and their relationship with anxious traits: Results from a Registered Report","International Journal of Psychophysiology","","01678760","10.1016/j.ijpsycho.2021.09.007","https://linkinghub.elsevier.com/retrieve/pii/S0167876021008850","A hallmark symptom of fear and anxiety disorder is generalization of fear to essentially innocuous stimuli and situations. Such generalization can occur through both perceptual and conceptually similarities. Recent studies indicate that perceptual generalization is inflated in anxiety patients and individuals prone to develop anxiety disorders, suggesting that perceptual generalization may be involved in the etiology of anxiety disorders. In the current Registered Report, we wanted to address whether conceptual generalization is potentially implicated in the development of anxiety disorders as well. Therefore, we used a novel paradigm in which the Dutch word mini [tiny] or enorm [enormous] was paired with an electric shock and assessed fear to the conceptually related words klein [small], medium [medium], and groot [large]. The sample (N = 120) consisted of healthy university students. As hypothesized, we observed clear conceptual fear generalization gradients using both self-report and psychophysiological measures. However, in contrast to our expectations, these conceptual generalization gradients were not correlated with different anxious traits (i.e., trait anxiety, intolerance of uncertainty, and behavioral inhibition). These results show that fear can generalize conceptually along a gradient, without requiring perceptual errors as postulated by traditional models of fear generalization. Instead, our results correspond well with inferential reasoning theories of fear generalization. Additionally, we discuss potential reasons for the absence of the expected correlations between conceptual fear generalization and anxious traits, such as restricted variability in both the generalization task and the sample. We conclude that the paradigm has promise for further research on conceptual fear generalization.","2021-12","2026-03-30 01:30:41","2026-07-17 08:23:38","2026-03-30 01:30:41","43-50","","","170","","International Journal of Psychophysiology","Conceptual fear generalization gradients and their relationship with anxious traits","47","","","","","","en","","","","","DOI.org (Crossref)","","","","C:\Users\moin\Zotero\storage\RTH6I844\Mertens et al. - 2021 - Conceptual fear generalization gradients and their relationship with anxious traits Results from a.pdf","","Registered Report","","","","","","","","","","","","","","","","","","","","","","","","","","","","","","","","","","","","","","","","","","","","","","",""
"RUSYVYKY","journalArticle","2022","Li, Jianan; Jongerling, Joran; Dijkstra, Katinka; Zwaan, Rolf","The Influence of Utterance-Related Factors on the Use of Direct and Indirect Speech","Collabra: Psychology","","2474-7394","10.1525/collabra.33631","https://doi.org/10.1525/collabra.33631","People routinely shift between direct and indirect speech in everyday communication. The factors that impact the selection between these two modes of reporting during language production are under-investigated. The present study examined how utterance-related factors (the vividness of non-verbal information and the utterance type) influence the use of direct and indirect reported speech in narratives. Participants were asked to watch and retell four movie clips. All narratives were videotaped and then transcribed verbatim for analyses. The data were analyzed using a mixed effects logistic regression model. The results showed that the utterances accompanied by vivid voice were more likely to be reported in direct speech. The vividness of facial expressions did not influence the form in which utterances were reported. In addition, we found that utterances that belonged to so-called Main Clause Phenomena were more likely to be reported in direct speech than in indirect speech. The current study helps us further understand the factors that influence structure choices during language production.","2022-03-28","2026-03-30 01:26:49","2026-07-14 12:40:29","2026-03-30 01:26:49","33631","","1","8","","Collabra: Psychology","","16","","","","","","","","","","","Silverchair","","","","C:\Users\moin\Zotero\storage\5WNMJTVY\Li et al. - 2022 - The Influence of Utterance-Related Factors on the Use of Direct and Indirect Speech.pdf; C:\Users\moin\Zotero\storage\CCWAHQ8C\The-Influence-of-Utterance-Related-Factors-on-the.html","","Registered Report","","Perfors, Andrew","","","","","","","","","","","","","","","","","","","","","","","","","","","","","","","","","","","","","","","","","","","","",""
"PWTM9QM4","journalArticle","2023","McKinley, Geoffrey L.; Peterson, Daniel J.","Using objective measures to examine the effect of suspect-filler similarity on eyewitness identification performance - Final Registered Report","Cognitive Research: Principles and Implications","","2365-7464","10.1186/s41235-023-00522-w","https://doi.org/10.1186/s41235-023-00522-w","When selecting fillers to include in a police lineup, one must consider the level of similarity between the suspect and potential fillers. In order to reduce misidentifications, an innocent suspect should not stand out. Therefore, it is important that the fillers share some degree of similarity. Importantly, increasing suspect–filler similarity too much will render the task too difficult reducing correct identifications of a guilty suspect. Determining how much similarity yields optimal identification performance is the focus of the proposed study. Extant research on lineup construction has provided somewhat mixed results. In part, this is likely due to the subjective nature of similarity, which forces researchers to define similarity in relative terms. In the current study, we manipulate suspect–filler similarity via a multidimensional scaling model constructed using objective facial measurements. In doing so, we test the “propitious heterogeneity” and the diagnostic-feature-detection hypotheses which predict an advantage of lineups with low-similarity fillers in terms of discriminability. We found that filler similarity did not affect discriminability. We discuss limitations and future directions.","2023-11-06","2026-03-29 20:52:58","2026-07-14 12:40:22","2026-03-29 20:52:58","68","","1","8","","Cogn. Research","","14","","","","","","en","","","","","Springer Link","","","","C:\Users\moin\Zotero\storage\2AMYSQAF\McKinley and Peterson - 2023 - Using objective measures to examine the effect of suspect-filler similarity on eyewitness identifica.pdf","","Registered Report","Eyewitness memory; Lineup construction; Multidimensional scaling; Similarity","","","","","","","","","","","","","","","","","","","","","","","","","","","","","","","","","","","","","","","","","","","","","",""
"Q4JRWG9V","journalArticle","2025","Weinstein, Netta; Itzchakov, Guy","Empathic listening satisfies speakers' psychological needs and well-being, but doesn't directly deepen solitude experiences: A registered report☆","Journal of Experimental Social Psychology","","0022-1031","10.1016/j.jesp.2024.104716","","A live discussion experiment was designed to test the effects of highly empathic (vs. moderately empathic) listening on solitude experiences. Participants were assigned to three conditions in which they: 1) Discussed a negative personal experience with a confederate (ostensibly another participant) exhibiting highly empathic listening; 2) Discussed an experience with a confederate exhibiting moderately empathic listening; or, 3) Engaged in a positive reframing exercise. Building on previous listening theory (Weinstein et al., 2022) and research (Itzchakov & Weinstein, 2021; Itzchakov, Weinstein, et al., 2022). We then assessed the two posited mechanisms of autonomy and relatedness and tested the expectations to be in solitude. All participants were instructed to spend ten minutes alone, phones off, and distractions stored away. While highly empathic listening enhanced participants' (i.e. speakers) autonomy and relatedness need satisfaction compared to the other two conditions and predicted initial increases in self- and social-connection, it did not subsequently improve solitude experiences, with no direct effects found predicting self-connection, peaceful affect, loneliness, or self-insight. Indirect effects linked empathic listening to self-connection and self-insight through autonomy satisfaction. While empathic listening fosters immediate psychological need satisfaction in social contexts, deeper listening interventions may be necessary to improve subsequent solitude periods.","2025-03","2026-03-25 20:24:08","2026-07-17 09:20:32","","","","","117","","","","50","","","","ACADEMIC PRESS INC ELSEVIER SCIENCE","","English","","","","","","","Place: 525 B ST, STE 1900, SAN DIEGO, CA 92101-4495 USA Type: Article","","C:\Users\moin\Zotero\storage\4U9KDJAD\Weinstein and Itzchakov - 2025 - Empathic listening satisfies speakers' psychological needs and well-being, but doesn't directly deep.pdf","","Registered Report","","","","","","","","","","","","","","","","","","","","","","","","","","","","","","","","","","","","","","","","","","","","","","",""
"S4KDIZY5","journalArticle","2023","Silas, Jonathan; Jones, Alexander; Yarrow, Kielan; Anderson, Wayne","Spatial attention is not affected by alpha or beta transcranial alternating current stimulation: A registered report","Cortex","","0010-9452","10.1016/j.cortex.2023.03.011","","Using Electroencephalography (EEG) an event-related change in alpha activity has been observed over primary sensory cortices during the allocation of spatial attention. This is most prominent during top-down, or endogenous, attention, and nearly absent in bottom-up, or exogenous orienting. These changes are highly lateralised, such that an increase in alpha power is seen ipsilateral to the attended region of space and a decrease is seen contralaterally. Whether these changes in alpha oscillatory activity are causally related to attentional re-sources, or to perceptual processes, or are simply epiphenomenal, is unknown. If alpha oscil-lations are indicative of a causal mechanism whereby attention is allocated to a region of space, it remains an open question as to whether this is driven by ipsilateral increases or contralateral decreases in alpha power. This preregistered report set out to test these questions. To do so, we used transcranial Alternating Current Stimulation (tACS) to modulate alpha activity in the somatosensory cortex whilst measuring performance on established tactile attention para-digms. All participants completed an endogenous and exogenous tactile attention task in three stimulation conditions; alpha, sham and beta. Sham and beta stimulation operated as controls so that any observed effects could be attributed to alpha stimulation specifically. We replicated previous behavioural findings in all stimulation conditions showing a facilitation of cued trials in the endogenous task, and inhibition of return in the exogenous task. However, these were not affected by stimulation manipulations. Using Bayes-factor analysis we show strong sup-port for the null hypotheses -that the manipulation of Alpha by tACS does not cause changes in tactile spatial attention. This well-powered study, conducted over three separate days, is an important contribution to the current debate regarding the efficiency of brain stimulation.(c) 2023 The Author(s). Published by Elsevier Ltd. This is an open access article under the CC BY license (http://creativecommons.org/licenses/by/4.0/).","2023-07","2026-03-25 20:24:08","2026-07-17 09:19:21","","33-50","","","164","","","","31","","","","ELSEVIER MASSON, CORP OFF","","English","","","","","","","Place: 65 CAMILLE DESMOULINS CS50083 ISSY-LES-MOULINEAUX, 92442 PARIS, FRANCE Type: Article","","C:\Users\moin\Zotero\storage\E6SMFBZR\Silas et al. - 2023 - Spatial attention is not affected by alpha or beta transcranial alternating current stimulation A r.pdf","","Registered Report","","","","","","","","","","","","","","","","","","","","","","","","","","","","","","","","","","","","","","","","","","","","","","",""
"PRFIFLVE","journalArticle","2025","Leu, Chiara; Forest, Sebastien; Legrain, Valery; Liberati, Giulia","The effect of stimulus saliency on the modulation of ongoing neural oscillations related to thermonociception: A registered report","Cortex","","0010-9452","10.1016/j.cortex.2025.02.009","","Ongoing oscillations have been shown to be modulated in different frequency bands following phasic, tonic as well as periodic thermonociceptive stimulation. Yet, it remains unclear whether these modulations are related to pain perception, saliency (i.e., the ability of a stimulus to stand out from its environment) or solely the intensity of these stimuli. Thirty-five participants were recruited to investigate the relationship between pain perception and ongoing oscillations as well as the factors likely to modulate them, combining a sustained periodic thermonociceptive stimulation paradigm including periodic oddball events with a frequency-tagging analysis approach. Oddballs were delivered either at a higher or lower intensity (”high oddball” versus “low oddball” condition) than baseline stimuli. Continuous ratings of pain perception were collected during the stimulation to track participants' perception. Despite the stimuli being barely perceived as painful (hence relating predominantly to thermonociception), the continuous ratings of perception clearly reflected the variations of stimulus intensity, but only in the “high oddball” condition. Consistently, the oddball stimulus modulated ongoing oscillations in the “high oddball”, but not in the “low oddball” condition. Because of the lack of differentiation between baseline and oddball cycles in the “low oddball” condition- both in perception and at the neural level- these findings do not allow disentangling the differential effects of stimulus intensity and saliency on the perception of thermonociceptive stimuli, or on the modulation of oscillatory activities related to thermonociception. However, they indicate the modulation of ongoing oscillations reflects subjects' perception of thermonociceptive stimuli that are both salient and intense. (c) 2025 Elsevier Ltd. All rights are reserved, including those for text and data mining, AI training, and similar technologies.","2025-04","2026-03-25 20:24:08","2026-07-17 09:19:14","","316-335","","","185","","","","29","","","","ELSEVIER MASSON, CORP OFF","","English","","","","","","","Place: 65 CAMILLE DESMOULINS CS50083 ISSY-LES-MOULINEAUX, 92442 PARIS, FRANCE Type: Article","","C:\Users\moin\Zotero\storage\Y89W87WA\Leu et al. - 2025 - The effect of stimulus saliency on the modulation of ongoing neural oscillations related to thermono.pdf","","Registered Report","","","","","","","","","","","","","","","","","","","","","","","","","","","","","","","","","","","","","","","","","","","","","","",""
"RKNR2C6I","journalArticle","2024","Woods, Adrienne D.; Jiao, June L. L.; Morgan, Paul L.; Buxton, Orfeu M.","Is sleep longitudinally related to children's achievement, executive function and classroom behaviour?","Infant and Child Development","","1522-7227","10.1002/icd.2426","","In this registered report, we evaluated how sleep is related to school functioning. Using data from the Future of Families and Child Wellbeing Study (N = 3002), we evaluated a series of structural equation models evaluating whether sleep at age 5 has a direct or indirect effect on academic achievement, executive function and classroom behaviour at age 9, and whether this relation is moderated by race or ethnicity, poverty, maternal education or disability. We found that sleep duration (but not other aspects of sleep health) had a direct, linear relation to attention problems, acting-out behaviours and executive functions, as well as an indirect effect on academic achievement through executive functions. We also found that this model was moderated by disability, poverty, maternal education and race or ethnicity. Our results suggest that experiencing insufficient amounts of sleep may have a disproportionately negative effect on children with disabilities or children whose mothers received less education. Initiatives to promote healthy sleep habits, including increasing sleep duration among these groups, may thus also indirectly raise measures of achievement.","2024-03","2026-03-25 20:24:07","2026-07-17 09:20:07","","","","2, SI","33","","","","45","","","","WILEY","","English","","","","","","","Place: 111 RIVER ST, HOBOKEN 07030-5774, NJ USA Type: Article","","C:\Users\moin\Zotero\storage\Z6LZ5XL9\Woods et al. - 2024 - Is sleep longitudinally related to children's achievement, executive function and classroom behaviou.pdf","","Registered Report","","","","","","","","","","","","","","","","","","","","","","","","","","","","","","","","","","","","","","","","","","","","","","",""
"QLLDHW67","journalArticle","2024","Kim, Matthew H.; Sidney, Pooja G.","Do teacher instructional practices shape children's academic self-concept and interest in mathematics and science? Evidence from TIMSS 2015","Infant and Child Development","","1522-7227","10.1002/icd.2429","","Children possess different beliefs regarding their ability to succeed in math and science, as well as different levels of enjoyment and interest in these topics. These motivational processes are important because they often shape learning-related behaviours which in turn predict academic outcomes, over and above previous performance. But, what are the potential sources of influence that could explain individual differences in children's academic self-concept and interest in math and science? In this registered report, we adopted a situated expectancy-value theory framework to examine the potential role of teacher instructional practices that emphasize conceptual understanding in enhancing these motivational processes. We focused on practices emphasizing conceptual understanding given science-driven recommendations to implement them across the United States. Contrary to our hypotheses, a multilevel analysis of grade 4 U.S. data from the 2015 release of the Trends in International Mathematics and Science Study (TIMSS) revealed that the self-reported frequency of instructional practices emphasizing conceptual understanding were unrelated to math or science self-concept and interest. Our null findings prompt greater attention to other factors, such as the quality and implementation of instructional practices, differences between instructional goals and actual practices, and classroom composition, that could enhance ability beliefs and values in math and science.","2024-03","2026-03-25 20:24:07","2026-07-17 09:20:13","","","","2, SI","33","","","","46","","","","WILEY","","English","","","","","","","Place: 111 RIVER ST, HOBOKEN 07030-5774, NJ USA Type: Article","","C:\Users\moin\Zotero\storage\STLP6HSN\Kim and Sidney - 2024 - Do teacher instructional practices shape children's academic self-concept and interest in mathematic.pdf","","Registered Report","","","","","","","","","","","","","","","","","","","","","","","","","","","","","","","","","","","","","","","","","","","","","","",""
"S73NSZ9Z","journalArticle","2024","Lin, Ting-Yu; Cheng, Hao-Chien; Tsai, Yi-Luen; Liu, Hung-Wen; Hung, Tsung-Min","Effects of resistance exercises on inhibitory control and plasma epinephrine levels: A registered report of a crossover randomized controlled trial","Psychophysiology","","0048-5772","10.1111/psyp.14489","","According to the locus coeruleus-norepinephrine (LC-NE) theory, activity of the LC, the major releaser of NE in the brain, regulates inhibitory control. As there is reciprocal communication between circulating epinephrine and the LC, plasma epinephrine is used as the index of LC-NE activity. The aim of this crossover randomized controlled trial is to expand on previous findings by investigating the effects of free-weight, multiple-joint, and structural barbell resistance exercises. Previous studies have had some methodological limitations, such as failure to report the process of randomization, absence of resistance exercise familiarization before the maximal strength testing, and lack of protocol publication. To address these issues, this study incorporates resistance exercise familiarization, transparent reporting of randomization, and submission as a registered report. The results suggest that a single session of resistance exercise (barbell squat, press, and deadlift) with an intensity of 65%-78% 1RM for five repetitions (70%-90% relative intensity) and three sets with 3-min rest intervals improved Stroop congruent reaction time (RT) only (t(27) = -2.663, mean reduction = -15 ms, p = .013, 95% CI [-26, -3]). No significant enhancements were observed in Stroop incongruent RT, inhibitory control as indexed by Stroop effect, or inhibitory control as indexed by the RT difference between the Stroop task and the simple reaction task. Moreover, the alterations in plasma epinephrine levels did not significantly associate with changes in any measure of cognitive performance. By addressing previous methodological limitations and employing a registered report format, this study provides more reliable findings on the effects of acute resistance exercise on cognitive performance. We found that, although acute resistance exercise enhances a certain cognitive outcome measured by the Stroop task, the improvement does not appear to be associated with changes in plasma epinephrine.","2024-02","2026-03-25 20:24:06","2026-07-17 09:22:52","","","","2","61","","","","92","","","","WILEY","","English","","","","","","","Place: 111 RIVER ST, HOBOKEN 07030-5774, NJ USA Type: Article","","C:\Users\moin\Zotero\storage\PXHJZVUZ\Lin et al. - 2024 - Effects of resistance exercises on inhibitory control and plasma epinephrine levels A registered re.pdf","","Registered Report","","","","","","","","","","","","","","","","","","","","","","","","","","","","","","","","","","","","","","","","","","","","","","",""
"SXEPZXKW","journalArticle","2026","Pillai, Raunak M.; Arshad, Suha; Fazio, Lisa K.","How prior knowledge and statement truth affect retrieval experiences over time","Memory","","0965-8211","10.1080/09658211.2025.2584452","","When retrieving information, people often shift over time from “Remembering” high levels of detail about a study episode to simply “Knowing” the information absent such detail. This “Remember-Know” shift is well-documented for true information, and recent work suggests that this effect exists, but is attenuated, for false information. One explanation for this difference is that true information is better represented in people's prior knowledge, supporting retention of this content as “Known” over time. In this registered report we tested this hypothesis by measuring people's reported retrieval experiences (e.g., “Remembering” or “Knowing”) for true and false information at two levels of anticipated prior knowledge. While we replicate the “Remember-Know” shift, we do not find that it differs by anticipated prior knowledge. We also examine the relation between retrieval experiences and the production of encountered information, as well as the impact of repeated testing on retrieval experiences.","2026-01-02","2026-03-25 20:24:06","2026-07-17 09:21:54","","96-112","","1","34","","","","69","","","","ROUTLEDGE JOURNALS, TAYLOR & FRANCIS LTD","","English","","","","","","","Place: 2-4 PARK SQUARE, MILTON PARK, ABINGDON OX14 4RN, OXON, ENGLAND Type: Article","","C:\Users\moin\Zotero\storage\9Z3U63SJ\Pillai et al. - 2026 - How prior knowledge and statement truth affect retrieval experiences over time.pdf","","Registered Report","","","","","","","","","","","","","","","","","","","","","","","","","","","","","","","","","","","","","","","","","","","","","","",""
"XMFFK3M8","journalArticle","2021","Graham, Eileen K.; James, Bryan D.; Jackson, Kathryn L.; Willroth, Emily C.; Luo, Jing; Beam, Christopher R.; Pedersen, Nancy L.; Reynolds, Chandra A.; Katz, Mindy; Lipton, Richard B.; Boyle, Patricia; Wilson, Robert; Bennett, David A.; Mroczek, Daniel K.","A coordinated analysis of the associations among personality traits, cognitive decline, and dementia in older adulthood","Journal of Research in Personality","","00926566","10.1016/j.jrp.2021.104100","https://linkinghub.elsevier.com/retrieve/pii/S0092656621000374","There are individual differences in the rates of cognitive decline across later adulthood. Personality traits are among the factors that may account for these differences. The current project investigated whether personality traits were associated with trajectories of cognitive decline, and whether the associations were different before and after dementia diagnosis. The data was analyzed using linear mixed effects regression. Across study aims is a focus on replicability and generalizability. Each question was addressed in four independent longitudinal studies (EAS, MAP, ROS, SATSA), then meta-analyzed, providing estimates of replicability. Results indicated that low neuroticism and high openness were associated with total cognitive function. We detected evidence for cognitive decline in all four samples, and openness was associated with decline post dementia diagnosis.","2021-06","2026-03-30 02:14:17","2026-07-17 08:12:04","2026-03-30 02:14:17","104100","","","92","","Journal of Research in Personality","","63","","","","","","en","","","","","DOI.org (Crossref)","","","","C:\Users\moin\Zotero\storage\DZW4U9VQ\Graham et al. - 2021 - A coordinated analysis of the associations among personality traits, cognitive decline, and dementia.pdf","","Registered Report","","","","","","","","","","","","","","","","","","","","","","","","","","","","","","","","","","","","","","","","","","","","","","",""
"X75JA6BQ","journalArticle","2023","Ward, Emma V","Age and processing effects on perceptual and conceptual priming","Quarterly Journal of Experimental Psychology","","1747-0218","10.1177/17470218221090128","https://doi.org/10.1177/17470218221090128","Explicit (declarative) memory declines with age, but age effects on implicit (nondeclarative) memory are debated. Some studies have reported null changes in implicit memory (e.g., priming in word-fragment completion, perceptual identification, category exemplar generation) with age, while others have uncovered declines. One factor that may account for these discrepancies is processing. Evidence suggests that conceptual and perceptual processes are not equally affected by ageing, yet processing requirements have varied greatly between studies. Processing may moderate age effects on priming, but no study has systematically examined this issue. This registered report presents an experiment to manipulate processing (conceptual / perceptual) during incidental encoding of words, prior to measures of perceptual (perceptual identification) and conceptual (category verification) priming. The perceptual and conceptual priming tasks were matched on all characteristics except processing, making them highly comparable. The four orthogonal conditions (perceptual encoding, perceptual test [PP]; conceptual encoding, perceptual test [CP]; perceptual encoding, conceptual test [PC]; conceptual encoding, conceptual test [CC]) were designed to clarify situations in which age effects on implicit memory emerge, which holds important practical and theoretical implications. Significant effects of Age, Test, and an Age × Processing interaction emerged. Priming was greater in young than older adults and on the perceptual than the conceptual test, but in contrast to the predictions, the age difference was only significant when prior encoding was perceptual (i.e., in the PP and CP conditions).","2023-01-01","2026-03-30 02:05:36","2026-07-17 08:30:10","2026-03-30 02:05:36","1-14","","1","76","","","","99","","","","SAGE Publications","","EN","","","","","SAGE Journals","","","","C:\Users\moin\Zotero\storage\RZVDJC84\Ward - 2023 - Age and processing effects on perceptual and conceptual priming.pdf","","Registered Report","","","","","","","","","","","","","","","","","","","","","","","","","","","","","","","","","","","","","","","","","","","","","","",""
"WZYALALE","journalArticle","2023","Bloom, Paul Alexander; Bartlett, Ella; Kathios, Nicholas; Algharazi, Sameah; Siegelman, Matthew; Shen, Fan; Beresford, Lea; DiMaggio-Potter, Michaelle Evangeline; Singh, Anshita; Bennett, Sarah; Natarajan, Nandhini; Lee, Hannah; Sajid, Sumra; Joyce, Erin; Fischman, Rachel; Hutchinson, Samuel; Pan, Sophie; Tottenham, Nim; Aly, Mariam","Effects of familiar music exposure on deliberate retrieval of remote episodic and semantic memories in healthy aging adults","Memory","","0965-8211","10.1080/09658211.2023.2166078","https://doi.org/10.1080/09658211.2023.2166078","Familiar music facilitates memory retrieval in adults with dementia. However, mechanisms behind this effect, and its generality, are unclear because of a lack of parallel work in healthy aging. Exposure to familiar music enhances spontaneous recall of memories directly cued by the music, but it is unknown whether such effects extend to deliberate recall more generally – e.g., to memories not directly linked to the music being played. It is also unclear whether familiar music boosts recall of specific episodes versus more generalised semantic memories, or whether effects are driven by domain-general mechanisms (e.g., improved mood). In a registered report study, we examined effects of familiar music on deliberate recall in healthy adults ages 65–80 years (N = 75) by presenting familiar music from earlier in life, unfamiliar music, and non-musical audio clips across three sessions. After each clip, we assessed free recall of remote memories for pre-selected events. Contrary to our hypotheses, we found no effects of music exposure on recall of prompted events, though familiar music evoked spontaneous memories most often. These results suggest that effects of familiar music on recall may be limited to memories specifically evoked in response to the music (Preprint and registered report protocol at https://osf.io/kjnwd/).","2023-03-16","2026-03-30 01:51:19","2026-07-17 08:07:30","2026-03-30 01:51:19","428-456","","3","31","","","","68","","","","Routledge","","","","","","","Taylor and Francis+NEJM","","_eprint: https://doi.org/10.1080/09658211.2023.2166078","","C:\Users\moin\Zotero\storage\IAARBW8Q\Bloom et al. - 2023 - Effects of familiar music exposure on deliberate retrieval of remote episodic and semantic memories.pdf","","Registered Report","autobiographical; episodic; Familiar music; recall; semantic","","","","","","","","","","","","","","","","","","","","","","","","","","","","","","","","","","","","","","","","","","","","","",""
"YCAAJA5G","journalArticle","2020","Morriss, Jayne; Biagi, Nicolò; Dodd, Helen","Your guess is as good as mine: A registered report assessing physiological markers of fear and anxiety to the unknown in individuals with varying levels of intolerance of uncertainty","International Journal of Psychophysiology","","01678760","10.1016/j.ijpsycho.2020.07.009","https://linkinghub.elsevier.com/retrieve/pii/S0167876020301847","Individuals who score high in Intolerance of Uncertainty (IU) have a tendency to find uncertainty and the unknown aversive. However, there is a dearth of literature on the extent to which the known vs. the unknown during threatening contexts induce fear and anxiety in individuals with high IU. In the following registered report we attempted to address this question by manipulating the known and unknown in the threat of predictable and unpredictable aversive events task. Throughout the task, we measured a variety of self-report (ratings of valence and arousal) and physiological indices (skin conductance, pupil dilation, orbicularis oculi, corrugator supercilii). We collected data from 93 participants. Higher IU, relative to lower IU was associated with: (1) less discriminatory orbicularis oculi activity between cue and interstimulus interval periods across conditions, and (2) larger corrugator supercilii activity to the known predictable shock condition and smaller corrugator supercilii activity to the known unpredictable shock condition, compared to the other conditions. These findings provide evidence that IU-related biases manifest differently depending on the physiological marker of fear and anxiety and the type of known-unknown threat i.e. orbicularis oculi activity was related to generalisation across conditions, whilse corrugator supercilii activity reflected distress/relief during conditions with known threat. Ultimately, this research will inform future models of IU in relation to anxiety and stress disorders.","2020-10","2026-03-30 01:30:43","2026-07-17 08:24:39","2026-03-30 01:30:43","93-104","","","156","","International Journal of Psychophysiology","Your guess is as good as mine","48","","","","","","en","","","","","DOI.org (Crossref)","","","","C:\Users\moin\Zotero\storage\CDWFDJDZ\Morriss et al. - 2020 - Your guess is as good as mine A registered report assessing physiological markers of fear and anxie.pdf","","Registered Report","","","","","","","","","","","","","","","","","","","","","","","","","","","","","","","","","","","","","","","","","","","","","","",""
"TDV3VD37","journalArticle","2020","Liu, Huanxu; Yang, Jingwen; Yamada, Yuki","Heat and fraud: evaluating how room temperature influences fraud likelihood","Cognitive Research: Principles and Implications","","2365-7464","10.1186/s41235-020-00261-2","https://doi.org/10.1186/s41235-020-00261-2","Despite the considerable amount of research devoted to understanding fraud, few studies have examined how the physical environment can influence the likelihood of committing fraud. One recent study found a link between room brightness and occurrence of human fraud behaviors. Therefore, the present study aims to investigate how temperature may affect fraud. Based on a power analysis using the effect size observed in a pilot study, we recruited 105 participants and randomly divided them into three temperature groups (warm, medium, and cool). We then counted fraud behaviors in each group and tested for potential significant differences with a Kruskal–Wallis test. Additionally, we used a correlation analysis to determine whether the perceived temperature affected fraud. As a result, regardless of participants’ subjective sensory experience or their physical environment, we did not find that temperature-related factors influence the incidence of fraud. We discussed the potential reason for the results and suggested directions for future research.","2020-11-19","2026-03-29 20:52:52","2026-07-14 12:40:12","2026-03-29 20:52:52","60","","1","5","","Cogn. Research","Heat and fraud","12","","","","","","en","","","","","Springer Link","","","","C:\Users\moin\Zotero\storage\VJDFDGBA\Liu et al. - 2020 - Heat and fraud evaluating how room temperature influences fraud likelihood.pdf","","Registered Report","Cheating; Fraud; Physical environment; Temperature; Unethical behavior; Warmth","","","","","","","","","","","","","","","","","","","","","","","","","","","","","","","","","","","","","","","","","","","","","",""
"TVX2QTXF","journalArticle","2020","Morrison, Alexandra B.; Richmond, Lauren L.","Offloading items from memory: individual differences in cognitive offloading in a short-term memory task","Cognitive Research: Principles and Implications","","2365-7464","10.1186/s41235-019-0201-4","https://doi.org/10.1186/s41235-019-0201-4","Cognitive offloading refers to the act of reducing the mental processing requirements of a task through physical actions like writing down information or storing information on a cell phone or computer. Offloading can lead to improved performance on ongoing tasks with high cognitive demand, such as tasks where multiple pieces of information must be simultaneously maintained. However, less is known about why some individuals choose to engage in offloading and under what conditions they might choose to do so. In the present study, offloading behavior is investigated in a short-term memory task requiring memory for letters. The present study is a replication and extension of a previous study conducted by Risko and Dunn, and tests the new prediction that individuals with lower working memory capacity will be more likely to offload. Here, we find that offloading information confers a performance advantage over relying on internal memory stores, particularly at higher memory loads. However, we fail to observe that those with poorer memory abilities have a greater propensity for offloading or benefit more from it. Instead, our findings suggest that cognitive offloading may be a valid compensatory strategy to improve performance of memory-based tasks for individuals with a wide range of memory ability.","2020-01-03","2026-03-29 20:52:42","2026-07-14 12:40:25","2026-03-29 20:52:42","1","","1","5","","Cogn. Research","Offloading items from memory","15","","","","","","en","","","","","Springer Link","","","","C:\Users\moin\Zotero\storage\HBYERPC4\Morrison and Richmond - 2020 - Offloading items from memory individual differences in cognitive offloading in a short-term memory.pdf","","Registered Report","Cognitive offloading; Strategy use; Working memory capacity","","","","","","","","","","","","","","","","","","","","","","","","","","","","","","","","","","","","","","","","","","","","","",""
"UWEDMZXQ","journalArticle","2022","Schmidt, Kathleen; Buchanan, Erin M.; Hall, Braeden F.","Registered report: Moderators of the relationship between implicit and explicit measures of evaluation and identification","Journal of Experimental Social Psychology","","00221031","10.1016/j.jesp.2021.104280","https://linkinghub.elsevier.com/retrieve/pii/S0022103121001839","Researchers and theorists have explained variations in the relationship between implicit and explicit measures of social cognition by citing differences in measurement and cognitive processing. The present research explored how features of measured attributes and individual differences affect the relationship between implicit and explicit measures using existing data (Hussey, Hughes, & Nosek, 2018). In the original study, participants completed measures of explicit evaluation or identification (i.e., difference scores between self-report items) and implicit evaluation or identification (i.e., the Implicit Association Test; Greenwald, McGhee, & Schwartz, 1998) for one of 95 target pairs. First, we attempted to conceptually replicate Nosek’s (2005) findings that selfpresentation, distinctiveness, elaboration/importance, and complementarity moderated the relationship between implicit and explicit evaluations across individuals irrespective of attribute targets. These attribute features each moderated the relationship between implicit and explicit evaluations and accounted for unique variation in implicit-explicit relations. Second, we tested whether these features affected the relationship between implicit and explicit identifications. We found moderating effects of distinctiveness and complementarity but not of the other attribute features, likely due to their operationalization. Finally, we examined whether theoretically relevant individual difference measures moderated the relationship between implicit and explicit evaluations or identifications. Across almost all analyses, these measures (i.e., socially desirable responding, selfmonitoring, need for cognition, personal need for structure, and need for cognitive closure) did not moderate implicit-explicit relations. Taken together, our results suggest that relationships between implicit and explicit measures reflect individual experiences with attribute targets rather than the cultural context, targets, or individuals themselves.","2022-05","2026-03-29 16:17:54","2026-07-17 08:27:42","2026-03-29 16:17:54","104280","","","100","","Journal of Experimental Social Psychology","Registered report","49","","","","","","en","","","","","DOI.org (Crossref)","","","","C:\Users\moin\Zotero\storage\FBIZD3GP\Schmidt et al. - 2022 - Registered report Moderators of the relationship between implicit and explicit measures of evaluati.pdf","","Registered Report","","","","","","","","","","","","","","","","","","","","","","","","","","","","","","","","","","","","","","","","","","","","","","",""
"WS67UVKK","journalArticle","2021","Wang, Ke; Goldenberg, Amit; Dorison, Charles A.; Miller, Jeremy K.; Uusberg, Andero; Lerner, Jennifer S.; Gross, James J.; Agesin, Bamikole Bamikole; Bernardo, Márcia; Campos, Olatz; Eudave, Luis; Grzech, Karolina; Ozery, Daphna Hausman; Jackson, Emily A.; Garcia, Elkin Oswaldo Luis; Drexler, Shira Meir; Jurković, Anita Penić; Rana, Kafeel; Wilson, John Paul; Antoniadi, Maria; Desai, Kermeka; Gialitaki, Zoi; Kushnir, Elizaveta; Nadif, Khaoula; Bravo, Olalla Niño; Nauman, Rafia; Oosterlinck, Marlies; Pantazi, Myrto; Pilecka, Natalia; Szabelska, Anna; Van Steenkiste, I. M. M.; Filip, Katarzyna; Bozdoc, Andreea Ioana; Marcu, Gabriela Mariana; Agadullina, Elena; Adamkovič, Matúš; Roczniewska, Marta; Reyna, Cecilia; Kassianos, Angelos P.; Westerlund, Minja; Ahlgren, Lina; Pöntinen, Sara; Adetula, Gabriel Agboola; Dursun, Pinar; Arinze, Azuka Ikechukwu; Arinze, Nwadiogo Chisom; Ogbonnaya, Chisom Esther; Ndukaihe, Izuchukwu L. G.; Dalgar, Ilker; Akkas, Handan; Macapagal, Paulo Manuel; Lewis, Savannah; Metin-Orta, Irem; Foroni, Francesco; Willis, Megan; Santos, Anabela Caetano; Mokady, Aviv; Reggev, Niv; Kurfali, Merve A.; Vasilev, Martin R.; Nock, Nora L.; Parzuchowski, Michal; Espinoza Barría, Mauricio F.; Vranka, Marek; Kohlová, Markéta Braun; Ropovik, Ivan; Harutyunyan, Mikayel; Wang, Chunhui; Yao, Elvin; Becker, Maja; Manunta, Efisio; Kaminski, Gwenael; Boudesseu, Jordane; Marko, Dafne; Evans, Kortnee; Lewis, David M. G.; Findor, Andrej; Landry, Anais Thibault; Aruta, John Jamir Benzon; Ortiz, Manuel S.; Vally, Zahir; Pronizius, Ekaterina; Voracek, Martin; Lamm, Claus; Grinberg, Maurice; Li, Ranran; Valentova, Jaroslava Varella; Mioni, Giovanna; Cellini, Nicola; Chen, Sau-Chin; Zickfeld, Janis; Moon, Karis; Azab, Habiba; Levy, Neil; Karababa, Alper; Beaudry, Jennifer L.; Boucher, Leanne; Collins, W. Matthew; Todsen, Anna Louise; Van Schie, Kevin; Vintr, Jáchym; Bavolar, Jozef; Kaliska, Lada; Križanić, Valerija; Samojlenko, Lara; Pourafshari, Razieh; Geiger, Sandra J.; Beitner, Julia; Warmelink, Lara; Ross, Robert M.; Stephen, Ian D.; Hostler, Thomas J.; Azouaghe, Soufian; McCarthy, Randy; Szala, Anna; Grano, Caterina; Solorzano, Claudio Singh; Anjum, Gulnaz; Jimenez-Leal, William; Bradford, Maria; Pérez, Laura Calderón; Cruz Vásquez, Julio E.; Galindo-Caballero, Oscar J.; Vargas-Nieto, Juan Camilo; Kácha, Ondřej; Arvanitis, Alexios; Xiao, Qinyu; Cárcamo, Rodrigo; Zorjan, Saša; Tajchman, Zuzanna; Vilares, Iris; Pavlacic, Jeffrey M.; Kunst, Jonas R.; Tamnes, Christian K.; Von Bastian, Claudia C.; Atari, Mohammad; Sharifian, MohammadHasan; Hricova, Monika; Kačmár, Pavol; Schrötter, Jana; Rahal, Rima-Maria; Cohen, Noga; FatahModares, Saeideh; Zrimsek, Miha; Zakharov, Ilya; Koehn, Monica A.; Esteban-Serna, Celia; Calin-Jageman, Robert J.; Krafnick, Anthony J.; Štrukelj, Eva; Isager, Peder Mortvedt; Urban, Jan; Silva, Jaime R.; Martončik, Marcel; Očovaj, Sanja Batić; Šakan, Dušana; Kuzminska, Anna O.; Djordjevic, Jasna Milosevic; Almeida, Inês A. T.; Ferreira, Ana; Lazarevic, Ljiljana B.; Manley, Harry; Ricaurte, Danilo Zambrano; Monteiro, Renan P.; Etabari, Zahra; Musser, Erica; Dunleavy, Daniel; Chou, Weilun; Godbersen, Hendrik; Ruiz-Fernández, Susana; Reeck, Crystal; Batres, Carlota; Kirgizova, Komila; Muminov, Abdumalik; Azevedo, Flavio; Alvarez, Daniela Serrato; Butt, Muhammad Mussaffa; Lee, Jeong Min; Chen, Zhang; Verbruggen, Frederick; Ziano, Ignazio; Tümer, Murat; Charyate, Abdelilah C. A.; Dubrov, Dmitrii; Tejada Rivera, María Del Carmen M. C.; Aberson, Christopher; Pálfi, Bence; Maldonado, Mónica Alarcón; Hubena, Barbora; Sacakli, Asli; Ceary, Chris D.; Richard, Karley L.; Singer, Gage; Perillo, Jennifer T.; Ballantyne, Tonia; Cyrus-Lai, Wilson; Fedotov, Maksim; Du, Hongfei; Wielgus, Magdalena; Pit, Ilse L.; Hruška, Matej; Sousa, Daniela; Aczel, Balazs; Hajdu, Nandor; Szaszi, Barnabas; Adamus, Sylwia; Barzykowski, Krystian; Micheli, Leticia; Schmidt, Nadya-Daniela; Zsido, Andras N.; Paruzel-Czachura, Mariola; Muda, Rafał; Bialek, Michal; Kowal, Marta; Sorokowska, Agnieszka; Misiak, Michal; Mola, Débora; Ortiz, María Victoria; Correa, Pablo Sebastián; Belaus, Anabel; Muchembled, Fany; Ribeiro, Rafael R.; Arriaga, Patricia; Oliveira, Raquel; Vaughn, Leigh Ann; Szwed, Paulina; Kossowska, Małgorzata; Czarnek, Gabriela; Kielińska, Julita; Antazo, Benedict; Betlehem, Ruben; Stieger, Stefan; Nilsonne, Gustav; Simonovic, Nicolle; Taber, Jennifer; Gourdon-Kanhukamwe, Amélie; Domurat, Artur; Ihaya, Keiko; Yamada, Yuki; Urooj, Anum; Gill, Tripat; Čadek, Martin; Bylinina, Lisa; Messerschmidt, Johanna; Kurfalı, Murathan; Adetula, Adeyemi; Baklanova, Ekaterina; Albayrak-Aydemir, Nihan; Kappes, Heather B.; Gjoneska, Biljana; House, Thea; Jones, Marc V.; Berkessel, Jana B.; Chopik, William J.; Çoksan, Sami; Seehuus, Martin; Khaoudi, Ahmed; Bokkour, Ahmed; El Arabi, Kanza Ait; Djamai, Ikhlas; Iyer, Aishwarya; Parashar, Neha; Adiguzel, Arca; Kocalar, Halil Emre; Bundt, Carsten; Norton, James O.; Papadatou-Pastou, Marietta; De La Rosa-Gomez, Anabel; Ankushev, Vladislav; Bogatyreva, Natalia; Grigoryev, Dmitry; Ivanov, Aleksandr; Prusova, Irina; Romanova, Marina; Sarieva, Irena; Terskova, Maria; Hristova, Evgeniya; Kadreva, Veselina Hristova; Janak, Allison; Schei, Vidar; Sverdrup, Therese E.; Askelund, Adrian Dahl; Pineda, Lina Maria Sanabria; Krupić, Dajana; Levitan, Carmel A.; Johannes, Niklas; Ouherrou, Nihal; Say, Nicolas; Sinkolova, Sladjana; Janjić, Kristina; Stojanovska, Marija; Stojanovska, Dragana; Khosla, Meetu; Thomas, Andrew G.; Kung, Franki Y. H.; Bijlstra, Gijsbert; Mosannenzadeh, Farnaz; Balci, Busra Bahar; Reips, Ulf-Dietrich; Baskin, Ernest; Ishkhanyan, Byurakn; Czamanski-Cohen, Johanna; Dixson, Barnaby James Wyld; Moreau, David; Sutherland, Clare A. M.; Chuan-Peng, Hu; Noone, Chris; Flowe, Heather; Anne, Michele; Janssen, Steve M. J.; Topor, Marta; Majeed, Nadyanna M.; Kunisato, Yoshihiko; Yu, Karen; Daches, Shimrit; Hartanto, Andree; Vdovic, Milica; Anton-Boicuk, Lisa; Forbes, Paul A. G.; Kamburidis, Julia; Marinova, Evelina; Nedelcheva-Datsova, Mina; Rachev, Nikolay R.; Stoyanova, Alina; Schmidt, Kathleen; Suchow, Jordan W.; Koptjevskaja-Tamm, Maria; Jernsäther, Teodor; Olofsson, Jonas K.; Bialobrzeska, Olga; Marszalek, Magdalena; Tatachari, Srinivasan; Afhami, Reza; Law, Wilbert; Antfolk, Jan; Žuro, Barbara; Van Doren, Natalia; Soto, Jose A.; Searston, Rachel; Miranda, Jacob; Damnjanović, Kaja; Yeung, Siu Kit; Krupić, Dino; Hoyer, Karlijn; Jaeger, Bastian; Ren, Dongning; Pfuhl, Gerit; Klevjer, Kristoffer; Corral-Frías, Nadia S.; Frias-Armenta, Martha; Lucas, Marc Y.; Torres, Adriana Olaya; Toro, Mónica; Delgado, Lady Grey Javela; Vega, Diego; Solas, Sara Álvarez; Vilar, Roosevelt; Massoni, Sébastien; Frizzo, Thomas; Bran, Alexandre; Vaidis, David C.; Vieira, Luc; Paris, Bastien; Capizzi, Mariagrazia; Coelho, Gabriel Lins De Holanda; Greenburgh, Anna; Whitt, Cassie M.; Tullett, Alexa M.; Du, Xinkai; Volz, Leonhard; Bosma, Minke Jasmijn; Karaarslan, Cemre; Sarıoğuz, Eylül; Allred, Tara Bulut; Korbmacher, Max; Colloff, Melissa F.; Lima, Tiago J. S.; Ribeiro, Matheus Fernando Felix; Verharen, Jeroen P. H.; Karekla, Maria; Karashiali, Christiana; Sunami, Naoyuki; Jaremka, Lisa M.; Storage, Daniel; Habib, Sumaiya; Studzinska, Anna; Hanel, Paul H. P.; Holford, Dawn Liu; Sirota, Miroslav; Wolfe, Kelly; Chiu, Faith; Theodoropoulou, Andriana; Ahn, El Rim; Lin, Yijun; Westgate, Erin C.; Brohmer, Hilmar; Hofer, Gabriela; Dujols, Olivier; Vezirian, Kevin; Feldman, Gilad; Travaglino, Giovanni A.; Ahmed, Afroja; Li, Manyu; Bosch, Jasmijn; Torunsky, Nathan; Bai, Hui; Manavalan, Mathi; Song, Xin; Walczak, Radoslaw B.; Zdybek, Przemysław; Friedemann, Maja; Rosa, Anna Dalla; Kozma, Luca; Alves, Sara G.; Lins, Samuel; Pinto, Isabel R.; Correia, Rita C.; Babinčák, Peter; Banik, Gabriel; Rojas-Berscia, Luis Miguel; Varella, Marco A. C.; Uttley, Jim; Beshears, Julie E.; Thommesen, Katrine Krabbe; Behzadnia, Behzad; Geniole, Shawn N.; Silan, Miguel A.; Maturan, Princess Lovella G.; Vilsmeier, Johannes K.; Tran, Ulrich S.; Izquierdo, Sara Morales; Mensink, Michael C.; Sorokowski, Piotr; Groyecka-Bernard, Agata; Radtke, Theda; Adoric, Vera Cubela; Carpentier, Joelle; Özdoğru, Asil Ali; Joy-Gaba, Jennifer A.; Hedgebeth, Mattie V.; Ishii, Tatsunori; Wichman, Aaron L.; Röer, Jan Philipp; Ostermann, Thomas; Davis, William E.; Suter, Lilian; Papachristopoulos, Konstantinos; Zabel, Chelsea; Onie, Sandersan; Ebersole, Charles R.; Chartier, Christopher R.; Mallik, Peter R.; Urry, Heather L.; Buchanan, Erin M.; Coles, Nicholas A.; Primbs, Maximilian A.; Basnight-Brown, Dana M.; IJzerman, Hans; Forscher, Patrick S.; Moshontz, Hannah","A multi-country test of brief reappraisal interventions on emotions during the COVID-19 pandemic","Nature Human Behaviour","","2397-3374","10.1038/s41562-021-01173-x","https://www.nature.com/articles/s41562-021-01173-x","","2021-08-02","2026-03-29 15:53:31","2026-07-17 08:29:45","2026-03-29 15:53:31","1089-1110","","8","5","","Nat Hum Behav","","75","","","","","","en","","","","","DOI.org (Crossref)","","","","C:\Users\moin\Zotero\storage\4WI6VDDV\Wang et al. - 2021 - A multi-country test of brief reappraisal interventions on emotions during the COVID-19 pandemic.pdf","","Registered Report","","","","","","","","","","","","","","","","","","","","","","","","","","","","","","","","","","","","","","","","","","","","","","",""
"X3ITIY94","journalArticle","2025","Junkins, Eleanor J.; Briley, D. A.; Ogolsky, Brian G.; Derringer, Jaime","Registered Report Stage II: Does personality vary by relationship power? An investigation of satisfaction in diverse romantic partnerships","Journal of Research in Personality","","0092-6566","10.1016/j.jrp.2025.104597","","Power dynamics are intrinsic to interpersonal interactions. Historically, researchers studied romantic relationship power dynamics in the context of man-woman dyads, potentially confounding gender and power effects. We examined the associations among relationship satisfaction, relationship power, and individual characteristics, including dimensional assessments of gender expression and other personality and sociodemographic characteristics. We performed secondary analyses in a dataset (N = 1,750) that was diverse with respect to gender identity, sexual orientation, and relationship structure. Using complementary nonparametric statistical approaches for interactions and multilevel group analysis, we estimated the extent to which associations among key relationship features and personal characteristics vary and account for effects within-versus between-groups. Despite negligible average estimates of moderation of associations between personality traits and relationship satisfaction by relationship power, moderation was more pronounced for certain groups at certain levels of relationship power. When looking at intersectional participant groupings, there was more variation in the association with relationship satisfaction between-groups when based on identity (gender, relationship-type, SGM, assigned sex at birth) than resource indicators (age, education, leadership, SES). The findings demonstrate that person characteristics play a complex role in romantic relationships. Nonlinear models allowing composite consideration of multiple identities and sociodemographic characteristics can reveal nuanced boundaries on associations between personality, relationship power, and relationship satisfaction.","2025-06","2026-03-25 20:24:08","2026-07-17 09:21:16","","","","","116","","","","59","","","","ACADEMIC PRESS INC ELSEVIER SCIENCE","","English","","","","","","","Place: 525 B ST, STE 1900, SAN DIEGO, CA 92101-4495 USA Type: Article","","C:\Users\moin\Zotero\storage\ZQKANPX7\Junkins et al. - 2025 - Registered Report Stage II Does personality vary by relationship power An investigation of satisfa.pdf","","Registered Report","","","","","","","","","","","","","","","","","","","","","","","","","","","","","","","","","","","","","","","","","","","","","","",""
"VV96QILP","journalArticle","2025","Sezer, Berke; Ntoumanis, Nikos; Riddell, Hugh; Gucciardi, Daniel F.","An experimental investigation of daily mental contrasting with implementation intentions and goal motives in reducing bedtime procrastination: a registered report","Psychology & Health","","0887-0446","10.1080/08870446.2025.2491593","","Objectives Mental contrasting with implementation intentions (MCII) is an effective self-regulation strategy for goal pursuit. Although it is a quick and cost-effective strategy, most of its applications have consisted of single-time training. Building on the existing research on bedtime procrastination, we propose that daily MCII applications can lead to more efficient pursuit of bedtime goals. Furthermore, we evaluate the conditions where MCII training could be more advantageous for people with different types of goal motives. Methods and Measures We recruited 297 participants via Prolific and randomly allocated participants into either daily MCII or single MCII groups for a week-long diary study. We measured goal motives, goal-regulatory variables, bedtime procrastination, and affect to test our hypotheses. We conducted a multilevel structural equation modelling using Mplus. Results Participants who completed MCII daily reported less bedtime procrastination than individuals who performed MCII one-off at the start of the week. Participants experienced increased positive affect and decreased negative affect when they procrastinated less. Autonomous goal motives were not associated with bedtime procrastination. Discussion Daily MCII appears as an effective and easy-to-implement strategy helps reducing bedtime procrastination. Future research should test the effectiveness of daily MCII in other contexts.","2025-04-09","2026-03-25 20:24:08","2026-07-17 09:22:10","","","","","","","","","82","","","","TAYLOR & FRANCIS LTD","","English","","","","","","","Place: 2-4 PARK SQUARE, MILTON PARK, ABINGDON OR14 4RN, OXON, ENGLAND Type: Article; Early Access","","C:\Users\moin\Zotero\storage\F2TNBB3Q\Sezer et al. - 2025 - An experimental investigation of daily mental contrasting with implementation intentions and goal mo.pdf","","Registered Report","","","","","","","","","","","","","","","","","","","","","","","","","","","","","","","","","","","","","","","","","","","","","","",""
"THXTRLHG","journalArticle","2024","Silverstein, Priya; Pennington, Charlotte R.; Branney, Peter; O'Connor, Daryl B.; Lawlor, Emma; O'Brien, Emer; Lynott, Dermot","A registered report survey of open research practices in psychology departments in the UK and Ireland","British Journal of Psychology","","0007-1269","10.1111/bjop.12700","","Open research practices seek to enhance the transparency and reproducibility of research. While there is evidence of increased uptake in these practices, such as study preregistration and open data, facilitated by new infrastructure and policies, little research has assessed general uptake of such practices across psychology university researchers. The current study estimates psychologists' level of engagement in open research practices across universities in the United Kingdom and Ireland, while also assessing possible explanatory factors that may impact their engagement. Data were collected from 602 psychology researchers in the United Kingdom and Ireland on the extent to which they have implemented various practices (e.g., use of preprints, preregistration, open data, open materials). Here we present the summarized descriptive results, as well as considering differences between various categories of researcher (e.g., career stage, subdiscipline, methodology), and examining the relationship between researcher's practices and their self-reported capability, opportunity, and motivation (COM-B) to engage in open research practices. Results show that while there is considerable variability in engagement of open research practices, differences across career stage and subdiscipline of psychology are small by comparison. We observed consistent differences according to respondent's research methodology and based on the presence of institutional support for open research. COM-B dimensions were collectively significant predictors of engagement in open research, with automatic motivation emerging as a consistently strong predictor. We discuss these findings, outline some of the challenges experienced in this study, and offer suggestions and recommendations for future research. Estimating the prevalence of responsible research practices is important to assess sustained behaviour change in research reform, tailor educational training initiatives, and to understand potential factors that might impact engagement.","2024-08","2026-03-25 20:24:08","2026-07-14 08:59:21","","497-534","","3","115","","","","6","","","","WILEY","","English","","","","","","","Place: 111 RIVER ST, HOBOKEN 07030-5774, NJ USA Type: Article","","C:\Users\moin\Zotero\storage\JD6FLG9P\Silverstein et al. - 2024 - A registered report survey of open research practices in psychology departments in the UK and Irelan.pdf","","Registered Report","","","","","","","","","","","","","","","","","","","","","","","","","","","","","","","","","","","","","","","","","","","","","","",""
"TS9VDG2C","journalArticle","2026","Raza, Sumaiyah; Schomaker, Judith; Quent, Jorn Alexander; Anderson, Michael C.; Henson, Richard N.","Proactive and retroactive effects of novelty and rest on memory","Quarterly Journal of Experimental Psychology","","1747-0218","10.1177/17470218251346156","","Novel experiences appear to benefit memory for unrelated information encoded shortly before or after. Other research suggests that memory is impaired by effortful tasks following encoding, compared to simply resting. This registered report explicitly tested the proactive and retroactive effects of novel exploration and wakeful rest. Four groups of participants explored a novel or familiarised virtual environment, either shortly before or shortly after encoding a list of unrelated words. A fifth `wakeful rest' group performed a low-effort attention task before and after encoding. Memory was tested with immediate free recall, delayed (next day) free recall and delayed recognition with confidence judgements (from which recollection and familiarity were estimated). Bayes factors provided evidence against both proactive and retroactive benefits of novelty across all measures of memory, but provided evidence for a retroactive benefit of rest for immediate recall. In exploratory analysis, we also found evidence for a proactive benefit of rest on immediate recall. We argue that the bidirectional benefits of wakeful rest are more easily explained by Temporal Distinctiveness theory than Consolidation theory. Overall, wakeful rest surrounding learning may represent a useful intervention for improving memory, while novel exploration may not.","2026-02","2026-03-25 20:24:07","2026-07-17 09:23:22","","267-284","","2","79","","","","100","","","","SAGE PUBLICATIONS LTD","","English","","","","","","","Place: 1 OLIVERS YARD, 55 CITY ROAD, LONDON EC1Y 1SP, ENGLAND Type: Article","","C:\Users\moin\Zotero\storage\2JTWHU93\Raza et al. - 2026 - Proactive and retroactive effects of novelty and rest on memory.pdf","","Registered Report","","","","","","","","","","","","","","","","","","","","","","","","","","","","","","","","","","","","","","","","","","","","","","",""
"UUKDPSBL","journalArticle","2024","Chenot, Quentin; Hamery, Caroline; Truninger, Moritz; Langer, Nicolas; De Boissezon, Xavier; Scannella, Sebastien","Investigating the relationship between resting-state EEG microstates and executive functions: A null finding","Cortex","","0010-9452","10.1016/j.cortex.2024.05.019","","Recent advances in cognitive neurosciences suggest that intrinsic brain networks dynamics are associated with cognitive functioning. Despite this emerging perspective, limited research exists to validate this hypothesis. This Registered Report aimed to specifically test the relationship between intrinsic brain spatio-temporal dynamics and executive functions. Resting -state EEG microstates were used to assess brain spatio-temporal dynamics, while a comprehensive battery of nine cognitive function tasks was employed to evaluate executive functions in 140 participants. We hypothesized that microstates (class C and D) metrics would correlate with an executive functions composite score. Contrary to expectations, our hypotheses were not supported by the data. We however observed a small, non -significant trend with a negative correlation between microstate D occurrences and executive functions scores (r = - .18, 95% CI [ - .33, - .01]) which however did not meet the adjusted threshold for significance. In light of the inconclusive or minor effect sizes observed, the assertion that intrinsic brain networks dynamics - as measured by resting -state EEG microstate metrics - are a reliable signature of executive functioning remains unsupported. (c) 2024 The Author(s). Published by Elsevier Ltd. This is an open access article under the CC BY license (http://creativecommons.org/licenses/by/4.0/).","2024-09","2026-03-25 20:24:07","2026-07-17 09:18:23","","1-17","","","178","","","","19","","","","ELSEVIER MASSON, CORP OFF","","English","","","","","","","Place: 65 CAMILLE DESMOULINS CS50083 ISSY-LES-MOULINEAUX, 92442 PARIS, FRANCE Type: Article","","C:\Users\moin\Zotero\storage\Y6KIUPEY\Chenot et al. - 2024 - Investigating the relationship between resting-state EEG microstates and executive functions A null.pdf","","Registered Report","","","","","","","","","","","","","","","","","","","","","","","","","","","","","","","","","","","","","","","","","","","","","","",""
"V6B5Z7NJ","journalArticle","2025","Fassi, Luisa; Ferguson, Amanda M.; Przybylski, Andrew K.; Ford, Tamsin J.; Orben, Amy","Social media use in adolescents with and without mental health conditions","Nature Human Behaviour","","2397-3374","10.1038/s41562-025-02134-4","","Concerns about the relationship between social media use and adolescent mental health are growing, yet few studies focus on adolescents with clinical-level mental health symptoms. This limits our understanding of how social media use varies across mental health profiles. In this Registered Report, we analyse nationally representative UK data (N = 3,340, aged 11-19 years) including diagnostic assessments by clinical raters alongside quantitative and qualitative social media measures. As hypothesized, adolescents with mental health conditions reported spending more time on social media and were less happy about the number of online friends than adolescents without conditions. We also found hypothesized differences in social media use by condition type: adolescents with internalizing conditions reported spending more time on social media, engaging in more social comparison and experiencing greater impact of feedback on mood, alongside lower happiness about the number of online friends and lower honest self-disclosure. In contrast, those with externalizing conditions only reported higher time spent. These findings emphasize the need to consider diverse adolescent mental health profiles in policy and clinical practice.","2025-06","2026-03-25 20:24:07","2026-07-17 08:11:22","","","","6","9","","","","80","","","","NATURE PORTFOLIO","","English","","","","","","","Place: HEIDELBERGER PLATZ 3, BERLIN, 14197, GERMANY Type: Article","","C:\Users\moin\Zotero\storage\LK4QK3RQ\Fassi et al. - 2025 - Social media use in adolescents with and without mental health conditions.pdf","","Registered Report","","","","","","","","","","","","","","","","","","","","","","","","","","","","","","","","","","","","","","","","","","","","","","",""
"XZUZHV4U","journalArticle","2025","Clayson, Peter E.; Carbine, Kaylie A.; Shuford, John L.; Mcdonald, Julia B.; Larson, Michael J.","A registered report of preregistration practices in studies of electroencephalogram (EEG) and event-related potentials (ERPs): A first look at accessibility, adherence, transparency, and selection bias","Cortex","","0010-9452","10.1016/j.cortex.2025.02.008","","Common explanations for replication failures in neuroscience and psychophysiology include the exploitation of researcher degrees of freedom and ambiguous or inappropriate methodology, creating an environment in which flexibility during data processing and analysis could increase the probability of erroneous or irreplicable findings. The present registered report described preregistration practices in EEG/ERP studies, quantified adherence to preregistration, and estimated expected replication/discovery rates. Out of 506 preregistrations and 25 registered reports screened, 385 met eligibility. The EEG/ERP preregistrations resulted in 92 published manuscripts. For the preregistered studies, 57-99% included the minimal necessary methodological detail for replication. Adherence to preregistration in the 92 published studies averaged 60%. Exploratory analyses indicated that registered reports had the highest average adherence (92%), followed by articles explicitly mentioning preregistration (60%), and then by those not mentioning preregistration (39%). Only 16% of published studies fully adhered to preregistered plans or disclosed all deviations. Preregistered studies reported more methodological details (64% vs. 61%) and more frequently justified sample sizes and data exclusion than companion non- preregistered studies. A z-curve analysis indicated that selective reporting was likely present in published preregistered studies. Although preregistration can enhance transparency and reduce researcher bias in EEG/ERP research, current practices fall short. Ambiguity in preregistrations and inconsistent adherence undermine utility of preregistration. Moving forward, researchers should prioritize clarity and accessibility in preregistrations, and journals should implement policies to ensure the review of preregistration adherence. (c) 2025 Elsevier Ltd. All rights are reserved, including those for text and data mining, AI training, and similar technologies.","2025-04","2026-03-25 20:24:06","2026-07-17 09:18:28","","253-269","","","185","","","","21","","","","ELSEVIER MASSON, CORP OFF","","English","","","","","","","Place: 65 CAMILLE DESMOULINS CS50083 ISSY-LES-MOULINEAUX, 92442 PARIS, FRANCE Type: Article","","C:\Users\moin\Zotero\storage\L6T6FAR9\Clayson et al. - 2025 - A registered report of preregistration practices in studies of electroencephalogram (EEG) and event-.pdf","","Registered Report","","","","","","","","","","","","","","","","","","","","","","","","","","","","","","","","","","","","","","","","","","","","","","",""
"X7G7S4HY","journalArticle","2024","Clayson, Peter E.; Rocha, Harold A.; McDonald, Julia B.; Baldwin, Scott A.; Larson, Michael J.","A registered report of a two-site study of variations of the flanker task: ERN experimental effects and data quality","Psychophysiology","","0048-5772","10.1111/psyp.14607","","Error-related negativity is a widely used measure of error monitoring, and many projects are independently moving ERN recorded during a flanker task toward standardization, optimization, and eventual clinical application. However, each project uses a different version of the flanker task and tacitly assumes ERN is functionally equivalent across each version. The routine neglect of a rigorous test of this assumption undermines efforts to integrate ERN findings across tasks, optimize and standardize ERN assessment, and widely apply ERN in clinical trials. The purpose of this registered report was to determine whether ERN shows similar experimental effects (correct vs. error trials) and data quality (intraindividual variability) during three commonly used versions of a flanker task. ERN was recorded from 172 participants during three versions of a flanker task across two study sites. ERN scores showed numerical differences between tasks, raising questions about the comparability of ERN findings across studies and tasks. Although ERN scores from all three versions of the flanker task yielded high data quality and internal consistency, one version did outperform the other two in terms of the size of experimental effects and the data quality. Exploratory analyses of the error positivity (Pe) provided tentative support for the other two versions of the task over the paradigm that appeared optimal for ERN. The present study provides a roadmap for how to statistically compare psychometric characteristics of ERP scores across paradigms and gives preliminary recommendations for flanker tasks to use for ERN- and Pe-focused studies.","2024-09","2026-03-25 20:24:06","2026-07-17 09:23:16","","","","9","61","","","","96","","","","WILEY","","English","","","","","","","Place: 111 RIVER ST, HOBOKEN 07030-5774, NJ USA Type: Article","","C:\Users\moin\Zotero\storage\MEYXGE39\Clayson et al. - 2024 - A registered report of a two-site study of variations of the flanker task ERN experimental effects.pdf","","Registered Report","","","","","","","","","","","","","","","","","","","","","","","","","","","","","","","","","","","","","","","","","","","","","","",""
"YVYGUA8G","journalArticle","2024","Goldenhaus-Manning, David T.; Cooper, Nicholas R.; Loaiza, Vanessa M.","Examining the role of attention during feature binding in visuospatial working memory","Attention, Perception, & Psychophysics","","1943-393X","10.3758/s13414-023-02655-y","https://doi.org/10.3758/s13414-023-02655-y","The current experiments address the enduring debate regarding the role of attention in feature binding in visuospatial working memory by considering the nature of the to-be-bound features, i.e., whether they are intrinsic (integrated within the object, such as its color and shape) or extrinsic (not part of the object, such as its spatial location). Specifically, arrays of different-colored shapes in different locations were followed by probed recall: One feature of the probed object prompted recall of one of its remaining two features (e.g., a shape probe prompts recall of color, with the probe displayed at the center of the screen (i.e., without spatial information)) to test the retention of intrinsic (shape, color) and extrinsic (location) features. During the retention interval, we manipulated attention via disruption (Experiment 1) and retro-cues (Experiment 2) to determine their impacts on binding errors, as estimated from a three-parameter mixture model fit to recall error (i.e., the distance between the target and response). Disrupting central versus peripheral attention in Experiment 1 did not respectively increase extrinsic and intrinsic binding errors as predicted, but disrupting central attention reduced target memory of the extrinsic feature relative to a no-disruption baseline. Guiding attention via extrinsic and intrinsic retro-cues in Experiment 2 did not respectively reduce extrinsic and intrinsic binding errors as predicted, but we observed retro-cue benefits to target memory that did not distinguish between extrinsic and intrinsic features. Thus, this work highlights that attentional resources aid target memory, with no consistent distinction between intrinsic and extrinsic features.","2024-01-01","2026-03-30 02:03:00","2026-07-14 08:16:44","2026-03-30 02:03:00","354-365","","1","86","","Atten Percept Psychophys","","2","","","","","","en","","","","","Springer Link","","","","C:\Users\moin\Zotero\storage\XWQYS4NP\Goldenhaus-Manning et al. - 2024 - Examining the role of attention during feature binding in visuospatial working memory.pdf","","Registered Report","","","","","","","","","","","","","","","","","","","","","","","","","","","","","","","","","","","","","","","","","","","","","","",""
"T7FYCHXU","journalArticle","2023","Vormbrock, Ria; Bruchmann, Maximilian; Menne, Lucas; Straube, Thomas; Schindler, Sebastian","Testing stimulus exposure time as the critical factor of increased EPN and LPP amplitudes for fearful faces during perceptual distraction tasks","Cortex","","00109452","10.1016/j.cortex.2022.12.011","https://linkinghub.elsevier.com/retrieve/pii/S0010945222003422","Fearful facial expressions are prioritized across different information processing stages, as evident in early, intermediate, and late components of event-related brain potentials (ERPs). Recent studies showed that, in contrast to early N170 modulations, mid-latency (Early Posterior Negativity, EPN) and late (Late Positive Potential, LPP) emotional modulations depend on the attended perceptual feature. Nevertheless, several studies reported signiﬁcant differences between emotional and neutral faces for the EPN or LPP components during distraction tasks. One cause for these conﬂicting ﬁndings might be that when faces are presented sufﬁciently long, participants attend to task-irrelevant features of the faces. In this registered report, we tested whether the presentation duration of faces is the critical factor for differences between reported emotional modulations during perceptual distraction tasks. To this end, 48 participants were required to discriminate the orientation of lines overlaid onto fearful or neutral faces, while face presentation varied (100 msec, 300 msec, 1,000 msec, 2,000 msec). While participants did not need to pay attention to the faces, we observed main effects of emotion for the EPN and LPP, but no interaction between emotion and presentation duration. Of note, unregistered exploratory tests per presentation duration showed no signiﬁcant EPN and LPP emotion differences during short durations (100 and 300 msec) but signiﬁcant differences with longer durations. While the presentation duration seems not to be a critical factor for EPN and LPP emotion effects, future studies are needed to investigate the role of threshold effects and the applied analytic designs to explain conﬂicting ﬁndings in the literature.","2023-03","2026-04-01 16:04:19","2026-07-14 12:53:59","2026-04-01 16:04:19","9-23","","","160","","Cortex","","36","","","","","","en","","","","","DOI.org (Crossref)","","","","C:\Users\moin\Zotero\storage\A3PLRYJG\Vormbrock et al. - 2023 - Testing stimulus exposure time as the critical factor of increased EPN and LPP amplitudes for fearfu.pdf","","Registered Report","","","","","","","","","","","","","","","","","","","","","","","","","","","","","","","","","","","","","","","","","","","","","","",""
"IMMVK2EF","journalArticle","2021","Demidenko, Michael I.; Ip, Ka I.; Kelly, Dominic P.; Constante, Kevin; Goetschius, Leigh G.; Keating, Daniel P.","Ecological stress, amygdala reactivity, and internalizing symptoms in preadolescence: Is parenting a buffer?","Cortex","","00109452","10.1016/j.cortex.2021.02.032","https://linkinghub.elsevier.com/retrieve/pii/S0010945221001209","","2021-07","2026-04-01 16:04:21","2026-07-14 12:53:11","2026-04-01 16:04:21","128-144","","","140","","Cortex","Ecological stress, amygdala reactivity, and internalizing symptoms in preadolescence","23","","","","","","en","","","","","DOI.org (Crossref)","","","","C:\Users\moin\Zotero\storage\79LXQ4CK\Demidenko et al. - 2021 - Ecological stress, amygdala reactivity, and internalizing symptoms in preadolescence Is parenting a.pdf","","Registered Report","","","","","","","","","","","","","","","","","","","","","","","","","","","","","","","","","","","","","","","","","","","","","","",""
"E56W77NV","journalArticle","2020","Scullin, Michael K.; Ball, B. Hunter; Bugg, Julie M.","Structural correlates of commission errors in prospective memory","Cortex","","00109452","10.1016/j.cortex.2019.10.013","https://linkinghub.elsevier.com/retrieve/pii/S0010945219303673","Prospective memory refers to remembering to perform an intended future action, such as remembering to take medication with breakfast. Historically, the ﬁeld has focused on failures to initially remember a prospective memory task (omission errors), but interestingly, individuals will occasionally repeat a prospective memory action after it has been completed (e.g., double dosing). These failures in prospective memory deactivation/ forgetting are termed commission errors. The current registered study investigated structural neuroimaging correlates of a laboratory measure of commission errors in 47 healthy older adults. Extant theories differed in their predicted outcomes: commission error risk was predicted to be highest in individuals with smaller medial temporal lobe volume (output monitoring theory), larger lateral prefrontal cortex volume (residual activation theory), or a combination of larger medial temporal lobe volume and smaller lateral prefrontal cortex volume (dual mechanisms theory). In registered analyses, we found that a higher number of commission errors was associated with larger medial temporal lobe/ hippocampal grey matter volume (supporting dual mechanisms theory), but not with grey or white matter volume in the lateral parietal lobe, frontal pole, or a composite of ventrolateral/dorsolateral prefrontal cortex (not supporting dual mechanisms theory). In post hoc analyses, smaller volume in the lateral orbitofrontal cortex was associated with a higher number of commission errors, possibly indicating that the dual mechanisms theory of PFC control was conceptually correct, but that a different PFC subregion than anticipated exerts control over commission errors. Collectively, the registered and post hoc analysis ﬁndings showed a functional dissociation across MTL/PFC regions that was more consistent with the dual mechanisms theory than the alternative theories.","2020-03","2026-04-01 16:04:23","2026-07-14 12:53:39","2026-04-01 16:04:23","44-53","","","124","","Cortex","","30","","","","","","en","","","","","DOI.org (Crossref)","","","","C:\Users\moin\Zotero\storage\GUH7D3NP\Scullin et al. - 2020 - Structural correlates of commission errors in prospective memory.pdf","","Registered Report","","","","","","","","","","","","","","","","","","","","","","","","","","","","","","","","","","","","","","","","","","","","","","",""
"F36LCRTB","journalArticle","2020","Faiola, Eliana; Meyhöfer, Inga; Ettinger, Ulrich","Mechanisms of smooth pursuit eye movements in schizotypy","Cortex","","00109452","10.1016/j.cortex.2019.12.008","https://linkinghub.elsevier.com/retrieve/pii/S0010945219304253","Several studies suggest that highly schizotypal individuals display a deﬁcit in smooth pursuit eye movements (SPEM), which are considered an important biomarker of schizophrenia. In schizophrenia, abnormal SPEM is thought to be driven by impairments in motion perception. In schizotypy, the processes underlying reduced SPEM performance have not been examined so far, and there are no studies on motion perception deﬁcits in schizotypy. Thus, in this registered report, we aimed to investigate whether motion perception is impaired in highly schizotypal individuals, and how it contributes to SPEM performance. On an exploratory basis, we were interested in the association between schizotypy and prediction, another mechanism underlying SPEM. To address this issue, participants with high total scores of the OxfordeLiverpool Inventory of Feelings and Experiences (O-LIFE short form) and control participants with low scores (N ¼ 86 in each group) performed a standard sinusoidal SPEM task, random dot kinematograms to measure motion perception, and a blanking SPEM task to assess prediction abilities. Group comparisons as well as mediator analyses were carried out to identify whether motion perception or prediction are responsible for SPEM performance in schizotypy. We found reduced blanking SPEM performance in schizotypes compared to controls, but no group differences regarding sinusoidal SPEM and motion perception. Although no signiﬁcant mediators were identiﬁed for SPEM performance in schizotypes, an exploratory analysis revealed an association between motion perception and SPEM gain in high, but not in low schizotypy. Our ﬁndings imply that despite the schizotypy-related impairment in prediction, motion perception seems to be a more important predictor of SPEM performance in schizotypes. A deﬁcit in prediction that does not relate to SPEM performance suggests that protective factors (e.g., other cognitive processes) might operate in schizotypal individuals to maintain SPEM performance on a healthy level.","2020-04","2026-04-01 16:04:25","2026-07-14 12:53:20","2026-04-01 16:04:25","190-202","","","125","","Cortex","","25","","","","","","en","","","","","DOI.org (Crossref)","","","","C:\Users\moin\Zotero\storage\P42JEIPH\Faiola et al. - 2020 - Mechanisms of smooth pursuit eye movements in schizotypy.pdf","","Registered Report","","","","","","","","","","","","","","","","","","","","","","","","","","","","","","","","","","","","","","","","","","","","","","",""
"P9QUBJFM","journalArticle","2023","Fürtjes, Anna E.; Cole, James H.; Couvy-Duchesne, Baptiste; Ritchie, Stuart J.","A quantified comparison of cortical atlases on the basis of trait morphometricity","Cortex","","00109452","10.1016/j.cortex.2022.11.001","https://linkinghub.elsevier.com/retrieve/pii/S0010945222003008","Background: Many different brain atlases exist that subdivide the human cortex into dozens or hundreds of regions-of-interest (ROIs). Inconsistency across studies using one or another cortical atlas may contribute to the replication crisis across the neurosciences.","2023-01","2026-04-01 16:07:47","2026-07-14 12:53:24","2026-04-01 16:07:47","110-126","","","158","","Cortex","","26","","","","","","en","","","","","DOI.org (Crossref)","","","","C:\Users\moin\Zotero\storage\MQRUCJWQ\Fürtjes et al. - 2023 - A quantified comparison of cortical atlases on the basis of trait morphometricity.pdf","","Registered Report","","","","","","","","","","","","","","","","","","","","","","","","","","","","","","","","","","","","","","","","","","","","","","",""
"IE8W2X8G","journalArticle","2021","Wang, Jin; Wagley, Neelima; Rice, Mabel L.; Booth, James R.","Semantic and syntactic specialization during auditory sentence processing in 7-8-year-old children","Cortex","","00109452","10.1016/j.cortex.2021.09.006","https://linkinghub.elsevier.com/retrieve/pii/S0010945221003075","Previous studies indicate that adults show specialized syntactic and semantic processes in both the temporal and frontal lobes during language comprehension. Neuro-cognitive models of language development argue that this specialization appears earlier in the temporal than the frontal lobe. However, there is little evidence supporting this proposed progression. Our recently published study (Wang, Rice, & Booth, 2020), using multivoxel pattern analyses, detected that children as young as 5 to 6 years old exhibit specialization and integration in the temporal lobe, but not the frontal lobe. In the current study, we used the same approach to examine semantic and syntactic specialization in children ages 7 to 8 years old. We found support for semantic specialization in the left middle temporal gyrus (MTG) for correct sentences and in the triangular part of the left inferior frontal gyrus (IFG) for incorrect sentences. We also found that the left superior temporal gyrus (STG) played an integration role and was sensitive to both semantic and syntactic processing during both correct and incorrect sentence processing. However, there was no support for syntactic specialization in 7- to 8-year-old children. As compared to our previous study on 5- to 6-year-old children, which only showed semantic specialization in the temporal lobe, the current study suggests a developmental progression to semantic specialization in the frontal lobe. This project represents an important step forward in testing neuro-cognitive models of language processing in children.","2021-12","2026-04-01 16:07:49","2026-07-14 12:54:02","2026-04-01 16:07:49","169-186","","","145","","Cortex","","37","","","","","","en","","","","","DOI.org (Crossref)","","","","C:\Users\moin\Zotero\storage\H8WJEBA8\Wang et al. - 2021 - Semantic and syntactic specialization during auditory sentence processing in 7-8-year-old children.pdf","","Registered Report","","","","","","","","","","","","","","","","","","","","","","","","","","","","","","","","","","","","","","","","","","","","","","",""
"HNR7KQZB","journalArticle","2022","Teichmann, Lina; Moerel, Denise; Rich, Anina N.; Baker, Chris I.","The nature of neural object representations during dynamic occlusion","Cortex","","00109452","10.1016/j.cortex.2022.04.009","https://linkinghub.elsevier.com/retrieve/pii/S0010945222001186","Objects disappearing brieﬂy from sight due to occlusion is an inevitable occurrence in everyday life. Yet we generally have a strong experience that occluded objects continue to exist, despite the fact that they objectively disappear. This indicates that neural object representations must be maintained during dynamic occlusion. However, it is unclear what the nature of such representation is and in particular whether it is perception-like or more abstract, for example, reﬂecting limited features such as position or movement direction only. In this study, we address this question by examining how different object features such as object shape, luminance, and position are represented in the brain when a moving object is dynamically occluded. We apply multivariate decoding methods to Magnetoencephalography (MEG) data to track how object representations unfold over time. Our methods allow us to contrast the representations of multiple object features during occlusion and enable us to compare the neural responses evoked by visible and occluded objects. The results show that object position information is represented during occlusion to a limited extent while object identity features are not maintained through the period of occlusion. Together, this suggests that the nature of object representations during dynamic occlusion is different from visual representations during perception.","2022-08","2026-04-01 16:07:52","2026-07-14 12:53:49","2026-04-01 16:07:52","66-86","","","153","","Cortex","","33","","","","","","en","","","","","DOI.org (Crossref)","","","","C:\Users\moin\Zotero\storage\Y7YQFGLA\Teichmann et al. - 2022 - The nature of neural object representations during dynamic occlusion.pdf","","Registered Report","","","","","","","","","","","","","","","","","","","","","","","","","","","","","","","","","","","","","","","","","","","","","","",""
"GJA3IV2D","journalArticle","2023","D'Agostini, Martina; Burger, Andreas M.; Franssen, Mathijs; Perkovic, Ana; Claes, Stephan; Von Leupoldt, Andreas; Murphy, Peter R.; Van Diest, Ilse","Short bursts of transcutaneous auricular vagus nerve stimulation enhance evoked pupil dilation as a function of stimulation parameters","Cortex","","00109452","10.1016/j.cortex.2022.11.012","https://linkinghub.elsevier.com/retrieve/pii/S001094522200332X","","2023-02","2026-04-01 16:07:54","2026-07-14 12:53:08","2026-04-01 16:07:54","233-253","","","159","","Cortex","","22","","","","","","en","","","","","DOI.org (Crossref)","","","","C:\Users\moin\Zotero\storage\47PPNXR6\D'Agostini et al. - 2023 - Short bursts of transcutaneous auricular vagus nerve stimulation enhance evoked pupil dilation as a.pdf","","Registered Report","","","","","","","","","","","","","","","","","","","","","","","","","","","","","","","","","","","","","","","","","","","","","","",""
"KI7RFQFD","journalArticle","2019","Ching, April Shi Min; Kim, Jeesun; Davis, Chris","Auditory–visual integration during nonconscious perception","Cortex","","00109452","10.1016/j.cortex.2019.02.014","https://linkinghub.elsevier.com/retrieve/pii/S0010945219300668","Our study proposes a test of a key assumption of the most prominent model of consciousness e the global workspace (GWS) model (e.g., Baars, 2002, 2005, 2007; Dehaene & Naccache, 2001; Mudrik, Faivre, & Koch, 2014). This assumption is that multimodal integration requires consciousness; however, few studies have explicitly tested if integration can occur between nonconscious information from different modalities. The proposed study examined whether a classic indicator of multimodal integration e the McGurk effect e can be elicited with subliminal auditoryevisual speech stimuli. We used a masked speech priming paradigm developed by Kouider and Dupoux (2005) in conjunction with continuous ﬂash suppression (CFS; Tsuchiya & Koch, 2005), a binocular rivalry technique for presenting video stimuli subliminally. Applying these techniques together, we carried out two experiments in which participants categorised auditory syllable targets which were preceded by subliminal auditoryevisual (AV) speech primes. Subliminal AV primes were either illusion-inducing (McGurk) or illusion-neutral (Incongruent) combinations of speech stimuli. In Experiment 1, the categorisation of the syllable target (“pa”) was facilitated by the same syllable prime when it was part of a McGurk combination (auditory “pa” and visual “ka”) but not when part of an Incongruent combination (auditory “pa” and visual “wa”). This dependency on speciﬁc AV combinations indicated a nonconscious AV interaction. Experiment 2 presented a different syllable target (“ta”) which matched the predicted illusory outcome of the McGurk combination e here, both the McGurk combination (auditory “pa” and visual “ka”) and the Incongruent combination (auditory “ta” and visual “ka”) failed to facilitate target categorisation. The combined results of both Experiments demonstrate a type of nonconscious multimodal interaction that is distinct from integration e it allows unimodal information that is compatible for integration (i.e., McGurk combinations) to persist and inﬂuence later processes, but does not actually combine and alter that information. As the GWS model does not account for non-integrative multimodal interactions, this places some pressure on such models of consciousness.","2019-08","2026-04-01 16:07:55","2026-07-14 12:40:48","2026-04-01 16:07:55","1-15","","","117","","Cortex","","20","","","","","","en","","","","","DOI.org (Crossref)","","","","C:\Users\moin\Zotero\storage\C4C3C8GU\Ching et al. - 2019 - Auditory–visual integration during nonconscious perception.pdf","","Registered Report","","","","","","","","","","","","","","","","","","","","","","","","","","","","","","","","","","","","","","","","","","","","","","",""
"KDR8D4S5","journalArticle","2022","Vicente-Conesa, Francisco; Giménez-Fernández, Tamara; Shanks, David R.; Vadillo, Miguel A.","The role of working memory in contextual cueing of visual attention","Cortex","","00109452","10.1016/j.cortex.2022.05.019","https://linkinghub.elsevier.com/retrieve/pii/S0010945222001721","It is usually easier to ﬁnd objects in familiar contexts that we have seen before. The type of learning that underlies this facilitation, known as contextual cueing, has been understood as an incidental and automatic process given that, among other reasons, it seems to be independent of working memory (WM) resources. This claim has found support in previous research showing that contextual cueing can be acquired latently, while participants perform a demanding WM task. However, previous studies have not always found this pattern of results and, in general, the available evidence is far from conclusive. The aim of the present study was to clarify the role of WM in contextual learning with two large-sample, conﬁrmatory experiments. Our results show a robust contextual cueing effect even when visuospatial working memory resources were recruited by a demanding secondary task.","2022-09","2026-04-01 16:11:26","2026-07-14 12:53:54","2026-04-01 16:11:26","287-298","","","154","","Cortex","","35","","","","","","en","","","","","DOI.org (Crossref)","","","","C:\Users\moin\Zotero\storage\IILE7T3G\Vicente-Conesa et al. - 2022 - The role of working memory in contextual cueing of visual attention.pdf","","Registered Report","","","","","","","","","","","","","","","","","","","","","","","","","","","","","","","","","","","","","","","","","","","","","","",""
"AWSM54UT","journalArticle","2023","Tröndle, Marius; Popov, Tzvetan; Pedroni, Andreas; Pfeiffer, Christian; Barańczuk-Turska, Zofia; Langer, Nicolas","Decomposing age effects in EEG alpha power","Cortex","","00109452","10.1016/j.cortex.2023.02.002","https://linkinghub.elsevier.com/retrieve/pii/S0010945223000345","Increasing life expectancy is prompting the need to understand how the brain changes during healthy aging. Research utilizing electroencephalography (EEG) has found that the power of alpha oscillations decrease from adulthood on. However, non-oscillatory (aperiodic) components in the data may confound results and thus require re-investigation of these ﬁndings. Thus, the present report analyzed a pilot and two additional independent samples (total N ¼ 533) of resting-state EEG from healthy young and elderly individuals. A newly developed algorithm was utilized that allows the decomposition of the measured signal into periodic and aperiodic signal components. By using multivariate sequential Bayesian updating of the age effect in each signal component, evidence across the datasets was accumulated. It was hypothesized that previously reported age-related alpha power differences will largely diminish when total power is adjusted for the aperiodic signal component.","2023-04","2026-04-01 16:11:30","2026-07-14 12:53:51","2026-04-01 16:11:30","116-144","","","161","","Cortex","","34","","","","","","en","","","","","DOI.org (Crossref)","","","","C:\Users\moin\Zotero\storage\NF2S376U\Tröndle et al. - 2023 - Decomposing age effects in EEG alpha power.pdf","","Registered Report","","","","","","","","","","","","","","","","","","","","","","","","","","","","","","","","","","","","","","","","","","","","","","",""
"IGRBUUJE","journalArticle","2022","Zhuang, Liping; Wang, Jingyi; Xiong, Bingsen; Bian, Cheng; Hao, Lei; Bayley, Peter J.; Qin, Shaozheng","Rapid neural reorganization during retrieval practice predicts subsequent long-term retention and false memory","Nature Human Behaviour","","2397-3374","10.1038/s41562-021-01188-4","https://www.nature.com/articles/s41562-021-01188-4","Active retrieval can alter the strength and content of a memory, yielding either enhanced or distorted subsequent recall. However, how consolidation influences these retrieval-induced seemingly contradictory outcomes remains unknown. Here we show that rapid neural reorganization over an eight-run retrieval practice predicted subsequent recall. Retrieval practice boosted memory retention following a 24-hour (long-term) but not 30-minute delay, and increased false memory at both delays. Long-term retention gains were predicted by multi-voxel representation distinctiveness in the posterior parietal cortex (PPC) that increased progressively over retrieval practice. False memory was predicted by unstable representation distinctiveness in the medial temporal lobe (MTL). Retrieval practice enhanced the efficiency of memory-related brain networks, through building up PPC and MTL connections with the ventrolateral and dorsolateral prefrontal cortex that predicted long-term retention gains and false memory, respectively. Our findings indicate that retrieval-induced rapid neural reorganization together with consecutive consolidation fosters long-term retention and false memories via distinct pathways.","2022-01","2026-07-13 08:31:41","2026-07-17 09:17:45","2026-07-13 08:31:41","134-145","","1","6","","Nat Hum Behav","","81","","","","Nature Publishing Group","","en","2021 The Author(s), under exclusive licence to Springer Nature Limited","","","","www.nature.com","","","","C:\Users\moin\Zotero\storage\KEERE3WP\Zhuang et al. - 2022 - Rapid neural reorganization during retrieval practice predicts subsequent long-term retention and fa.pdf","","Traditional Match","Cognitive neuroscience; Learning and memory","","","","","","","","","","","","","","","","","","","","","","","","","","","","","","","","","","","","","","","","","","","","","",""
"IXPTFNG9","journalArticle","2023","Lautenbacher, Johannes Michael; Fritsche, Immo","Agency through hierarchy? A group-based account of increased approval of social hierarchies under conditions of threatened control","Journal of Experimental Social Psychology","","0022-1031","10.1016/j.jesp.2023.104500","https://www.sciencedirect.com/science/article/pii/S0022103123000574","People whose personal control is threatened can maintain a sense of control through membership in agentic ingroups when they define their self in terms of group membership. Hierarchies within groups might be a heuristic indicator of collective agency as they foster collective goal-setting and coordinated action. Thus, we hypothesized threatened group members who were highly identified with their group to more strongly support ingroup hierarchies, particularly when they perceived hierarchy as fostering collective agency. We tested this across five preregistered experimental studies. In Study 1a (n = 412), Study 1b (n = 413), and Study 2 (n = 434), manipulated threat to personal control consistently enhanced support for ingroup hierarchies across organizational and national contexts, but only for those participants who were highly identified with the presented group. In Study 3 (n = 425), we replicated this finding by experimentally manipulating identification with the presented group. In Study 4 (n = 379), control threat increased hierarchy approval only when hierarchy was displayed as beneficial (vs. harmful) for the ingroup's collective agency. A meta-analysis across all studies provided conclusive evidence that a) there is indeed an effect of control threat on hierarchy approval, b) this effect relies on social identity processes and c) enhancing collective agency may be a key underlying motivation of this process. As predicted, our findings indicate that support for ingroup hierarchies after personal control loss is a group-based mechanism to restore personal control with collective agency beliefs.","2023-09-01","2026-07-09 08:08:14","2026-07-17 08:36:34","2026-07-09 08:08:14","104500","","","108","","Journal of Experimental Social Psychology","Agency through hierarchy?","56","","","","","","","","","","","ScienceDirect","","","","C:\Users\moin\Zotero\storage\U3YVJAX9\Lautenbacher and Fritsche - 2023 - Agency through hierarchy A group-based account of increased approval of social hierarchies under co.pdf","","Preregistered Match","Social identity; Collective action; Collective agency; Control motivation; Social hierarchies","","","","","","","","","","","","","","","","","","","","","","","","","","","","","","","","","","","","","","","","","","","","","",""
"24MUR8MS","journalArticle","2022","Tybur, Joshua M.; Croijmans, Ilja M.; van Huijstee, Dian; Çınar, Çağla; Lal, Vedika; Smeets, Monique A. M.","Disgust sensitivity relates to affective responses to – but not ability to detect – olfactory cues to pathogens","Evolution and Human Behavior","","1090-5138","10.1016/j.evolhumbehav.2022.04.006","https://www.sciencedirect.com/science/article/pii/S1090513822000277","Hundreds of studies have assessed variation in the degree to which people experience disgust toward substances associated with pathogens, but little is known about the mechanistic sources of this variation. The current investigation uses olfactory perception and threshold methods to test whether it is apparent at the cue-detection level, at the cue-interpretation level, or both. It further tests whether relations between disgust sensitivity and olfactory perception are specific to odors associated with pathogens. Two studies (N's = 119 and 160) of individuals sampled from a Dutch university each revealed that pathogen disgust sensitivity relates to valence perceptions of odors found in pathogen sources, but not to valence perceptions of odors not associated with pathogens, nor to intensity perceptions of odors of either type. Study 2, which also assessed olfactory thresholds via a three-alternative forced-choice staircase method, did not reveal a relation between pathogen disgust sensitivity and the ability to detect an odor associated with pathogens, nor an odor not associated with pathogens. In total, results are consistent with the idea that pathogen disgust sensitivity relates to how olfactory pathogen cues are interpreted after detection, but not necessarily to the ability to detect such cues.","2022-07-01","2026-07-10 07:48:02","2026-07-17 08:34:33","2026-07-10 07:48:02","284-295","","4","43","","Evolution and Human Behavior","","42","","","","","","","","","","","ScienceDirect","","","","C:\Users\moin\Zotero\storage\TY8VBJN2\Tybur et al. - 2022 - Disgust sensitivity relates to affective responses to – but not ability to detect – olfactory cues t.pdf; C:\Users\moin\Zotero\storage\M2LM4NYU\S1090513822000277.html","","Preregistered Match","Disgust; Behavioral immune system; Disgust sensitivity; Odors; Olfaction; Pathogens","","","","","","","","","","","","","","","","","","","","","","","","","","","","","","","","","","","","","","","","","","","","","",""
"4XT6WLKQ","journalArticle","2019","Meyers, Ethan A.; Białek, Michał; Fugelsang, Jonathan A.; Koehler, Derek J.; Friedman, Ori","Wronging past rights: The sunk cost bias distorts moral judgment","Judgment and Decision Making","","1930-2975","10.1017/S193029750000543X","https://www.cambridge.org/core/product/identifier/S193029750000543X/type/journal_article","When people have invested resources into an endeavor, they typically persist in it, even when it becomes obvious that it will fail. Here we show this bias extends to people’s moral decision-making. Across two preregistered experiments (N = 1592) we show that people are more willing to proceed with a futile, immoral action when costs have been sunk (Experiment 1A and 1B). Moreover, we show that sunk costs distort people’s perception of morality by increasing how acceptable they ﬁnd actions that have received past investment (Experiment 2). We ﬁnd these results in contexts where continuing would lead to no obvious beneﬁt and only further harm. We also ﬁnd initial evidence that the bias has a larger impact on judgment in immoral compared to non-moral contexts. Our ﬁndings illustrate a novel way that the past can aﬀect moral judgment. Implications for rational moral judgment and models of moral cognition are discussed.","2019-11","2026-07-13 12:01:33","2026-07-17 08:32:52","2026-07-13 12:01:33","721-727","","6","14","","Judgm. decis. mak.","Wronging past rights","65","","","","","","en","http://creativecommons.org/licenses/by-nc-nd/3.0/","","","","DOI.org (Crossref)","","","","C:\Users\moin\Zotero\storage\M88EKPJB\Meyers et al. - 2019 - Wronging past rights The sunk cost bias distorts moral judgment.pdf","","Preregistered Match","","","","","","","","","","","","","","","","","","","","","","","","","","","","","","","","","","","","","","","","","","","","","","",""
"46IGQE86","journalArticle","2023","Schreiner, Marcel R; Meiser, Thorsten; Bröder, Arndt","The binding structure of event elements in episodic memory and the role of animacy","Quarterly Journal of Experimental Psychology","","1747-0218","10.1177/17470218221096148","https://doi.org/10.1177/17470218221096148","Experienced events consist of several elements which need to be bound together in memory to represent the event in a coherent manner. Given such bindings, the retrieval of one event element should be related to the successful retrieval of another element of the same event, thus leading to a stochastic dependency of the retrieval of event elements. The way in which bindings are structured is not yet clearly established and only few moderators of the binding of event elements have been identified. We present results from three experiments aiming to distinguish between an integrated binding structure, in which event elements are bound into a unitary representation, and a hierarchical binding structure, in which event elements are preferentially bound to specific types of elements. Experiments 2 and 3 were additionally designed to identify animacy, an entity’s property of being alive, as a potential moderator of the binding of event elements. We also offer a new approach for modelling dependencies of the retrieval of event elements which mitigates some limitations of previous approaches. Consistent with previous literature, we found dependencies of the retrieval of event elements if all of an event’s constituent associations were shown. We found mixed evidence for integrated or hierarchical binding structures but found dependency of the retrieval of event elements to be sensitive to the presence of animacy in an event. The results suggest that binding structures may vary depending on moderators such as animacy or event structure awareness. Theoretical implications and directions for future research are discussed.","2023-04-01","2026-07-10 07:54:13","2026-07-17 08:32:33","2026-07-10 07:54:13","705-730","","4","76","","","","98","","","","SAGE Publications","","EN","","","","","SAGE Journals","","","","C:\Users\moin\Zotero\storage\9F4BIIZN\Schreiner et al. - 2023 - The binding structure of event elements in episodic memory and the role of animacy.pdf","","Preregistered Match","","","","","","","","","","","","","","","","","","","","","","","","","","","","","","","","","","","","","","","","","","","","","","",""
"25YE6KVP","journalArticle","2025","Viktorsson, Charlotte; Ronald, Angelica; Falck-Ytter, Terje","A Comparison of Sleep and Settle Behaviours Across Twins and Singletons at 5 Months of Age","Infant and Child Development","","1522-7219","10.1002/icd.2564","https://onlinelibrary.wiley.com/doi/abs/10.1002/icd.2564","Twin studies are important for research on genetic and environmental influences on child development, but it is imperative to test whether findings can be generalised from twins to singletons. Since the first months of life are defined by the emergence of important sleep behaviours, we compared 451 (54.8% females) twins and 77 singletons (48.1% females) on a range of sleep, settle and crying behaviours at 5 months of age. No significant differences were found regarding duration of crying or time until settled. However, singletons were reported to wake up more frequently during nighttime than twins (F(1, 509) = 35.10, p < 0.001, ηp2 = 0.065), suggesting that, when reported in twin studies, this measure might be slightly underestimated at a mean level in relation to singletons. In conclusion, despite the unique challenges and additional caregiver load of infant twins, there seem to be few differences between twins and singletons regarding parent-reported settle and crying behaviours in early infancy.","2025","2026-07-06 12:01:05","2026-07-17 08:32:10","2026-07-06 12:01:05","e2564","","1","34","","","","45","","","","","","en","© 2024 The Author(s). Infant and Child Development published by John Wiley & Sons Ltd.","","","","Wiley Online Library","","_eprint: https://onlinelibrary.wiley.com/doi/pdf/10.1002/icd.2564","","C:\Users\moin\Zotero\storage\CF3YH5JK\Viktorsson et al. - 2025 - A Comparison of Sleep and Settle Behaviours Across Twins and Singletons at 5 Months of Age.pdf","","Preregistered Match","twins; sleep; crying; settle ability; singletons","","","","","","","","","","","","","","","","","","","","","","","","","","","","","","","","","","","","","","","","","","","","","",""
"IDS8HZ54","journalArticle","2025","Shen, Xi; Anderson, Rajen A.; Pizarro, David A.","People judge third-party anger as a signal of moral character","Journal of Experimental Social Psychology","","0022-1031","10.1016/j.jesp.2025.104765","https://www.sciencedirect.com/science/article/pii/S0022103125000460","Judging others' moral character is a vital and necessary task for navigating the social world. Extending work on the function of emotions, we propose that people use others' emotions to infer their moral character. We focused on anger, an emotion that is often viewed as undesirable. We hypothesized that anger could serve as a signal of moral character, specifically when experienced after observing a third-party moral violation (i.e., when one individual behaves immorally toward another). We first examined this hypothesis by showing that people not only judged the observer who felt angry to be a better person (Studies 1–2), but they also trusted the observer more (Study 3). In Study 4, we found that such inferences can be drawn when anger was displayed, and this effect was much more pronounced for third-party violations compared to when people were treated immorally themselves. Further, we explored whether the positive effect from anger is unique from sympathy (Study 5) and cognitive recognition of the violation (6a, and 6b), and found that anger elicited a similar level of positive moral character judgment as sympathy and cognitive recognition of the violation. However, different from recognition of the violation, anger is associated with a higher expectation of behavioral engagement. These studies not only demonstrate the moral character signaling function of emotions but also contribute to an understanding of the processes by which individuals infer moral character in others.","2025-09-01","2026-07-10 08:24:29","2026-07-17 08:30:30","2026-07-10 08:24:29","104765","","","120","","Journal of Experimental Social Psychology","","50","","","","","","","","","","","ScienceDirect","","","","C:\Users\moin\Zotero\storage\FFZDAHQ6\S0022103125000460.html","","Preregistered Match","Trust; Anger; Moral character; Emotion; Person perception","","","","","","","","","","","","","","","","","","","","","","","","","","","","","","","","","","","","","","","","","","","","","",""
"M8RI72VX","journalArticle","2023","Genschow, Oliver; Pauels, Eileen; Krugmann, Katrin; Winter, Alina","Group membership does not modulate goal- versus movement-based imitation","Quarterly Journal of Experimental Psychology","","1747-0218","10.1177/17470218221132842","https://doi.org/10.1177/17470218221132842","It is often put forward that in-group members are imitated more strongly than out-group members. However, the validity of this claim has been questioned as recent investigations were not able to find differences for the imitation of in- versus out-group members. A central characteristic of these failed replications is their mere focus on movement-based imitation, thereby neglecting to take into consideration the superior goal of the movements. By using a computerised version of the pen-and-cups task, we disentangled movement- from goal-based imitation to shed further light onto the link between group membership and imitation. As previous research demonstrated that out-group members (as compared with in-group members) are represented psychologically distant and as psychological distance shifts the degree to which participants engage in goal- versus movement-based imitation, we predicted that in-group members (as compared with out-group members) shift the degree to which individuals imitate movements versus goals. The results did not confirm our predictions, as group membership does not modulate the degree of movement- versus goal-based imitation. Theoretical implications and the question whether imitative behaviour is socially modulated are discussed.","2023-04-01","2026-07-10 17:46:28","2026-07-17 08:30:15","2026-07-10 17:46:28","827-837","","4","76","","","","99","","","","SAGE Publications","","EN","","","","","SAGE Journals","","","","C:\Users\moin\Zotero\storage\8UAT2X9U\Genschow et al. - 2023 - Group membership does not modulate goal- versus movement-based imitation.pdf","","Preregistered Match","","","","","","","","","","","","","","","","","","","","","","","","","","","","","","","","","","","","","","","","","","","","","","",""
"ZYK945GM","journalArticle","2022","Schleider, Jessica L.; Mullarkey, Michael C.; Fox, Kathryn R.; Dobias, Mallory L.; Shroff, Akash; Hart, Erica A.; Roulston, Chantelle A.","A randomized trial of online single-session interventions for adolescent depression during COVID-19","Nature Human Behaviour","","2397-3374","10.1038/s41562-021-01235-0","https://www.nature.com/articles/s41562-021-01235-0","The COVID-19 pandemic has potentially increased the risk for adolescent depression. Even pre-pandemic, <50% of youth with depression accessed care, highlighting needs for accessible interventions. Accordingly, this randomized controlled trial (ClinicalTrials.gov: NCT04634903) tested online single-session interventions (SSIs) during COVID-19 in adolescents with elevated depression symptoms (N = 2,452, ages 13–16). Adolescents from all 50 US states, recruited via social media, were randomized to one of three SSIs: a behavioural activation SSI, an SSI teaching that traits are malleable and a supportive control. We tested each SSI’s effects on post-intervention outcomes (hopelessness and agency) and three-month outcomes (depression, hopelessness, agency, generalized anxiety, COVID-19-related trauma and restrictive eating). Compared with the control, both active SSIs reduced three-month depressive symptoms (Cohen’s d = 0.18), decreased post-intervention and three-month hopelessness (d = 0.16–0.28), increased post-intervention agency (d = 0.15–0.31) and reduced three-month restrictive eating (d = 0.12–17). Several differences between active SSIs emerged. These results confirm the utility of free-of-charge, online SSIs for high-symptom adolescents, even in the high-stress COVID-19 context.","2022-02","2026-07-10 17:30:33","2026-07-17 08:29:52","2026-07-10 17:30:33","258-268","","2","6","","Nat Hum Behav","","75","","","","Nature Publishing Group","","en","2021 The Author(s), under exclusive licence to Springer Nature Limited","","","","www.nature.com","","","","C:\Users\moin\Zotero\storage\URMKPE7Q\Schleider et al. - 2022 - A randomized trial of online single-session interventions for adolescent depression during COVID-19.pdf","","Preregistered Match","Public health; Human behaviour","","","","","","","","","","","","","","","","","","","","","","","","","","","","","","","","","","","","","","","","","","","","","",""
"8XHET656","journalArticle","2021","Dora, Jonas; van Hooff, Madelon; Geurts, Sabine; Kompier, Michiel; Bijleveld, Erik","Labor/leisure decisions in their natural context: The case of the smartphone","Psychonomic Bulletin & Review","","1531-5320","10.3758/s13423-020-01844-2","https://doi.org/10.3758/s13423-020-01844-2","In this research, we attempt to understand a common real-life labor/leisure decision, i.e., to perform cognitive work or to interact with one’s smartphone. In an ecologically valid experiment, participants (N = 112) could freely switch back and forth between doing a 2-back task and interacting with their own smartphone. We manipulated the value of the 2-back task (by varying the value of monetary rewards; within-subjects) and of the smartphone (by switching on and off airplane mode; within-subjects) while we recorded incoming notifications, such as text messages. Our study produced three main findings: (1) the current value of the smartphone did not increase our statistical model’s ability to predict switches from labor to leisure when the current task value was also taken into account; (2) however, participants reacted strongly to naturally incoming notifications, which were the strongest predictor of labor-to-leisure switches; (3) there was no evidence that taking into account individual differences (in the value assigned to labor and leisure) improved the model’s ability to predict labor-leisure switches. In sum, using a situated approach to studying labor/leisure decisions, our findings highlight the importance of high task motivation, as well as the temporary distractive potential of smartphone notifications, when people face the challenge of staying focused on their productive tasks.","2021-04-01","2026-07-09 08:13:39","2026-07-17 08:29:34","2026-07-09 08:13:39","676-685","","2","28","","Psychon Bull Rev","Labor/leisure decisions in their natural context","90","","","","","","en","","","","","Springer Link","","","","C:\Users\moin\Zotero\storage\9KCRYENH\Dora et al. - 2021 - Laborleisure decisions in their natural context The case of the smartphone.pdf","","Preregistered Match","Distraction; Ecological validity; Labor/leisure decision; Notification; Smartphone","","","","","","","","","","","","","","","","","","","","","","","","","","","","","","","","","","","","","","","","","","","","","",""
"QQ8LDWLA","journalArticle","2025","Dodson, Samantha J.; Goodwin, Rachael D.; Wakslak, Cheryl J.; Diekmann, Kristina A.; Graham, Jesse","She sees the trees, he sees the forest: Descriptive gender stereotypes of concreteness and abstractness","Journal of Personality and Social Psychology","","1939-1315","10.1037/pspa0000453","","We utilize social role and construal-level theories to identify and explain descriptive expectations of men’s and women’s cognition. We find evidence of gendered construal-level stereotypes in six preregistered studies and an internal meta-analysis. First, we find that people tend to implicitly associate the names of women with low-construal terms and men with high-construal terms (Study 1; N = 229). In Studies 2 (N = 150), 3 (N = 601), and 4 (N = 333), we found that people tend to describe women as more concrete than men in general and across 48 occupations, although Study 4 (N = 333) added nuance to the story, finding that women were also described as more abstract than men. Across these studies, we also found that women were described as more concrete than abstract, whereas men would be described as more abstract than concrete. These stereotypic associations were observable in the language used to recommend LinkedIn users from varying industries and occupations (Study 5; N = 549,059). Study 6 reveals that beliefs that women are more concrete than men affect their assignments to desirable and undesirable detailed tasks (N = 841), a mechanism that could perpetuate gender roles and organizational inequity. The Supplemental Materials include three additional studies that help validate the present results. Finally, we conducted an internal meta-analysis (including supplemental and file drawer studies) to summarize the main effects. We discuss the theoretical implications of this research and provide recommendations for future research. (PsycInfo Database Record (c) 2025 APA, all rights reserved)","2025","2026-07-13 11:28:01","2026-07-17 08:29:11","","1054-1082","","6","129","","","She sees the trees, he sees the forest","57","","","","American Psychological Association","US","","","","","","APA PsycNet","","","","C:\Users\moin\Zotero\storage\Y4R2LIT9\Dodson et al. - 2025 - She sees the trees, he sees the forest Descriptive gender stereotypes of concreteness and abstractn.pdf","","Preregistered Match","Theories; Stereotyped Attitudes; Occupations; Human Sex Differences; Social Cognition; Gender Roles","","","","","","","","","","","","","","","","","","","","","","","","","","","","","","","","","","","","","","","","","","","","","",""
"H5FCNUIH","journalArticle","2021","Stamos, Angelos; McLaughlin, Jack; Bruyneel, Sabrina; Dewitte, Siegfried","A preregistered study of the relationship between childhood socioeconomic background, life history strategies and conformity","Journal of Research in Personality","","0092-6566","10.1016/j.jrp.2021.104095","https://www.sciencedirect.com/science/article/pii/S0092656621000325","We conducted a high powered pre-registered study to investigate the relationship between childhood socioeconomic status, the adoption of different life history strategies and conformity. Contrary to our expectation we found no direct relationship between childhood socioeconomic background and conformity. However, we discovered a significant association between life history strategies and conformity. People who adopt fast (slow) life history strategies conform less (more) to social suggestions. Furthermore, we found a relationship between childhood socioeconomic background and life history strategies, with people from low (high) childhood socioeconomic backgrounds adopting fast (slow) life history strategies.","2021-06-01","2026-07-10 17:36:26","2026-07-17 08:28:55","2026-07-10 17:36:26","104095","","","92","","Journal of Research in Personality","","61","","","","","","","","","","","ScienceDirect","","","","C:\Users\moin\Zotero\storage\R8358I4T\S0092656621000325.html","","Preregistered Match","Conformity; Social cognition; Childhood socioeconomic background; Life histroy strategies; Social influence","","","","","","","","","","","","","","","","","","","","","","","","","","","","","","","","","","","","","","","","","","","","","",""
"L7XE2GLW","journalArticle","2026","Zambrano Garza, Elizabeth; Pauly, Theresa; Murphy, Rachel A.; Ashe, Maureen C.; Madden, Kenneth M.; Linden, Wolfgang; Gerstorf, Denis; Hoppmann, Christiane A.","Everyday moderate-to-vigorous physical activity in stroke survivors: the role of individual and joint intentions and self-efficacy","Psychology & Health","","0887-0446","10.1080/08870446.2025.2496226","https://doi.org/10.1080/08870446.2025.2496226","Corroborate and extend previous evidence on individual intentions and self-efficacy for moderate-to-vigorous physical activity in a sample of stroke survivors. Examine associations between joint (with their romantic partner) intentions and self-efficacy for moderate-to-vigorous physical activity. For up to 14 consecutive days, 88 stroke survivors (Mage = 67.84, SD = 10.79; 73% male; 35% with college degree; 82% White) reported their individual and joint intentions and self-efficacy in the morning, minutes engaged in moderate-to-vigorous physical activity in the evening and wore physical activity monitors. Individual self-efficacy was not related to moderate-to-vigorous physical activity, but individual intentions were associated with higher self-reported moderate-to-vigorous physical activity minutes. Joint variables (intentions and self-efficacy) were found to predict self-reported moderate-to-vigorous physical activity minutes, but not accelerometer-measured moderate-to-vigorous physical activity. Findings shed light on when and how individual intentions and intentions involving one’s spouse are beneficial for moderate-to-vigorous physical activity among individuals living with the effects of a stroke.","2026-07-03","2026-07-10 12:56:36","2026-07-17 08:28:36","2026-07-10 12:56:36","938-955","","7","41","","","Everyday moderate-to-vigorous physical activity in stroke survivors","82","","","","Routledge","","","","","","","Taylor and Francis+NEJM","","_eprint: https://doi.org/10.1080/08870446.2025.2496226","","C:\Users\moin\Zotero\storage\AW4J5N2J\Zambrano Garza et al. - 2026 - Everyday moderate-to-vigorous physical activity in stroke survivors the role of individual and join.pdf","","Preregistered Match","couples; MVPA; daily life research; steps","","","","","","","","","","","","","","","","","","","","","","","","","","","","","","","","","","","","","","","","","","","","","",""
"A7TF85LJ","journalArticle","2025","Liu, Jinyi; Conner, Mark; O’Connor, Daryl B.","Trait self-compassion, daily stress and eating behaviours: a daily diary study","Psychology & Health","","0887-0446","10.1080/08870446.2025.2575070","https://doi.org/10.1080/08870446.2025.2575070","Self-compassion is associated with reduced stress and health-promoting behaviours through enabling a positive attitude towards the self in times of difficulty. However, limited research has investigated the role of self-compassion in understanding the relationship between daily stress and eating styles. This study examined whether trait self-compassion was associated with daily eating behaviours and eating styles. It also tested moderation and mediation models that linked trait self-compassion, daily stress and daily eating. A sample of 146 individuals completed a measure of trait self-compassion at baseline and then a 7-day daily diary. At baseline, self-compassion was found to be associated with uncontrolled, restrained, emotional, and intuitive eating styles. Multilevel modelling found that daily hassles were positively associated with total snacking (unhealthy and healthy) behaviours. Trait self-compassion was associated with less daily hassles. However, self-compassion was not associated with between-meal snack consumption and did not moderate daily stress-snacking relationships. Multilevel mediation analyses revealed no indirect effects of self-compassion on between-meal snacking, daily hassles or uplifts. Future research ought to replicate the current findings and explore fluctuations in self-compassion at a daily level. Greater understanding of a state-trait approach to self-compassion is warranted for the associations with daily stress and eating behaviours.","2025-10-16","2026-07-13 08:16:46","2026-07-17 08:28:06","2026-07-13 08:16:46","1-16","","0","0","","","Trait self-compassion, daily stress and eating behaviours","83","","","","Routledge","","","","","","","Taylor and Francis+NEJM","","_eprint: https://doi.org/10.1080/08870446.2025.2575070","","C:\Users\moin\Zotero\storage\DRBXRNNR\Liu et al. - 2025 - Trait self-compassion, daily stress and eating behaviours a daily diary study.pdf","","Preregistered Match","mindfulness; Daily hassles; daily uplifts; eating styles; snacking","","","","","","","","","","","","","","","","","","","","","","","","","","","","","","","","","","","","","","","","","","","","","",""
"YUIY36QE","journalArticle","2022","Goedderz, Alexandra; Hahn, Adam","Biases left unattended: People are surprised at racial bias feedback until they pay attention to their biased reactions","Journal of Experimental Social Psychology","","0022-1031","10.1016/j.jesp.2022.104374","https://www.sciencedirect.com/science/article/pii/S0022103122000932","Why are people surprised at racial bias feedback, such as test results from Implicit Association Tests (IATs), even though they can predict their IAT racial bias scores prospectively? The present research tested three hypotheses: People are surprised at racial bias feedback due to (1) the feedback wording, (2) implicit evaluations often being preconscious and unattended, or because (3) pretending to be surprised at racial bias feedback is socially desirable. One pilot, four preregistered studies, and a mini-meta-analysis supported hypothesis (2): Although racial biases such as those reflected on IAT scores are observable, people rarely pay attention to them. Specifically, predicting IAT results (Studies 2-4b) and encouragement to pay attention to one's biased reactions before IAT completion (Study 3) reduced surprise, independent of explanation of “implicit bias” (Study 4b). Contradicting the social-desirability hypothesis (3), neither encouragement to admit to bias in the form of abstract predictions (Study 3), nor non-threatening explanations of implicit bias (Study 4b), reduced surprise in the absence of encouragement to pay attention to one's own biases. Speaking against hypothesis (1), surprise was independent of feedback severity (Studies 1–3); and the prediction effect was mediated by recognition of bias, but not correspondence of predictions and feedback (Study 3). These studies suggest that surprise is a consequence of the preconscious nature of automatic social cognitions: People may be motivated to keep consciously accessible racial biases out of awareness. Implications for theories of implicit social cognition and the generality of these effects beyond research on implicit bias are discussed.","2022-09-01","2026-07-13 20:16:11","2026-07-17 08:27:48","2026-07-13 20:16:11","104374","","","102","","Journal of Experimental Social Psychology","Biases left unattended","49","","","","","","","","","","","ScienceDirect","","","","C:\Users\moin\Zotero\storage\B8QJ2AGD\S0022103122000932.html; C:\Users\moin\Zotero\storage\JI4U4FPV\Goedderz and Hahn - 2022 - Biases left unattended People are surprised at racial bias feedback until they pay attention to the.pdf","","Preregistered Match","Attitudes; Implicit bias; Unconscious; IAT; Preconscious","","","","","","","","","","","","","","","","","","","","","","","","","","","","","","","","","","","","","","","","","","","","","",""
"KQIM3FWT","journalArticle","2025","de Waard, Jasper; Theeuwes, Jan; Bogaerts, Louisa","Taking time: Auditory statistical learning benefits from distributed exposure","Psychonomic Bulletin & Review","","1531-5320","10.3758/s13423-024-02634-w","https://doi.org/10.3758/s13423-024-02634-w","In an auditory statistical learning paradigm, listeners learn to partition a continuous stream of syllables by discovering the repeating syllable patterns that constitute the speech stream. Here, we ask whether auditory statistical learning benefits from spaced exposure compared with massed exposure. In a longitudinal online study on Prolific, we exposed 100 participants to the regularities in a spaced way (i.e., with exposure blocks spread out over 3 days) and another 100 in a massed way (i.e., with all exposure blocks lumped together on a single day). In the exposure phase, participants listened to streams composed of pairs while responding to a target syllable. The spaced and massed groups exhibited equal learning during exposure, as indicated by a comparable response-time advantage for predictable target syllables. However, in terms of resulting long-term knowledge, we observed a benefit from spaced exposure. Following a 2-week delay period, we tested participants’ knowledge of the pairs in a forced-choice test. While both groups performed above chance, the spaced group had higher accuracy. Our findings speak to the importance of the timing of exposure to structured input and also for statistical learning outside of the laboratory (e.g., in language development), and imply that current investigations of auditory statistical learning likely underestimate human statistical learning abilities.","2025-08-01","2026-07-09 11:51:36","2026-07-17 08:27:29","2026-07-09 11:51:36","1562-1571","","4","32","","Psychon Bull Rev","Taking time","91","","","","","","en","","","","","Springer Link","","","","C:\Users\moin\Zotero\storage\UDYCGIA4\de Waard et al. - 2025 - Taking time Auditory statistical learning benefits from distributed exposure.pdf","","Preregistered Match","Language learning; Longitudinal; Auditory; Distributed learning; Spacing effect; Statistical learning","","","","","","","","","","","","","","","","","","","","","","","","","","","","","","","","","","","","","","","","","","","","","",""
"GM8F6LYB","journalArticle","2026","Murphy, Dillon H.; Brewer, Gene A.","The impact of thought probes and other encoding interruptions on memory","Quarterly Journal of Experimental Psychology","","1747-0218","10.1177/17470218251398503","https://doi.org/10.1177/17470218251398503","Whenever we work towards completing a task, such as learning some information, we are susceptible to attentional lapses where our thoughts stray from the demands of the current task to something unrelated (i.e., mind-wandering). Although prior work indicates that the presence of mind-wandering probes (used to measure task-unrelated thoughts) in a cognitive task may not impact the measurement of abilities like processing speed, there could be reactive effects involving memory. We examined whether mind-wandering probes can impact memory by having participants study lists of words to remember for later tests; at pseudo-random intervals during encoding, participants either responded to mind-wandering probes, answered math problems, had unfilled interstimulus intervals, or studied the lists without any interruptions. Results revealed that mind-wandering probes (or other interruptions) do not significantly impact overall memory performance (though there may be some impact on items immediately preceding or following a probe) or the temporal dynamics of episodic memory. Thus, the present study suggests that using mind-wandering probes introduces minimal unexpected bias into research designs such that these interruptions do not adversely affect or benefit memory performance, consistent with prior research focused primarily on other cognitive domains.","2026-05-01","2026-07-13 08:46:18","2026-07-17 08:27:05","2026-07-13 08:46:18","1283-1297","","5","79","","","","100","","","","SAGE Publications","","EN","","","","","SAGE Journals","","","","C:\Users\moin\Zotero\storage\NLESZTTS\Murphy and Brewer - 2026 - The impact of thought probes and other encoding interruptions on memory.pdf","","Preregistered Match","","","","","","","","","","","","","","","","","","","","","","","","","","","","","","","","","","","","","","","","","","","","","","",""
"HLHXQ2TX","journalArticle","2025","Kaduk, Kristin; Petrella, Alessandro; Müller, Sophie J.; Koenig, Julian; Kroemer, Nils B.","Non-Invasive Auricular Vagus Nerve Stimulation Decreases Heart Rate Variability Independent of Caloric Load","Psychophysiology","","1469-8986","10.1111/psyp.70017","https://onlinelibrary.wiley.com/doi/abs/10.1111/psyp.70017","The vagus nerve is crucial in regulating physiological functions, including the cardiovascular system. While heart rate (HR) and its variability (HRV) may provide non-invasive proxies of cardiac vagal activity, transcutaneous auricular vagus nerve stimulation (taVNS) has yielded mixed effects, with limited research on right branch stimulation. In a randomized crossover study with 36 healthy participants, we investigated taVNS effects on HR and HRV indexed by SDRR, RMSSD, HF-HRV, and LF/HF ratio. To assess the impact of the stimulation side (left vs. right ear) on cardiovascular indices and interaction with the physiological state, we recorded electrocardiograms in four sessions per person, covering three session phases: baseline, during stimulation (taVNS vs. sham), and post-milkshake consumption with stimulation. First, we found moderate evidence against taVNS affecting HR (BF10 = 0.21). Second, taVNS decreased HRV (multivariate p = 0.004) independent of physiological state, with strong evidence for RMSSD (BF10 = 15.11) and HF-HRV (BF10 = 11.80). Third, taVNS-induced changes were comparable across sides and stronger than sham, indicating consistent cardiovascular effects independent of the stimulation side. We conclude that taVNS reduces HRV as indexed by RMSSD, HF-HRV, and SDRR without altering HR, contradicting the assumption that taVNS per se increases cardiovagal activity as indexed by increased HRV due to stimulating vagal afferents. Instead, our results support the role of vagal afferent activation in arousal. Crucially, taVNS on both sides can safely modulate the cardiovascular system without increasing the risk of bradycardia or causing adverse events in healthy participants, offering new treatment possibilities.","2025","2026-07-12 20:03:24","2026-07-17 08:26:43","2026-07-12 20:03:24","e70017","","2","62","","","","93","","","","","","en","© 2025 The Author(s). Psychophysiology published by Wiley Periodicals LLC on behalf of Society for Psychophysiological Research.","","","","Wiley Online Library","","_eprint: https://onlinelibrary.wiley.com/doi/pdf/10.1111/psyp.70017","","C:\Users\moin\Zotero\storage\YI2WMHWQ\Kaduk et al. - 2025 - Non-Invasive Auricular Vagus Nerve Stimulation Decreases Heart Rate Variability Independent of Calor.pdf; C:\Users\moin\Zotero\storage\GRSHZR28\psyp.html","","Preregistered Match","autonomic nervous system; cardiac vagal activity; ECG; milkshake; taVNS","","","","","","","","","","","","","","","","","","","","","","","","","","","","","","","","","","","","","","","","","","","","","",""
"IPCBUP7P","journalArticle","2025","Furman, Celina R.; Volz, Sarah C.; Mann, Traci; Rothman, Alexander J.","How multiple motives facilitate decisions to exercise in contexts with tempting alternatives: evidence from two scenario studies","Psychology & Health","","0887-0446","10.1080/08870446.2025.2560360","https://doi.org/10.1080/08870446.2025.2560360","Both affectively-charged and reflective motivation may be necessary to sustain recommended physical activity (PA) guidelines, especially in contexts with tempting alternatives. However, our understanding of how different sources of motivation facilitate PA across contexts is limited. This paper presents a novel value-based model that specifies how affectively-charged and reflective motivation interact to support PA decisions based on available alternatives at a given decision point. Two scenario studies tested model assumptions by examining one’s general intrinsic motivation for PA (form of affectively-charged motivation), and the reasons one would think of to motivate their PA when faced with alternatives with varying levels of temptingness. In less tempting scenarios, intrinsic motivation was positively associated with selection of affective reasons (Study 1). In more tempting scenarios, instrumental reasons were generally selected, although the specific type of reason differed based on intrinsic motivation (Study 2). Findings suggest that instrumental reasons, which motivate behavior through reflective processes, may be particularly important for people when faced with highly tempting alternatives or if they do not find PA to be intrinsically rewarding. More research is needed to determine whether these patterns of motive selection effectively facilitate behavior.","2025-09-17","2026-07-09 07:51:04","2026-07-17 08:26:24","2026-07-09 07:51:04","1-28","","0","0","","","How multiple motives facilitate decisions to exercise in contexts with tempting alternatives","84","","","","Routledge","","","","","","","Taylor and Francis+NEJM","","_eprint: https://doi.org/10.1080/08870446.2025.2560360","","C:\Users\moin\Zotero\storage\ZRP4JWJX\Furman et al. - 2025 - How multiple motives facilitate decisions to exercise in contexts with tempting alternatives eviden.pdf","","Preregistered Match","motivation; decision-making; exercise; health behavior; Physical activity","","","","","","","","","","","","","","","","","","","","","","","","","","","","","","","","","","","","","","","","","","","","","",""
"4SQJXC3S","journalArticle","2026","Matsumoto, Noboru; Fujino, Masahiro; Sekine, Hana; Yoshida, Eri; Watson, Lynn Ann; Isham, Aleksandra Eriksen; Barzykowski, Krystian","Shinshu mindful study: can mindfulness training change the retrieval mode of autobiographical memory?","Memory","","0965-8211","10.1080/09658211.2026.2628213","https://doi.org/10.1080/09658211.2026.2628213","Researchers have suggested that interoception can trigger the retrieval of autobiographical memories or influence the subjective sense of retrieval mode (e.g., involuntary or voluntary). This study examined whether four sessions of mindfulness training, aimed at improving interoceptive processing over eight weeks, can alter autobiographical memory retrieval and perceived retrieval mode in a community sample. 26 participants in the mindfulness group and 30 participants in the waitlist control group completed the study (Mage = 34.80 ± 12.68). In the mindfulness group, participants showed a decrease in perceived retrieval suddenness and an increase in perceived retrieval effort for involuntary memories, and an increase in perceived generative retrieval for voluntary memories. Retrieval latency, frequency, and memory specificity did not change with training. Although heart rate acceleration was observed immediately before memory responses judged as being directly retrieved, this physiological response remained unchanged with training. Reported interoceptive sensibility and dispositional mindfulness increased significantly in the mindfulness group over time, but these changes did not predict changes in retrieval mode variables. The results suggest that mindfulness training leads to more deliberate, effortful memory retrieval, but changes in interoceptive processing may not support changes in retrieval. Clinical implications for reducing intrusive memory and its emotional impact are discussed.","2026-04-21","2026-07-10 13:05:42","2026-07-17 08:26:00","2026-07-10 13:05:42","414-432","","4","34","","","Shinshu mindful study","69","","","","Routledge","","","","","","","Taylor and Francis+NEJM","","_eprint: https://doi.org/10.1080/09658211.2026.2628213","","C:\Users\moin\Zotero\storage\Q9NGAX9F\Matsumoto et al. - 2026 - Shinshu mindful study can mindfulness training change the retrieval mode of autobiographical memory.pdf","","Preregistered Match","mindfulness; Autobiographical memory; heart rate; interoception; involuntary memory","","","","","","","","","","","","","","","","","","","","","","","","","","","","","","","","","","","","","","","","","","","","","",""
"HK6P6AYG","journalArticle","2023","Dietrich, Bryce J.; Sands, Melissa L.","Seeing racial avoidance on New York City streets","Nature Human Behaviour","","2397-3374","10.1038/s41562-023-01589-7","https://www.nature.com/articles/s41562-023-01589-7","Here, using publicly available traffic camera feeds in combination with a real-world field experiment, we examine how pedestrians of different races behave in the presence of racial out-group members. Across two different New York City neighbourhoods and 3,552 pedestrians, we generate an unobtrusive, large-scale measure of inter-group racial avoidance by measuring the distance individuals maintain between themselves and other racial groups. We find that, on average, pedestrians in our sample (93% of whom were phenotypically non-Black) give a wider berth to Black confederates, as compared with white non-Hispanic confederates.","2023-08","2026-07-03 06:44:32","2026-07-17 08:25:37","2026-07-03 06:44:32","1275-1281","","8","7","","Nat Hum Behav","","72","","","","Nature Publishing Group","","en","2023 The Author(s), under exclusive licence to Springer Nature Limited","","","","www.nature.com","","","","C:\Users\moin\Zotero\storage\3ERX3LS4\Dietrich and Sands - 2023 - Seeing racial avoidance on New York City streets.pdf","","Preregistered Match","Human behaviour; Politics and international relations","","","","","","","","","","","","","","","","","","","","","","","","","","","","","","","","","","","","","","","","","","","","","",""
"ITD6E72M","journalArticle","2025","Mohammadi, Sarah; Hales, Andrew H.","From ostracized to pleased: How fair and unfair social exclusion activates schadenfreude","Journal of Experimental Social Psychology","","0022-1031","10.1016/j.jesp.2025.104786","https://www.sciencedirect.com/science/article/pii/S0022103125000678","People sometimes derive pleasure from the misfortune of others. Here, we investigate social ostracism as a multifaceted trigger of this complex emotion: schadenfreude. Building on the theories of fairness perception, ostracism, and justice-based schadenfreude, we propose that both experiencing and merely observing ostracism can elicit schadenfreude toward an ostracizer. This response is primarily driven by two factors: (1) the (un)fairness of the ostracism itself and (2) the perceived deservingness of an ostracizer to face negative consequences. Four preregistered experiments support these predictions. People who are ostracized (Study 1; N = 338) experience schadenfreude specifically toward their excluders but not toward uninvolved individuals, indicating that this response is directed rather than generalized. Not just targets but also third-party observers (Study 2; N = 82) report schadenfreude toward the ostracizer. Supporting the justice-based account, among both targets and observers (Study 3; N = 624), ostracism-induced schadenfreude is statistically accounted for by the perceived deservingness of the ostracizer to experience negative outcomes. Finally, providing direct causal evidence, ostracism elicited schadenfreude, but only when experimentally manipulated to be unfair (Study 4; N = 479): excluders who unfairly ostracized well-behaved individuals elicited greater schadenfreude than those who fairly ostracized provocative norm-violators. This indicates the fairness of exclusion influences perceptions of how much an ostracizer deserves misfortune, and thus the subsequent schadenfreude. Together, findings document a previously unexplored consequence of ostracism: the emergence of schadenfreude as a moral emotion in response to unfair exclusion.","2025-09-01","2026-07-06 12:08:51","2026-07-17 08:25:08","2026-07-06 12:08:51","104786","","","120","","Journal of Experimental Social Psychology","From ostracized to pleased","52","","","","","","","","","","","ScienceDirect","","","","C:\Users\moin\Zotero\storage\44RAVZT5\S0022103125000678.html","","Preregistered Match","Deservingness; Fairness perception; Ostracism; Schadenfreude; Social exclusion","","","","","","","","","","","","","","","","","","","","","","","","","","","","","","","","","","","","","","","","","","","","","",""
"2V5FVPYD","journalArticle","2020","Miller, Matthew W.; Bacelar, Mariane F. B.; Feiss, Robyn S.; Daou, Marcos; Alderman, Brandon L.; Ekkekakis, Panteleimon","P3b as an electroencephalographic index of automatic associations of exercise-related images","International Journal of Psychophysiology","","0167-8760","10.1016/j.ijpsycho.2020.10.004","https://www.sciencedirect.com/science/article/pii/S0167876020302488","Objective Interest in automatic associations of exercise and physical activity as potential contributors to behavior is rising. However, the measurement of these associations presents a challenge, since the reliability and validity of behavioral tests (despite their widespread usage) is unsatisfactory by most accounts. As a possible alternative, an electroencephalographic (EEG) index (i.e., P3b amplitude) was examined in the present study. Design We used a mixed-factor design, with one group of insufficiently and one group of sufficiently physically active participants being compared across different experimental conditions. Methods Thirty-seven insufficiently and thirty-six sufficiently active participants viewed exercise-related images presented within series of negative, neutral, or positive images and rated all images as negative (unpleasant) or positive (pleasant) while EEG recordings were obtained. The amplitude of the P3b component of the EEG-derived event-related potential, time-locked to the onset of exercise images in each context (series), was extracted as the dependent variable. Results Insufficiently active participants rated the exercise-related images as neutral-to-positive, whereas sufficiently active participants rated the images as positive. However, all participants exhibited the smallest P3b amplitude when the images were presented in the neutral context, suggesting that the images were registering as neutral. Conclusion Exercise-related images may evoke neutral automatic associations, but these associations may differ from how individuals reflectively rate the same images. P3b amplitude may be useful in detecting such discrepancies and potentially a promising (evidence-based) option for assessing automatic associations of exercise stimuli.","2020-12-01","2026-07-10 07:58:39","2026-07-17 08:24:43","2026-07-10 07:58:39","114-122","","","158","","International Journal of Psychophysiology","","48","","","","","","","","","","","ScienceDirect","","","","C:\Users\moin\Zotero\storage\NJ9NLLKD\S0167876020302488.html","","Preregistered Match","Physical activity; Automatic associations; Dual-process models; Implicit attitudes","","","","","","","","","","","","","","","","","","","","","","","","","","","","","","","","","","","","","","","","","","","","","",""
"IGBSSI7N","journalArticle","2023","Schmuck, Jonas; Schnuerch, Robert; Kirsten, Hannah; Shivani, Vanishree; Gibbons, Henning","The influence of selective attention to specific emotions on the processing of faces as revealed by event-related brain potentials","Psychophysiology","","1469-8986","10.1111/psyp.14325","https://onlinelibrary.wiley.com/doi/abs/10.1111/psyp.14325","Event-related potential studies using affective words have indicated that selective attention to valence can increase affective discrimination at early perceptual stages. This effect most likely relies on neural associations between perceptual features of a stimulus and its affective value. Similar to words, emotional expressions in human faces are linked to specific visual elements. Therefore, selectively attending to a given emotion should allow for the preactivation of neural networks coding for the emotion and associated first-order visual elements, leading to enhanced early processing of faces expressing the attended emotion. To investigate this, we employed an expression detection task (N = 65). Fearful, happy, and neutral faces were randomly presented in three blocks while participants were instructed to respond only to one predefined target level of expression in each block. Reaction times were the fastest for happy target faces, which was accompanied by an increased occipital P1 for happy compared with fearful faces. The N170 yielded an arousal effect (emotional > neutral) while both components were not modulated by target status. In contrast, the early posterior negativity (EPN) arousal effect tended to be larger for target compared with nontarget faces. The late positive potential (LPP) revealed large effects of status and expression as well as an interaction driven by an increased LPP specifically for nontarget fearful faces. These findings tentatively indicate that selective attention to facial affect may enhance early emotional processing (EPN) even though further research is needed. Moreover, late controlled processing of facial emotions appears to involve a negativity bias.","2023","2026-07-13 08:40:59","2026-07-17 08:24:26","2026-07-13 08:40:59","e14325","","10","60","","","","94","","","","","","en","© 2023 The Authors. Psychophysiology published by Wiley Periodicals LLC on behalf of Society for Psychophysiological Research.","","","","Wiley Online Library","","_eprint: https://onlinelibrary.wiley.com/doi/pdf/10.1111/psyp.14325","","C:\Users\moin\Zotero\storage\DC2Q9ZDA\Schmuck et al. - 2023 - The influence of selective attention to specific emotions on the processing of faces as revealed by.pdf; C:\Users\moin\Zotero\storage\85JDZPS7\psyp.html","","Preregistered Match","event-related potentials; early posterior negativity; emotion-attention interaction; emotional faces; late positive potential; selective attention","","","","","","","","","","","","","","","","","","","","","","","","","","","","","","","","","","","","","","","","","","","","","",""
"PL8UBHGD","journalArticle","2022","Fessinger, Melanie B.; Kovera, Margaret Bull","From whose perspective? Differences between actors and observers in determining the voluntariness of guilty pleas","Law and Human Behavior","","1573-661X","10.1037/lhb0000501","","Objective: Valid guilty pleas must be made voluntarily, yet most defendants report that they did not feel part of the decision-making process or responsible for the decision. Defendants and judges both play a role in determining whether guilty pleas are voluntary. The actor–observer bias suggests that defendants and judges perceive the decision-making process differently given the nature of their roles. The present studies applied this framework to assess the complexity of voluntary plea decision-making. Hypotheses: We expected observers would rate pleas as more voluntary than would actors. We also expected participants to rate pleas made by guilty defendants as more voluntary than those made by innocent defendants and to view pleas made with voice as more voluntary than those made without voice. Finally, we expected the effect of guilt and voice on voluntariness to differ for actors and observers. Method: Participants were Amazon’s Mechanical Turk workers (Study 1: N = 202, Study 2: N = 626) who had a history of high-quality performance on past tasks, were roughly evenly split between men (Study 1: 52%, Study 2: 53%) and women (Study 1: 48%, Study 2: 47%), and were primarily White/non-Hispanic (Study 1: 84%, Study 2: 75%). They watched video-recorded materials about a criminal case in which a defendant decided how to plead. The materials varied the participant’s role (actor, observer), the defendant’s guilt (innocent, guilty), and whether the defendant had a voice in the decision-making process (no voice, voice). Participants then rated the voluntariness of the decision-making process. Results: In both studies, actors rated pleas as more voluntary than did observers. Participants rated guilty pleas as more voluntary when the defendant was guilty compared with innocent. Participants also rated pleas as more voluntary when the defendant had a voice in the decision-making process compared with when the defendant did not have a voice, but the difference was bigger for observers than for actors. Conclusions: Defendants and judges both determine whether a guilty plea is made voluntarily. These decision-makers are likely to perceive the plea decision-making process differently given their differing perspectives. There was also a large effect of voice on whether decisions were perceived to be voluntary. Individuals who play a role in the plea decision-making process should ensure that defendants have a proper opportunity to express their opinions and preferences about the decision. (PsycInfo Database Record (c) 2025 APA, all rights reserved)","2022","2026-07-13 11:45:27","2026-07-17 08:23:59","","353-371","","5","46","","","From whose perspective?","66","","","","Educational Publishing Foundation","US","","","","","","APA PsycNet","","","","C:\Users\moin\Zotero\storage\Y8MUVNYZ\Fessinger and Kovera - 2022 - From whose perspective Differences between actors and observers in determining the voluntariness of.pdf","","Preregistered Match","Decision Making; Observers; Cognitive Bias; Defendants; Guilt; Judges; Legal Processes; Procedural Justice; Role Taking","","","","","","","","","","","","","","","","","","","","","","","","","","","","","","","","","","","","","","","","","","","","","",""
"IF4V2YWS","journalArticle","2021","Kunst, L. E.; Bekker, M. H. J.; Maas, J.; van Assen, M. A. L. M.; Duijndam, S.; Riem, M. M. E.","The role of autonomy-connectedness in stress-modulating effects of social support in women: An experimental study using a virtual Trier Social Stress Test","International Journal of Psychophysiology","","0167-8760","10.1016/j.ijpsycho.2021.10.013","https://www.sciencedirect.com/science/article/pii/S0167876021009090","Social support is associated with mental well-being and favorable therapy outcomes. As autonomy-connectedness, the capacity for self-governance in interpersonal context, may affect reliance on others, we investigated whether stress-modulating effects of social support are moderated by autonomy-connectedness. Ninety-seven undergraduates completed measures on autonomy-connectedness and trait social anxiety, and attended a laboratory session with a friend (support) or alone (control). All underwent a virtual Trier Social Stress Test and completed anxiety, cortisol and heart rate (variability) measures. Preregistered analyses revealed that social support reduced anxiety reactivity and delayed heart rate variability decreases, but not heart rate. Contrary to hypotheses, autonomy-connectedness did not predict stress-reactivity or interact with condition. Exploratory analyses suggested effects of social support on cortisol reactivity and indicated that reported support quality varied by trait anxiety and self-awareness. Our findings underline the stress-modulating effects of social support and suggest that social support can benefit individuals with varying levels of autonomy-connectedness.","2021-12-01","2026-07-14 06:55:36","2026-07-17 08:23:44","2026-07-14 06:55:36","198-209","","","170","","International Journal of Psychophysiology","The role of autonomy-connectedness in stress-modulating effects of social support in women","47","","","","","","","","","","","ScienceDirect","","","","C:\Users\moin\Zotero\storage\C3RTCAH8\Kunst et al. - 2021 - The role of autonomy-connectedness in stress-modulating effects of social support in women An exper.pdf; C:\Users\moin\Zotero\storage\NJL5RVDD\S0167876021009090.html","","Preregistered Match","Anxiety; Autonomy; Social support; Autonomy-connectedness; Stress-reactivity","","","","","","","","","","","","","","","","","","","","","","","","","","","","","","","","","","","","","","","","","","","","","",""
"WY4LVPMJ","journalArticle","2021","Diel, Kathi; Broeker, Laura; Raab, Markus; Hofmann, Wilhelm","Motivational and emotional effects of social comparison in sports","Psychology of Sport and Exercise","","1469-0292","10.1016/j.psychsport.2021.102048","https://www.sciencedirect.com/science/article/pii/S1469029221001667","The comparison to other athletes and the resulting effects on emotion, motivation and effort investment are a natural and integral part of sports performance. The current study tested a bias toward upward comparison in athletes. Further it tested how comparison processes influence motivation (i.e., self-improvement motivation, coasting, disengagement), emotion (e.g. happiness and shame) and performance improvement as a behavioral measure of effort. Freshmen from an elite sport university volunteered to participate in an experience sampling study conducted over one semester (6 months). Contrary to our predictions, athletes did not generally compare more upward than downward, and only few subscales of the two sport-specific dispositional measures (sport-specific achievement motivation and sport orientation) predicted upward comparison. As hypothesized, upward comparison to moderately better standards was associated with greater motivation while extreme upward comparison was related to a drop in motivation and increased disengagement. Still, upward comparison during the semester significantly predicted performance at the end of the semester. Downward comparison was related to coasting motivation and lower levels of performance. Happiness decreased with upward and increased with downward comparison. The opposite was true for feelings of shame. This research emphasizes the role of the social environment in sports and how training partners depending on their inferiority or superiority can boost or hinder motivation and performance in athletes.","2021-11-01","2026-07-09 08:53:55","2026-07-17 08:23:22","2026-07-09 08:53:55","102048","","","57","","Psychology of Sport and Exercise","","88","","","","","","","","","","","ScienceDirect","","","","C:\Users\moin\Zotero\storage\7DTRMTRP\Diel et al. - 2021 - Motivational and emotional effects of social comparison in sports.pdf","","Preregistered Match","Motivation; Athletes; Performance; Emotion; Social comparison","","","","","","","","","","","","","","","","","","","","","","","","","","","","","","","","","","","","","","","","","","","","","",""
"8YJ8TEWU","journalArticle","2021","Bridgland, Victoria M. E.; Takarangi, Melanie K. T.","Danger! Negative memories ahead: the effect of warnings on reactions to and recall of negative memories","Memory","","0965-8211","10.1080/09658211.2021.1892147","https://doi.org/10.1080/09658211.2021.1892147","A trigger warning is an alert that upcoming material containing distressing themes might “trigger” the details and emotion associated with a negative memory to come to mind. Warnings supposedly prevent or minimise this distress. But, do warnings really have this effect? To simulate the experience described above, here, we examined whether warning participants—by telling them that recalling a negative event would be distressing—would change characteristics associated with the immediate and delayed recall of a negative event (such as phenomenology e.g., vividness, sense of reliving), compared to participants who we did not warn. Generally, we found that time helps to heal the “emotional wounds” associated with negative memories: negative characteristics—such as emotion, vividness etc.—faded over time. However, the event’s emotional impact (the frequency of experiences related to the event such as “I had trouble staying asleep”), subsided less over a two-week delay for participants who were warned in the first session. Our findings suggest that warning messages may prolong the negative characteristics associated with memories over time, rather than prepare people to recall a negative experience.","2021-03-16","2026-07-13 08:12:49","2026-07-17 08:23:04","2026-07-13 08:12:49","319-329","","3","29","","","Danger! Negative memories ahead","70","","","","Routledge","","","","","","","Taylor and Francis+NEJM","","_eprint: https://doi.org/10.1080/09658211.2021.1892147","","C:\Users\moin\Zotero\storage\FMFLGPFR\Bridgland and Takarangi - 2021 - Danger! Negative memories ahead the effect of warnings on reactions to and recall of negative memor.pdf","","Preregistered Match","misinformation; autobiographical memory; nocebo effects; Trigger warnings; warnings","","","","","","","","","","","","","","","","","","","","","","","","","","","","","","","","","","","","","","","","","","","","","",""
"BXTP9WRJ","journalArticle","2023","Kim, Sahoon; Goncalo, Jack A.; Rodas, Maria A.","The cost of freedom: Creative ideation boosts both feelings of autonomy and the fear of judgment","Journal of Experimental Social Psychology","","0022-1031","10.1016/j.jesp.2022.104432","https://www.sciencedirect.com/science/article/pii/S0022103122001512","Heeding growing calls to investigate the downstream consequences of being creative for psychological well-being, we propose that the consequences of creativity can be a double-edged sword—boosting feelings of autonomy while at the same time triggering a fear of judgment. In three pre-registered experiments (N = 740), participants were asked to generate either creative or non-creative ideas. Participants in the creative (vs. non-creative) condition reported feeling a higher sense of autonomy while completing the task (Study 1). This feeling of autonomy emerged because participants instructed to generate creative ideas were able to cross multiple idea domains and cross idea boundaries during the process (Studies 2 and 3). However, creative ideation also increased evaluation apprehension because the freedom to think divergently affords the opportunity for choice, which heightens the fear of judgment (Study 3). We discuss the implications of our findings for the promise and peril of creative ideation as a psychological intervention to improve well-being.","2023-03-01","2026-07-10 08:19:46","2026-07-17 08:22:50","2026-07-10 08:19:46","104432","","","105","","Journal of Experimental Social Psychology","The cost of freedom","55","","","","","","","","","","","ScienceDirect","","","","C:\Users\moin\Zotero\storage\G73YN9L2\Kim et al. - 2023 - The cost of freedom Creative ideation boosts both feelings of autonomy and the fear of judgment.pdf","","Preregistered Match","Creativity; Autonomy; Open data; Evaluation apprehension; Open materials; Pre-registered","","","","","","","","","","","","","","","","","","","","","","","","","","","","","","","","","","","","","","","","","","","","","",""
"N8H2IU4X","journalArticle","2022","Frech, Marie-Lena; Häusser, Jan Alexander; Siems, Marie-Carolin; Loschelder, David D","Anchoring and sleep inertia: sleep inertia during nighttime awakening does not magnify the anchoring bias","Experimental Psychology","","","","https://econtent.hogrefe.com/doi/10.1027/1618-3169/a000552","Abstract. Many occupational settings require individuals to make important decisions immediately after awakening. Although a plethora of psychological research has separately examined both sleep an...","2022","2026-07-09 07:58:25","2026-07-17 08:21:43","2026-07-09 07:58:25","","","3","69","","","Anchoring and sleep inertia","43","","","","","","en","","","","","econtent.hogrefe.com","","","","C:\Users\moin\Zotero\storage\52MACFSD\a000552.html","","Preregistered Match","","","","","","","","","","","","","","","","","","","","","","","","","","","","","","","","","","","","","","","","","","","","","","",""
"Z5X4K7SK","journalArticle","2019","Jach, Hayley K.; Smillie, Luke D.","To fear or fly to the unknown: Tolerance for ambiguity and Big Five personality traits","Journal of Research in Personality","","0092-6566","10.1016/j.jrp.2019.02.003","https://www.sciencedirect.com/science/article/pii/S0092656619300236","The present study investigated whether ambiguity tolerance relates to personality traits that are theoretically grounded in fear (neuroticism) or attraction (openness to experience; extraversion) for the unknown. Our hypotheses were supported for self-report measures (and openness to experience predicted ambiguity tolerance controlling for intelligence), but behavioral choice measures of ambiguity tolerance demonstrated poor reliability and were unrelated to self-reported ambiguity tolerance and basic personality traits. An exploratory network analysis revealed that ambiguity tolerance was more strongly related to the intellectual curiosity (vs. aesthetic appreciation) facet of openness to experience, and the assertiveness (vs. energy or sociability) facet of extraversion. Our findings reinforce the fragmented literature in this area, and support predictions derived from psychological entropy theories of personality.","2019-04-01","2026-07-10 08:04:30","2026-07-17 08:19:11","2026-07-10 08:04:30","67-78","","","79","","Journal of Research in Personality","To fear or fly to the unknown","58","","","","","","","","","","","ScienceDirect","","","","C:\Users\moin\Zotero\storage\36KLWAHS\S0092656619300236.html","","Preregistered Match","Ambiguity; Neuroticism; Uncertainty; Extraversion; Ellsberg paradigm; Openness to experience; Psychological entropy","","","","","","","","","","","","","","","","","","","","","","","","","","","","","","","","","","","","","","","","","","","","","",""
"JLRMPQBU","journalArticle","2024","Bögge, Lukas; Colás-Blanco, Itsaso; Ferragu, Juliette; Gaston-Bellegarde, Alexandre; La Corte, Valentina; Piolino, Pascale","Autonomic and cognitive control in memory: Investigating the psychophysiological link using heart rate variability biofeedback","Psychophysiology","","1469-8986","10.1111/psyp.14588","https://onlinelibrary.wiley.com/doi/abs/10.1111/psyp.14588","Vagally mediated heart rate variability (vmHRV) at resting state has been associated to cognitive functions dependent on cognitive control, such as memory. However, little is known about the phasic interaction between cognitive and autonomic control. In a pre-registered within-between-subject designed experiment, the potential of vmHRV biofeedback to simultaneously stimulate vmHRV during memory processing and cognitive control over long-term memory was tested, along with investigating psychophysiological association. 71 young healthy adults completed (twice) a false memory task in virtual reality. Immediately before memory encoding and retrieval, participants practiced either vmHRV biofeedback or a control breathing exercise. Cognitive control over long-term memory was assessed as the confidence toward false memories and the capability to discriminate them from true memories. Resting-state vmHRV before each test and phasic vmHRV during memory encoding and retrieval were measured as the root mean square differences (RMSSD) in the heart period. vmHRV biofeedback had neither an immediate effect on measures of cognitive control over long-term memory nor on phasic RMSSD. Moreover, neither resting-state nor phasic vmHRV correlated to the cognitive scores. Consequently, the utility of HRV biofeedback as a psychophysiological stimulation tool and a link between vmHRV and cognitive control over long-term memory could not be verified. Exploratory analyses revealed that baseline shift in parasympathetic activity confounded the psychophysiological association. Future directions are provided that could shed light on the relationship between cognition and vmHRV.","2024","2026-07-13 06:57:06","2026-07-17 08:16:47","2026-07-13 06:57:06","e14588","","8","61","","","Autonomic and cognitive control in memory","92","","","","","","en","© 2024 The Authors. Psychophysiology published by Wiley Periodicals LLC on behalf of Society for Psychophysiological Research.","","","","Wiley Online Library","","_eprint: https://onlinelibrary.wiley.com/doi/pdf/10.1111/psyp.14588","","C:\Users\moin\Zotero\storage\4SRL74GV\Bögge et al. - 2024 - Autonomic and cognitive control in memory Investigating the psychophysiological link using heart ra.pdf","","Preregistered Match","virtual reality; cognitive control; autonomic control; biofeedback; heart rate variability; long-term memory","","","","","","","","","","","","","","","","","","","","","","","","","","","","","","","","","","","","","","","","","","","","","",""
"8YPYHF47","journalArticle","2024","Sparacio, Alessandro; IJzerman, Hans; Ropovik, Ivan; Giorgini, Filippo; Spiessens, Christoph; Uchino, Bert N.; Landvatter, Joshua; Tacana, Tracey; Diller, Sandra J.; Derrick, Jaye L.; Segundo, Joahana; Pierce, Jace D.; Ross, Robert M.; Francis, Zoë; LaBoucane, Amanda; Ma-Kellams, Christine; Ford, Maire B.; Schmidt, Kathleen; Wong, Celia C.; Higgins, Wendy C.; Stone, Bryant M.; Stanley, Samantha K.; Ribeiro, Gianni; Fuglestad, Paul T.; Jaklin, Valerie; Kübler, Andrea; Ziebell, Philipp; Jewell, Crystal L.; Kovas, Yulia; Allahghadri, Mahnoosh; Fransham, Charlotte; Baranski, Michael F.; Burgess, Hannah; Benz, Annika B. E.; DeSousa, Maysa; Nylin, Catherine E.; Brooks, Janae C.; Goldsmith, Caitlyn M.; Benson, Jessica M.; Griffin, Siobhán M.; Dunne, Stephen; Davis, William E.; Watermeyer, Tam J.; Meese, William B.; Howell, Jennifer L.; Standiford Reyes, Laurel; Strickland, Megan G.; Dickerson, Sally S.; Pescatore, Samantha; Skakoon-Sparling, Shayna; Wunder, Zachary I.; Day, Martin V.; Brenton, Shawna; Linden, Audrey H.; Hawk, Christopher E.; O’Brien, Léan V.; Urgyen, Tenzin; McDonald, Jennifer S.; van der Schans, Kim Lien; Blocker, Heidi; Ng Tseung-Wong, Caroline; Jiga-Boy, Gabriela M.","Self-administered mindfulness interventions reduce stress in a large, randomized controlled multi-site study","Nature Human Behaviour","","2397-3374","10.1038/s41562-024-01907-7","https://www.nature.com/articles/s41562-024-01907-7","Mindfulness witnessed a substantial popularity surge in the past decade, especially as digitally self-administered interventions became available at relatively low costs. Yet, it is uncertain whether they effectively help reduce stress. In a preregistered (OSF https://doi.org/10.17605/OSF.IO/UF4JZ; retrospective registration at ClinicalTrials.gov NCT06308744) multi-site study (nsites = 37, nparticipants = 2,239, 70.4% women, Mage = 22.4, s.d.age = 10.1, all fluent English speakers), we experimentally tested whether four single, standalone mindfulness exercises effectively reduced stress, using Bayesian mixed-effects models. All exercises proved to be more efficacious than the active control. We observed a mean difference of 0.27 (d = −0.56; 95% confidence interval, −0.43 to −0.69) between the control condition (M = 1.95, s.d. = 0.50) and the condition with the largest stress reduction (body scan: M = 1.68, s.d. = 0.46). Our findings suggest that mindfulness may be beneficial for reducing self-reported short-term stress for English speakers from higher-income countries.","2024-09","2026-07-13 20:30:58","2026-07-17 08:16:32","2026-07-13 20:30:58","1716-1725","","9","8","","Nat Hum Behav","","71","","","","Nature Publishing Group","","en","2024 The Author(s)","","","","www.nature.com","","","","C:\Users\moin\Zotero\storage\2BHLGK57\Sparacio et al. - 2024 - Self-administered mindfulness interventions reduce stress in a large, randomized controlled multi-si.pdf","","Preregistered Match","Psychology; Human behaviour","","","","","","","","","","","","","","","","","","","","","","","","","","","","","","","","","","","","","","","","","","","","","",""
"DCQX8NL6","journalArticle","2025","Cruz, Francisco; Lombrozo, Tania","How laypeople evaluate scientific explanations containing jargon","Nature Human Behaviour","","2397-3374","10.1038/s41562-025-02227-0","https://www.nature.com/articles/s41562-025-02227-0","Individuals rely on others’ expertise to achieve a basic understanding of the world. But how can non-experts achieve understanding from explanations that, by definition, they are ill-equipped to assess? Across 9 experiments with 6,698 participants (Study 1A = 737; 1B = 734; 1C = 733; 2A = 1,014; 2B = 509; 2C = 1,012; 3A = 1,026; 3B = 512; 4 = 421), we address this puzzle by focusing on scientific explanations with jargon. We identify ‘when’ and ‘why’ the inclusion of jargon makes explanations more satisfying, despite decreasing their comprehensibility. We find that jargon increases satisfaction because laypeople assume the jargon fills gaps in explanations that are otherwise incomplete. We also identify strategies for debiasing these judgements: when people attempt to generate their own explanations, inflated judgements of poor explanations with jargon are reduced, and people become better calibrated in their assessments of their own ability to explain.","2025-10","2026-07-13 20:25:10","2026-07-17 08:16:07","2026-07-13 20:25:10","2038-2053","","10","9","","Nat Hum Behav","","73","","","","Nature Publishing Group","","en","2025 The Author(s), under exclusive licence to Springer Nature Limited","","","","www.nature.com","","","","C:\Users\moin\Zotero\storage\FJVEV7GH\Cruz and Lombrozo - 2025 - How laypeople evaluate scientific explanations containing jargon.pdf","","Preregistered Match","Decision making; Psychology; Science; Scientific community; technology and society","","","","","","","","","","","","","","","","","","","","","","","","","","","","","","","","","","","","","","","","","","","","","",""
"VFUTCCGT","journalArticle","2020","Jaeger, Bastian; Todorov, Alexander T.; Evans, Anthony M.; van Beest, Ilja","Can we reduce facial biases? Persistent effects of facial trustworthiness on sentencing decisions","Journal of Experimental Social Psychology","","0022-1031","10.1016/j.jesp.2020.104004","https://www.sciencedirect.com/science/article/pii/S0022103119307498","Trait impressions from faces influence many consequential decisions even in situations in which decisions should not be based on a person's appearance. Here, we test (a) whether people rely on trait impressions when making legal sentencing decisions and (b) whether two types of interventions—educating decision-makers and changing the accessibility of facial information—reduce the influence of facial stereotypes. We first introduced a novel legal decision-making paradigm. Results of a pretest (n = 320) showed that defendants with an untrustworthy (vs. trustworthy) facial appearance were found guilty more often. We then tested the effectiveness of different interventions in reducing the influence of facial stereotypes. Educating participants about the biasing effects of facial stereotypes reduced explicit beliefs that personality is reflected in facial features, but did not reduce the influence of facial stereotypes on verdicts (Study 1, n = 979). In Study 2 (n = 975), we presented information sequentially to disrupt the intuitive accessibility of trait impressions. Participants indicated an initial verdict based on case-relevant information and a final verdict based on all information (including facial photographs). The majority of initial sentences were not revised and therefore unbiased. However, most revised sentences were in line with facial stereotypes (e.g., a guilty verdict for an untrustworthy-looking defendant). On average, this actually increased facial bias in verdicts. Together, our findings highlight the persistent influence of trait impressions from faces on legal sentencing decisions.","2020-09-01","2026-07-09 08:23:17","2026-07-17 08:15:44","2026-07-09 08:23:17","104004","","","90","","Journal of Experimental Social Psychology","Can we reduce facial biases?","54","","","","","","","","","","","ScienceDirect","","","","C:\Users\moin\Zotero\storage\SFTHRRTA\S0022103119307498.html","","Preregistered Match","Intervention; Bias; Face perception; Legal sentencing; Trustworthiness","","","","","","","","","","","","","","","","","","","","","","","","","","","","","","","","","","","","","","","","","","","","","",""
"U4I83D3T","journalArticle","2025","Pilin, Maya A.; Parnes, Jamie E.; Miranda Jr., Robert; Treloar Padovano, Hayley","Situational correlates of adolescents’ alcohol outcome expectancies in daily life","Psychology of Addictive Behaviors","","1939-1501","10.1037/adb0001070","","Objective: Alcohol outcome expectancies (AOEs), formed in early childhood, are correlates of future alcohol consumption and related problems. Social-cognitive theories suggest that AOEs become activated in specific social and physical location contexts. Prior research, primarily among university students, has aimed to identify situational influences on specific AOEs, as indexed by reports of AOEs in hypothetical drinking scenarios. This study aims to deepen understanding of AOE activation in real-world settings by examining social and physical situational correlates of AOE activation among adolescents ages 15–17 in daily life. Method: Adolescents (evaluable n = 102) reporting any drinking in the past month completed smartphone reports for 24 days. Adolescents indicated their social setting (e.g., solitary, peers, family), physical location (e.g., home, friend’s place, elsewhere), and strength of AOEs (tension reduction, enhancement, sociability) just prior to drinking in daily life. Results: Adolescents’ AOE activation prior to drinking was associated with their immediate social context and physical location. Specifically, drinking with peers present was associated with higher ratings of enhancement and sociability AOEs. In contrast, drinking with family members present and drinking at home were associated with lower ratings of enhancement and sociability AOEs. Conclusions: Our findings provide new information about social-contextual correlates of specific AOE domains in naturalistic settings among adolescents. Identifying situational relations with AOE activation in daily life is important to build social-cognitive models of alcohol-consumption behavior, particularly during adolescence as drinking experiences broaden. (PsycInfo Database Record (c) 2025 APA, all rights reserved)","2025","2026-07-13 11:50:16","2026-07-17 08:15:29","","431-443","","5","39","","","","87","","","","American Psychological Association","US","","","","","","APA PsycNet","","","","C:\Users\moin\Zotero\storage\HNU9NSK5\Pilin et al. - 2025 - Situational correlates of adolescents’ alcohol outcome expectancies in daily life.pdf","","Preregistered Match","Peers; Adolescent Attitudes; Social Environments; Alcohol Use; Ecological Momentary Assessment; Outcome Expectancies","","","","","","","","","","","","","","","","","","","","","","","","","","","","","","","","","","","","","","","","","","","","","",""
"MH9S7JEU","journalArticle","2024","Fobert, Sophie; Varin, Rose; Cossette, Isabelle; Fournier, Kaitline R. C.; Brosseau-Liard, Patricia E.","Children presume confident informants will be accurate (until proven otherwise)","Infant and Child Development","","1522-7219","10.1002/icd.2551","https://onlinelibrary.wiley.com/doi/abs/10.1002/icd.2551","Past research has demonstrated that children prefer to learn from confident rather than hesitant informants. It is frequently assumed that they do so because they believe confidence to predict a person's knowledge and future accuracy; however, this assumption has not previously been tested. The present investigation therefore explored how 3- to 8-year-old children interpret informant confidence. Study 1 (N = 84) aimed to address whether informant confidence is interpreted as an indicator of knowledge. Study 2 (N = 87) explored how children's interpretation changes with conflicting informant credibility cues. Findings demonstrate that school-aged children, but not preschoolers, expect correct statements from confident individuals and incorrect statements from hesitant informants. Additionally, school-age children attribute word knowledge to a previously confident informant. When accuracy conflicts with confidence, accuracy drives 3- to 8-year-old children's knowledge attributions. This investigation builds on previous research and suggests that, by age 5 or 6, children do make individual epistemic inferences based on informant confidence.","2024","2026-07-14 06:51:31","2026-07-17 08:15:13","2026-07-14 06:51:31","e2551","","6","33","","","","46","","","","","","en","","","","","Wiley Online Library","","_eprint: https://onlinelibrary.wiley.com/doi/pdf/10.1002/icd.2551","","C:\Users\moin\Zotero\storage\HAW5NUE3\Fobert et al. - 2024 - Children presume confident informants will be accurate (until proven otherwise).pdf","","Preregistered Match","social cognition; confidence; epistemic cues; selective social learning","","","","","","","","","","","","","","","","","","","","","","","","","","","","","","","","","","","","","","","","","","","","","",""
"MFENYZLY","journalArticle","2025","Jongman-Sereno, Katrina P.; Reich, Jessica C.; Pond, Richard S.; Leary, Mark R.","Intellectual humility in romantic relationships: Implications for relationship satisfaction, argument frequency, and conflict behaviors","Journal of Research in Personality","","0092-6566","10.1016/j.jrp.2025.104598","https://www.sciencedirect.com/science/article/pii/S0092656625000303","People who recognize that their viewpoints might be wrong – that is, people higher in intellectual humility (IH) – should fare better in conflicts with relationship partners than people lower in IH. Both members of 74 heterosexual couples (Mage = 32.2 years) completed measures of IH, relationship quality, how well they get along, self and partner behaviors during arguments, and perceptions of their partner’s motives. Couples in which partners were higher in IH fared better on some indices than couples in which partners were lower in IH. Men’s IH was related to their own as well as their partners’ relationship perceptions, whereas women’s IH was related only to their own perceptions. The results have implications for managing conflicts in romantic relationships.","2025-06-01","2026-07-13 06:34:24","2026-07-17 08:14:43","2026-07-13 06:34:24","104598","","","116","","Journal of Research in Personality","Intellectual humility in romantic relationships","59","","","","","","","","","","","ScienceDirect","","","","C:\Users\moin\Zotero\storage\8G3XRHX2\S0092656625000303.html","","Preregistered Match","","","","","","","","","","","","","","","","","","","","","","","","","","","","","","","","","","","","","","","","","","","","","","",""
"RRVSYYRB","journalArticle","2021","De Lillo, Martina; Foley, Rebecca; Fysh, Matthew C.; Stimson, Aimée; Bradford, Elisabeth E. F.; Woodrow-Hill, Camilla; Ferguson, Heather J.","Tracking developmental differences in real-world social attention across adolescence, young adulthood and older adulthood","Nature Human Behaviour","","2397-3374","10.1038/s41562-021-01113-9","https://www.nature.com/articles/s41562-021-01113-9","Detecting and responding appropriately to social information in one’s environment is a vital part of everyday social interactions. Here, we report two preregistered experiments that examine how social attention develops across the lifespan, comparing adolescents (10–19 years old), young (20–40 years old) and older (60–80 years old) adults. In two real-world tasks, participants were immersed in different social interaction situations—a face-to-face conversation and navigating an environment—and their attention to social and non-social content was recorded using eye-tracking glasses. The results revealed that, compared with young adults, adolescents and older adults attended less to social information (that is, the face) during face-to-face conversation, and to people when navigating the real world. Thus, we provide evidence that real-world social attention undergoes age-related change, and these developmental differences might be a key mechanism that influences theory of mind among adolescents and older adults, with potential implications for predicting successful social interactions in daily life.","2021-10","2026-07-13 08:31:22","2026-07-17 08:14:19","2026-07-13 08:31:22","1381-1390","","10","5","","Nat Hum Behav","","81","","","","Nature Publishing Group","","en","2021 The Author(s), under exclusive licence to Springer Nature Limited","","","","www.nature.com","","","","C:\Users\moin\Zotero\storage\P4MV7RGN\De Lillo et al. - 2021 - Tracking developmental differences in real-world social attention across adolescence, young adulthoo.pdf","","Preregistered Match","Psychology; Human behaviour; Development studies","","","","","","","","","","","","","","","","","","","","","","","","","","","","","","","","","","","","","","","","","","","","","",""
"VZE3DW45","journalArticle","2021","Aydogan, Gökhan; Daviet, Remi; Karlsson Linnér, Richard; Hare, Todd A.; Kable, Joseph W.; Kranzler, Henry R.; Wetherill, Reagan R.; Ruff, Christian C.; Koellinger, Philipp D.; Nave, Gideon","Genetic underpinnings of risky behaviour relate to altered neuroanatomy","Nature Human Behaviour","","2397-3374","10.1038/s41562-020-01027-y","https://www.nature.com/articles/s41562-020-01027-y","Previous research points to the heritability of risk-taking behaviour. However, evidence on how genetic dispositions are translated into risky behaviour is scarce. Here, we report a genetically informed neuroimaging study of real-world risky behaviour across the domains of drinking, smoking, driving and sexual behaviour in a European sample from the UK Biobank (N = 12,675). We find negative associations between risky behaviour and grey-matter volume in distinct brain regions, including amygdala, ventral striatum, hypothalamus and dorsolateral prefrontal cortex (dlPFC). These effects are replicated in an independent sample recruited from the same population (N = 13,004). Polygenic risk scores for risky behaviour, derived from a genome-wide association study in an independent sample (N = 297,025), are inversely associated with grey-matter volume in dlPFC, putamen and hypothalamus. This relation mediates roughly 2.2% of the association between genes and behaviour. Our results highlight distinct heritable neuroanatomical features as manifestations of the genetic propensity for risk taking.","2021-06","2026-07-13 06:49:25","2026-07-17 08:13:56","2026-07-13 06:49:25","787-794","","6","5","","Nat Hum Behav","","76","","","","Nature Publishing Group","","en","2021 The Author(s), under exclusive licence to Springer Nature Limited","","","","www.nature.com","","","","C:\Users\moin\Zotero\storage\CTSJISHU\Aydogan et al. - 2021 - Genetic underpinnings of risky behaviour relate to altered neuroanatomy.pdf","","Preregistered Match","Economics; Behavioural genetics; Human behaviour; Reward; Decision","","","","","","","","","","","","","","","","","","","","","","","","","","","","","","","","","","","","","","","","","","","","","",""
"5UIMLN2Y","journalArticle","2022","Tu, Eric; Maxwell, Jessica A.; Kim, James J.; Peragine, Diana; Impett, Emily A.; Muise, Amy","Is my attachment style showing? Perceptions of a date’s attachment anxiety and avoidance and dating interest during a speed-dating event","Journal of Research in Personality","","0092-6566","10.1016/j.jrp.2022.104269","https://www.sciencedirect.com/science/article/pii/S0092656622000824","Choosing who to pursue as a romantic partner can have wide-reaching consequences. Attachment anxiety (i.e., need for reassurance) and avoidance (i.e., comfort with closeness) are associated with relationship quality and maintenance, but do people accurately perceive a date’s attachment style and are these perceptions associated with dating interest? In a sample of 164 speed-daters (n = 1,869 dates), we found that people accurately perceived dates’ attachment anxiety, but not their attachment avoidance. Perceiving a date as more anxiously or avoidantly attached was associated with less dating interest, and when dates were higher on attachment anxiety, accurate perceptions of anxious attachment were associated with less dating interest. Implications for partner selection and for understanding perceptions in dating relationships are discussed.","2022-10-01","2026-07-13 08:59:14","2026-07-17 08:13:30","2026-07-13 08:59:14","104269","","","100","","Journal of Research in Personality","Is my attachment style showing?","62","","","","","","","","","","","ScienceDirect","","","","C:\Users\moin\Zotero\storage\UQBWXTFK\S0092656622000824.html","","Preregistered Match","Accuracy; Person perception; Attachment style; Relationship initiation; Social relations modeling; Speed-dating","","","","","","","","","","","","","","","","","","","","","","","","","","","","","","","","","","","","","","","","","","","","","",""
"V72DZ4UT","journalArticle","2019","Bryan, Christopher J.; Yeager, David S.; Hinojosa, Cintia P.","A values-alignment intervention protects adolescents from the effects of food marketing","Nature Human Behaviour","","2397-3374","10.1038/s41562-019-0586-6","https://www.nature.com/articles/s41562-019-0586-6","Adolescents are exposed to extensive marketing for junk food, which drives overconsumption by creating positive emotional associations with junk food1–6. Here we counter this influence with an intervention that frames manipulative food marketing as incompatible with important adolescent values, including social justice and autonomy from adult control. In a preregistered, longitudinal, randomized, controlled field experiment, we show that this framing intervention reduces boys’ and girls’ implicit positive associations with junk food marketing and substantially improves boys’ daily dietary choices in the school cafeteria. Both of these effects were sustained for at least three months. These findings suggest that reframing unhealthy dietary choices as incompatible with important values could be a low-cost, scalable solution to producing lasting, internalized change in adolescents’ dietary attitudes and choices.","2019-06","2026-07-13 11:17:28","2026-07-17 08:12:52","2026-07-13 11:17:28","596-603","","6","3","","Nat Hum Behav","","78","","","","Nature Publishing Group","","en","2019 The Author(s), under exclusive licence to Springer Nature Limited","","","","www.nature.com","","","","C:\Users\moin\Zotero\storage\SKF2KIMV\Bryan et al. - 2019 - A values-alignment intervention protects adolescents from the effects of food marketing.pdf","","Preregistered Match","Human behaviour; Risk factors","","","","","","","","","","","","","","","","","","","","","","","","","","","","","","","","","","","","","","","","","","","","","",""
"V6HXCZKV","journalArticle","2022","McMullin, Sara D.; Motschman, Courtney A.; Hatz, Laura E.; McCarthy, Denis M.; Davis-Stober, Clintin P.","Decision strategies while intoxicated relate to alcohol-impaired driving attitudes and intentions","Psychology of Addictive Behaviors","","1939-1501","10.1037/adb0000808","","Objective: Approximately 28 million individuals engage in alcohol-impaired driving (AID) every year. This study investigated individuals’ AID decision making strategies under intoxication, their variability across the breath alcohol concentration (BrAC) curve, and the association between strategy and AID attitudes, intentions, and behavior. Method: Seventy-nine adults (mean 23.9 years, 57% female) who drank alcohol ≥2 days per week and lived >2 miles away from their typical drinking locations completed an alcohol administration protocol and AID decision making task. AID attitudes, intentions, and behaviors were assessed repeatedly across the BrAC curve. Bayesian cognitive modeling identified decision strategies used by individuals on the AID decision making task, revealing whether alcohol consumption level and/or ride service cost factored into individuals’ decisions to drive while impaired or obtain a ride. Additional analyses tested whether AID attitudes and intentions were related to individuals’ decision strategies. Results: Two decision strategies were examined on the ascending and descending limbs of the BrAC curve: compensatory (both consumption level and ride service cost factored into AID decisions) and non-compensatory (only consumption level factored into AID decisions). Switching to a compensatory strategy on the descending limb was associated with lower perceived intoxication, perceiving AID as less dangerous, and being willing to drive above the legal BrAC limit. Conclusions: Results suggest that risk for engaging in AID is higher for those using a cost-sensitive, compensatory strategy when making AID decisions under intoxication. Future research is needed to test whether AID countermeasures (e.g., subsidized ride services) are differentially effective according to decision strategy type. (PsycInfo Database Record (c) 2025 APA, all rights reserved)","2022","2026-07-13 11:37:07","2026-07-17 08:12:33","","895-905","","7","36","","","","85","","","","American Psychological Association","US","","","","","","APA PsycNet","","","","C:\Users\moin\Zotero\storage\XTER7MWD\McMullin et al. - 2022 - Decision strategies while intoxicated relate to alcohol-impaired driving attitudes and intentions.pdf","","Preregistered Match","Intention; Decision Making; Simulation; Attitudes; Behavioral Intention; AIDS; Alcohol Intoxication; Driving Under the Influence; Toxic Disorders","","","","","","","","","","","","","","","","","","","","","","","","","","","","","","","","","","","","","","","","","","","","","",""
"QTALILWY","journalArticle","2021","Vaid, Sumer S.; Harari, Gabriella M.","Who uses what and how often?: Personality predictors of multiplatform social media use among young adults","Journal of Research in Personality","","0092-6566","10.1016/j.jrp.2020.104005","https://www.sciencedirect.com/science/article/pii/S0092656620300933","To understand who uses social media and how often they do so, we examined the personality traits that predict frequency of using a set of 10 different types of social media (e.g., social networks, blogs, virtual worlds). Using survey data collected from two large-scale samples of young adults (Exploratory Study 1 N = 1586, Confirmatory Study 2 N = 1432), we conducted direct replications of our findings to test whether the observed relationships between social media use and personality traits were reliable. Our replicated findings reveal that sex, age and extraversion are reliable predictors of several types of social media use (e.g., Facebook, Messaging Platforms, Online Forums), while other traits (e.g., agreeableness, Machiavellianism) showed unreliable associations. Our findings also reveal dimensions of multiplatform social media use that categorize the media ecologies of young adults and show significant associations with individual difference measures.","2021-04-01","2026-07-13 06:52:52","2026-07-17 08:12:08","2026-07-13 06:52:52","104005","","","91","","Journal of Research in Personality","Who uses what and how often?","63","","","","","","","","","","","ScienceDirect","","","","C:\Users\moin\Zotero\storage\ACPF6GVI\S0092656620300933.html","","Preregistered Match","Young Adults; Personality traits; Dark Triad; Big Five; Frequency of Use; Social Media Use","","","","","","","","","","","","","","","","","","","","","","","","","","","","","","","","","","","","","","","","","","","","","",""
"CYPSKPCC","journalArticle","2019","Raoelison, Matthieu; De Neys, Wim","Do we de-bias ourselves?: The impact of repeated presentation on the bat-and-ball problem","Judgment and Decision Making","","1930-2975","10.1017/S1930297500003405","https://www.cambridge.org/core/product/identifier/S1930297500003405/type/journal_article","The notorious bat-and-ball problem has long been used to demonstrate that people are easily biased by their intuitions. In this paper we test the robustness of biased responding by examining how it is aﬀected by repeated problem presentation. Participants solved 50 standard and control versions of the bat-and-ball problem. To examine the nature of a potential learning eﬀect we adopted a two-response paradigm in which participants have to give a ﬁrst hunch and can afterwards take the time to deliberate and change their answer. Results showed that both people’s ﬁrst hunches and the responses they gave after deliberation predominantly remained biased from start to ﬁnish. But in the rare cases in which participants did learn to correct themselves, they immediately managed to apply the solution strategy and gave a correct hunch on the subsequent problems. We discuss critical methodological and theoretical implications.","2019-03","2026-07-13 12:07:40","2026-07-17 08:11:48","2026-07-13 12:07:40","170-178","","2","14","","Judgm. decis. mak.","Do we de-bias ourselves?","64","","","","","","en","http://creativecommons.org/licenses/by-nc-nd/3.0/","","","","DOI.org (Crossref)","","","","C:\Users\moin\Zotero\storage\URK2VVQM\Raoelison and De Neys - 2019 - Do we de-bias ourselves The impact of repeated presentation on the bat-and-ball problem.pdf","","Preregistered Match","","","","","","","","","","","","","","","","","","","","","","","","","","","","","","","","","","","","","","","","","","","","","","",""
"QVCEM6MV","journalArticle","2025","Altay, Sacha; Hoes, Emma; Wojcieszak, Magdalena","Following news on social media boosts knowledge, belief accuracy and trust","Nature Human Behaviour","","2397-3374","10.1038/s41562-025-02205-6","https://www.nature.com/articles/s41562-025-02205-6","Many worry that news on social media leaves people uninformed or even misinformed. Here we conducted a preregistered two-wave online field experiment in France and Germany (N = 3,395) to estimate the effect of following the news on Instagram and WhatsApp. Participants were asked to follow two accounts for 2 weeks and activate the notifications. In the treatment condition, the accounts were those of news organizations, while in the control condition they covered cooking, cinema or art. The treatment enhanced current affairs knowledge, participants’ ability to discern true from false news stories and awareness of true news stories, as well as trust in the news. The treatment had no significant effects on feelings of being informed, political efficacy, affective polarization and interest in news or politics. These results suggest that, while some forms of social media use are harmful, others are beneficial and can be leveraged to foster a well-informed society.","2025-09","2026-07-10 08:12:23","2026-07-17 08:11:26","2026-07-10 08:12:23","1833-1842","","9","9","","Nat Hum Behav","","80","","","","Nature Publishing Group","","en","2025 The Author(s)","","","","www.nature.com","","","","C:\Users\moin\Zotero\storage\UDY2VZNX\Altay et al. - 2025 - Following news on social media boosts knowledge, belief accuracy and trust.pdf","","Preregistered Match","Science; Human behaviour; technology and society","","","","","","","","","","","","","","","","","","","","","","","","","","","","","","","","","","","","","","","","","","","","","",""
"NIJTG6RP","journalArticle","2021","Cadario, Romain; Longoni, Chiara; Morewedge, Carey K.","Understanding, explaining, and utilizing medical artificial intelligence","Nature Human Behaviour","","2397-3374","10.1038/s41562-021-01146-0","https://www.nature.com/articles/s41562-021-01146-0","Medical artificial intelligence is cost-effective and scalable and often outperforms human providers, yet people are reluctant to use it. We show that resistance to the utilization of medical artificial intelligence is driven by both the subjective difficulty of understanding algorithms (the perception that they are a ‘black box’) and by an illusory subjective understanding of human medical decision-making. In five pre-registered experiments (1–3B: N = 2,699), we find that people exhibit an illusory understanding of human medical decision-making (study 1). This leads people to believe they better understand decisions made by human than algorithmic healthcare providers (studies 2A,B), which makes them more reluctant to utilize algorithmic than human providers (studies 3A,B). Fortunately, brief interventions that increase subjective understanding of algorithmic decision processes increase willingness to utilize algorithmic healthcare providers (studies 3A,B). A sixth study on Google Ads for an algorithmic skin cancer detection app finds that the effectiveness of such interventions generalizes to field settings (study 4: N = 14,013).","2021-12","2026-07-09 08:45:47","2026-07-17 08:11:06","2026-07-09 08:45:47","1636-1642","","12","5","","Nat Hum Behav","","79","","","","Nature Publishing Group","","en","2021 The Author(s), under exclusive licence to Springer Nature Limited","","","","www.nature.com","","","","C:\Users\moin\Zotero\storage\2WQK3UND\Cadario et al. - 2021 - Understanding, explaining, and utilizing medical artificial intelligence.pdf","","Preregistered Match","Human behaviour; Business and management","","","","","","","","","","","","","","","","","","","","","","","","","","","","","","","","","","","","","","","","","","","","","",""
"V342ULES","journalArticle","2024","Dagan, Or; Nivison, Marissa D.; Bleil, Maria E.; Booth-LaForce, Cathryn; Waters, Theodore E. A.; Roisman, Glenn I.","Longitudinal associations between attachment representations coded in the adult attachment interview in late adolescence and perceptions of romantic relationship adjustment in adulthood","Infant and Child Development","","1522-7219","10.1002/icd.2512","https://onlinelibrary.wiley.com/doi/abs/10.1002/icd.2512","Increasingly, researchers have operationalized Adult Attachment Interview (AAI)-derived attachment representations as reflecting individual differences in secure base script knowledge (AAIsbs) – the degree to which individuals show awareness of the temporal-causal schema that summarizes the basic features of seeking and receiving effective support from caregivers when in distress. In a series of pre-registered analyses, we used AAI transcripts recently re-coded for AAIsbs and leveraged a new follow-up assessment of the NICHD Study of Early Child Care and Youth Development cohort at around age 30 years (479 currently partnered participants; 59% female; 82% White/non-Hispanic) to assess and compare the links between AAIsbs and traditional AAI coding measures at around age 18 years and self-reported romantic relationship quality in adulthood. Higher AAIsbs predicted better dyadic adjustment scores in adulthood (r = 0.17) and this association remained significant controlling for other AAI-derived coding measures, as well as sociodemographic and cognitive functioning covariates. Findings extend previous evidence pointing to the predictive significance of AAIsbs for multiple adult functioning domains.","2024","2026-07-13 07:32:49","2026-07-17 08:10:38","2026-07-13 07:32:49","e2512","","4","33","","","","44","","","","","","en","© 2024 John Wiley & Sons Ltd.","","","","Wiley Online Library","","_eprint: https://onlinelibrary.wiley.com/doi/pdf/10.1002/icd.2512","","C:\Users\moin\Zotero\storage\6QCG7LV5\Dagan et al. - 2024 - Longitudinal associations between attachment representations coded in the adult attachment interview.pdf; C:\Users\moin\Zotero\storage\TCBHRWCE\icd.html","","Preregistered Match","adult attachment interview; secure base script knowledge; romantic relationships; coherence","","","","","","","","","","","","","","","","","","","","","","","","","","","","","","","","","","","","","","","","","","","","","",""
"EJ3AWABB","journalArticle","2025","Raver, Arman; Lindholm, Torun; Hassoun, Sofie Liljestrand; Alm, Charlotte","Interrogation questions to native and non-native eyewitnesses: The role of witness credibility","Legal and Criminological Psychology","","2044-8333","10.1111/lcrp.12301","https://onlinelibrary.wiley.com/doi/abs/10.1111/lcrp.12301","Purpose This study examined how the language of eyewitnesses (native vs. non-native) and their perceived credibility influence the interrogation questions posed to them. Method In a previous study (Raver et al., Frontiers in Psychology, 2023, 14, 1240822), participants, assuming the role of interrogators, watched either a native or non-native speaking eyewitness testify and were then asked to formulate interrogation questions to gather more information, as well as rate the witness’s credibility. In the present study, a new set of participants (N = 207) evaluated a subset of these interrogation questions in terms of (1) how leading they were, (2) whether the interrogator cast doubt on something the witness had said and (3) how open-ended they were. The moderating role of witnesses’ perceived credibility on question framing was also examined. Results Results showed no main effect of language (native vs. non-native) on any question type. For native speakers, lower (vs. higher) credibility led to more expressions of doubt. For non-native speakers, credibility levels (high vs. low) had no effect on question framing. Conclusion These findings highlight complex patterns in interrogation questioning that vary by witness language and perceived credibility, revealing a critical area for further exploration to mitigate potential cross-linguistic biases. We discuss the study’s limitations and advocate for future research in diverse legal contexts to ensure fairness and uphold the integrity of witness testimonies across languages.","2025","2026-07-13 07:05:13","2026-07-17 08:10:07","2026-07-13 07:05:13","231-243","","2","30","","","Interrogation questions to native and non-native eyewitnesses","67","","","","","","en","© 2024 The Author(s). Legal and Criminological Psychology published by John Wiley & Sons Ltd on behalf of British Psychological Society.","","","","Wiley Online Library","","_eprint: https://bpspsychub.onlinelibrary.wiley.com/doi/pdf/10.1111/lcrp.12301","","C:\Users\moin\Zotero\storage\KVQXYIH3\Raver et al. - 2025 - Interrogation questions to native and non-native eyewitnesses The role of witness credibility.pdf","","Preregistered Match","legal psychology; eyewitness credibility; interrogation questions; language barriers; non-native speaker","","","","","","","","","","","","","","","","","","","","","","","","","","","","","","","","","","","","","","","","","","","","","",""
"TQBWJMG8","journalArticle","2024","Parnes, Jamie E.; Le, Thomas P.; Mereish, Ethan H.; Miranda Jr., Robert","Daily associations between resilience factors, substance use, and affect among sexual minority youth","Psychology of Addictive Behaviors","","1939-1501","10.1037/adb0000998","","Objective: Past research has highlighted that sexual minority youth (SMY) are at particular risk for heightened substance use compared to their heterosexual peers; however, few studies have investigated the associations between resilience factors and substance use among SMY. In the present preregistered study, we examined the associations among three different forms of resilience factors (i.e., general social support, lesbian, gay, bisexual, transgender, and queer (LGBTQ)-identity affirmation, LGBTQ community involvement) and alcohol, nicotine, and cannabis use, as well as on positive and negative affect. Method: SMY (n = 82, ages 15–19, 56.1% cisgender women, 84.4% White) completed a baseline assessment then a 30-day ecological momentary assessment study. Multilevel regression models evaluated within-day and between-person associations between resilience factors and odds of substance use (alcohol, nicotine, cannabis), substance use quantity on use days (alcohol, cannabis), positive affect, and negative affect. Results: On the day level, general social support was associated with greater positive affect, lesser negative affect, and greater drinks on drinking days. LGBTQ-identity affirmation was associated with greater positive affect, lesser negative affect, and greater odds of nicotine use. LGBTQ community involvement was associated with greater positive affect. Conclusions: These results highlight the nuanced ways that resilience may engender more positive affect and reduce negative affect while simultaneously promoting substance use. Future research disentangling the mechanisms connecting resilience and substance use among SMY is necessary. (PsycInfo Database Record (c) 2025 APA, all rights reserved)","2024","2026-07-13 12:41:05","2026-07-17 08:09:51","","805-817","","7","38","","","","86","","","","American Psychological Association","US","","","","","","APA PsycNet","","","","C:\Users\moin\Zotero\storage\A62MM5UJ\Parnes et al. - 2024 - Daily associations between resilience factors, substance use, and affect among sexual minority youth.pdf","","Preregistered Match","Resilience (Psychological); Negative Emotions; Drug Usage; Positive Emotions; LGBTQ; Sexual Minority Groups; Cannabis; Nicotine","","","","","","","","","","","","","","","","","","","","","","","","","","","","","","","","","","","","","","","","","","","","","",""
"65FGU2WZ","journalArticle","2025","Bonner, Cavan V.; Hankin, Benjamin L.; Young, Jami F.; Roberts, Brent W.","Growth following adversity is rare: Evidence from a multi-informant longitudinal study of children and adolescents","Journal of Research in Personality","","0092-6566","10.1016/j.jrp.2025.104628","https://www.sciencedirect.com/science/article/pii/S0092656625000601","The idea that adversity is necessary for psychological growth pervades cultural narratives and lay theories. We empirically tested this notion with a multi-informant, longitudinal study of children and adolescents (n = 682). Initial adversity was not associated with change in effortful control and emotional stability, while increasing adversity was negatively correlated with growth. However, a small sub-group of individuals still managed to grow despite adversity. The narrative that adversity is crucial for growth likely originated, and continues to survive, because scholars and laypeople focus on this minority who grow despite adversity, while overlooking the overall null or negative association. The accumulated evidence suggests that researchers should look elsewhere for the life experiences that reliably lead to growth and not distress.","2025-08-01","2026-07-03 06:46:42","2026-07-17 08:09:25","2026-07-03 06:46:42","104628","","","117","","Journal of Research in Personality","Growth following adversity is rare","60","","","","","","","","","","","ScienceDirect","","","","C:\Users\moin\Zotero\storage\KBKKWBQG\S0092656625000601.html","","Preregistered Match","Post-traumatic growth; Adversity; Self-regulation; Adolescent development; Effortful control; Latent growth curve model; Negative emotionality; Personality development; Post-adversity growth; Temperament development","","","","","","","","","","","","","","","","","","","","","","","","","","","","","","","","","","","","","","","","","","","","","",""
"XAG83M54","journalArticle","2024","Šoškić, Anđela; Styles, Suzy J.; Kappenman, Emily S.; Kovic, Vanja","Garden of forking paths in ERP research – Effects of varying pre‐processing and analysis steps in an N400 experiment","Psychophysiology","","","","https://onlinelibrary.wiley.com/doi/10.1111/psyp.14628","","2024","2026-07-13 06:45:02","2026-07-17 08:09:09","2026-07-13 06:45:02","","","10","61","","","","96","","","","","","","","","","","","","","","C:\Users\moin\Zotero\storage\GFCM2S22\Šoškić et al. - 2024 - Garden of forking paths in ERP research – Effects of varying pre‐processing and analysis steps in an.pdf","","Preregistered Match","","","","","","","","","","","","","","","","","","","","","","","","","","","","","","","","","","","","","","","","","","","","","","",""
"HKDFAWZ7","journalArticle","2026","Nielsen, Yngwie A.; Christiansen, Morten H.","Evidence for the representation of non-hierarchical structures in language","Nature Human Behaviour","","2397-3374","10.1038/s41562-025-02387-z","https://www.nature.com/articles/s41562-025-02387-z","A long-standing assumption in the language sciences is that the mental representation of language is based on constituents—that is, hierarchical structures rooted in grammar. We provide evidence from English for a more basic kind of linguistic representation involving smaller, linear chunks of structure akin to sequences of parts-of-speech elements—such as verb preposition determiner shared between the strings added to a and defined by the. Across four preregistered phrasal decision experiments (total N = 497), we show that it is possible to prime such linear structures, even in the absence of constituents. In two additional corpus analyses of eye-tracked reading (N = 68) and conversation (N = 358), we establish the external validity of the effect. These results provide evidence of multiword language structures that are not explainable in terms of constituents as traditionally construed. This poses a challenge for accounts of linguistic representation, including generative and constructionist approaches.","2026-03","2026-07-10 13:08:49","2026-07-17 08:08:50","2026-07-10 13:08:49","579-588","","3","10","","Nat Hum Behav","","74","","","","Nature Publishing Group","","en","2026 The Author(s), under exclusive licence to Springer Nature Limited","","","","www.nature.com","","","","C:\Users\moin\Zotero\storage\CCC4J973\Nielsen and Christiansen - 2026 - Evidence for the representation of non-hierarchical structures in language.pdf","","Preregistered Match","Psychology; Language and linguistics","","","","","","","","","","","","","","","","","","","","","","","","","","","","","","","","","","","","","","","","","","","","","",""
"6TNZ8C2D","journalArticle","2024","Maltagliati, Silvio; Sarrazin, Philippe; Muller, Dominique; Fessler, Layan; Ferry, Thibaud; Wiers, Reinout W.; Cheval, Boris","Improving physical activity using a single personalized consequence-based approach-avoidance training: Effects on self-reported behaviors, attitudes, and choices","Psychology of Sport and Exercise","","1469-0292","10.1016/j.psychsport.2023.102565","https://www.sciencedirect.com/science/article/pii/S1469029223001899","Objective Despite their potential in improving health behaviors, such as physical activity (PA), the effectiveness of interventions targeting automatic precursors remains contrasted. We examined the effects of a single session of ABC training – a personalized consequence-based approach-avoidance training – on PA, relative to an active control condition and a control condition. Methods Middle-aged US participants (N = 360, 53 % of women) either completed an ABC training (being instructed to approach PA to obtain self-relevant consequences), an approach-avoidance training (approaching PA in 90 % of trials), or a control training (approaching PA in 50 % of trials). Participants selected antecedents (e.g., “When I have little time”) in which personalized choices between PA and sedentary alternatives were likely to occur. In the ABC training only, after approaching PA, self-relevant consequences were displayed (e.g., increase in the health status of participant’s avatar). Primary outcome was self-reported PA seven days after the intervention. Secondary outcomes included choices for PA (vs sedentary) alternatives in a hypothetical free-choice task, intention, automatic and explicit attitudes toward PA. Results No significant effect of the ABC intervention on PA was observed, so as on intention and explicit attitudes. However, the ABC intervention was associated with higher odds of choosing PA alternatives in the free-choice task and with more positive automatic attitudes toward PA. Conclusions While the ABC training was not effective at improving PA, its effects on choices and automatic attitudes suggest that this intervention may still have potential. Future studies with intensive trainings and device-based measures of PA remains needed.","2024-01-01","2026-07-10 13:18:46","2026-07-17 08:08:30","2026-07-10 13:18:46","102565","","","70","","Psychology of Sport and Exercise","Improving physical activity using a single personalized consequence-based approach-avoidance training","89","","","","","","","","","","","ScienceDirect","","","","C:\Users\moin\Zotero\storage\GKIPL57Y\Maltagliati et al. - 2024 - Improving physical activity using a single personalized consequence-based approach-avoidance trainin.pdf","","Preregistered Match","Attitudes; Physical activity; Approach-avoidance tendencies; Cognitive bias modification; Sedentary behaviors","","","","","","","","","","","","","","","","","","","","","","","","","","","","","","","","","","","","","","","","","","","","","",""
"TVUJKPJR","journalArticle","2020","Bruneau, Emile G.; Kteily, Nour S.; Urbiola, Ana","A collective blame hypocrisy intervention enduringly reduces hostility towards Muslims","Nature Human Behaviour","","2397-3374","10.1038/s41562-019-0747-7","https://www.nature.com/articles/s41562-019-0747-7","Hostility towards outgroups contributes to costly intergroup conflict. Here we test an intervention to reduce hostility towards Muslims, a frequently targeted outgroup. Our ‘collective blame hypocrisy’ intervention highlights the hypocrisy involved in the tendency for people to collectively blame outgroup but not ingroup members for blameworthy actions of individual group members. Using both within-subject and between-subject comparisons in a preregistered longitudinal study in Spain, we find that our intervention reduces collective blame of Muslims and downstream anti-Muslim sentiments relative to a matched control condition and that the effects of the intervention persist one month and also one year later. We replicate the benefits of the intervention in a second study. The effects are mediated by reductions in collective blame and moderated by individual differences in preference for consistency. Together, these data illustrate that the collective blame hypocrisy intervention enduringly reduces harmful intergroup attitudes associated with conflict escalation, particularly among those who value consistency in themselves and others.","2020-01","2026-07-13 11:32:47","2026-07-17 08:07:56","2026-07-13 11:32:47","45-54","","1","4","","Nat Hum Behav","","77","","","","Nature Publishing Group","","en","2019 The Author(s), under exclusive licence to Springer Nature Limited","","","","www.nature.com","","","","C:\Users\moin\Zotero\storage\QT7DYQMJ\Bruneau et al. - 2020 - A collective blame hypocrisy intervention enduringly reduces hostility towards Muslims.pdf","","Preregistered Match","Psychology; Politics and international relations","","","","","","","","","","","","","","","","","","","","","","","","","","","","","","","","","","","","","","","","","","","","","",""
"97TZHHC2","journalArticle","2023","Ford, Jaclyn H.; Fields, Eric C.; Garcia, Sandry M.; Cunningham, Tony J.; Kensinger, Elizabeth A.","Perceived event resolution—rather than time—allows older adults to reduce the negativity of their memories","Memory","","0965-8211","10.1080/09658211.2023.2166079","https://doi.org/10.1080/09658211.2023.2166079","In addition to showing greater memory positivity soon after negative events, older adults can be more likely than younger adults to show decreases in memory negativity as events grow more distant. We recently showed that this latter effect was not present when adults were asked to rate memories of the initial phase of the COVID-19 pandemic (March-May 2020): after a short (June/July 2020) and long delay (October/November 2020), older age was associated with greater reflections on positive aspects, but with no difference in negative aspects. We suggested that older adults did not show decreased negativity because the pandemic was still prevalent in their daily lives. The present study examines whether perceived event resolution—rather than time on its own—may be necessary to show age-related decreases in negativity by surveying participants during a time when many may have felt like the pandemic had resolved (Summer 2021). Once again, age was associated with increased ratings of the positive aspects, but at this timepoint, age was also associated with decreased ratings of the negative aspects. These results suggest that older adults may more successfully decrease the negativity of their memories compared to younger adults only when they feel that events have resolved.","2023-03-16","2026-07-13 08:35:31","2026-07-17 08:07:35","2026-07-13 08:35:31","421-427","","3","31","","","","68","","","","Routledge","","","","","","","Taylor and Francis+NEJM","","_eprint: https://doi.org/10.1080/09658211.2023.2166079","","C:\Users\moin\Zotero\storage\TZNSCAQ4\Ford et al. - 2023 - Perceived event resolution—rather than time—allows older adults to reduce the negativity of their me.pdf","","Preregistered Match","Memory; affect; emotion; COVID-19; pandemic; aging; valence","","","","","","","","","","","","","","","","","","","","","","","","","","","","","","","","","","","","","","","","","","","","","",""
"R2WKER6P","journalArticle","2023","Horváth, Áron; Ferentzi, Eszter; Ragó, Anett; Köteles, Ferenc","The retention of proprioceptive information is suppressed by competing verbal and spatial task","Quarterly Journal of Experimental Psychology","","1747-0218","10.1177/17470218221096251","https://doi.org/10.1177/17470218221096251","Proprioceptive information makes us able to perceive the position of our joints from an internal point of view. In the certain cases, proprioceptive information has to be stored in short-term memory, for example, during the learning of new motor skills or the assessment of proprioceptive accuracy. However, there are contradictory findings about the modality-specific storage of proprioceptive information in working memory. In this preregistered study, we applied the interference paradigm, assessing proprioceptive memory capacity in the subdominant elbow joint for 35 young individuals in five different experimental conditions: (a) without competing task/interference (baseline condition), (b) with motor interference, (c) with spatial interference, (d) with visual interference, and (e) with verbal interference. Proprioceptive span was lower in the verbal and spatial interference condition than in the baseline condition, whereas no significant differences were found for the motor and visual conditions. These results indicate that individuals use verbal and spatial strategies to encode proprioceptive information in short-term memory, and, in contrast to our expectation, the motor subsystem of working memory is not substantially involved in this process.","2023-04-01","2026-07-13 07:11:36","2026-07-17 08:07:08","2026-07-13 07:11:36","783-791","","4","76","","","","97","","","","SAGE Publications","","EN","","","","","SAGE Journals","","","","C:\Users\moin\Zotero\storage\27WYVS4Z\Horváth et al. - 2023 - The retention of proprioceptive information is suppressed by competing verbal and spatial task.pdf","","Preregistered Match","","","","","","","","","","","","","","","","","","","","","","","","","","","","","","","","","","","","","","","","","","","","","","",""
"W8ELU4JT","journalArticle","2025","Grayson, Samantha; Feinberg, Matthew; Willer, Robb; Zaki, Jamil","Ironic effects of prosocial gossip in driving inaccurate social perceptions","Journal of Experimental Social Psychology","","0022-1031","10.1016/j.jesp.2024.104682","https://www.sciencedirect.com/science/article/pii/S0022103124000957","Gossip is often stereotyped as a frivolous social activity, but in fact can be a powerful tool for discouraging selfishness and cheating. In economic games, gossip induces people to act more cooperatively, presumably to avoid the cost of accruing a negative reputation. Might even this prosocial sort of gossip carry negative side effects? We propose that gossip might protect communities while simultaneously giving people the wrong idea about who's in them. Specifically, gossipers might disproportionately share information about cheaters in their midst, driving cynical perceptions among receivers of that gossip. To test these predictions, we first reanalyzed data from a prior study in which people played a public goods game and could gossip about their fellow players. These participants indeed produced negatively skewed gossip: writing much more frequently about cheaters than cooperators, even when most people in their public goods game groups acted generously. To examine the effect of this gossip on cynicism, we ran a new experiment in which a second generation of participants read these gossip notes, and then prepared to play their own public goods game. Gossip recipients inferred that the groups that produced these notes acted significantly more selfishly than they truly had–becoming both cynical and inaccurate based on gossip. However, this gossip did not affect second generation participants' forecasts of how their own group would behave, nor their own cooperative choices. Together, these findings suggest that gossip skews negative, and, therefore, encourages outside observers to draw more cynical conclusions about groups from which it comes.","2025-01-01","2026-07-10 13:13:38","2026-07-17 08:06:45","2026-07-10 13:13:38","104682","","","116","","Journal of Experimental Social Psychology","","53","","","","","","","","","","","ScienceDirect","","","","C:\Users\moin\Zotero\storage\UIQLTJU4\S0022103124000957.html","","Preregistered Match","Cynicism; Prosocial behavior; Gossip","","","","","","","","","","","","","","","","","","","","","","","","","","","","","","","","","","","","","","","","","","","","","",""
"J67UTRHK","journalArticle","2024","Che, Xiaowei; Lian, Haomin; Zhang, Feiyan; Li, Shouxin; Zheng, Yuanjie","The Reactivation of working memory representations affects attentional guidance","Psychophysiology","","1469-8986","10.1111/psyp.14514","https://onlinelibrary.wiley.com/doi/abs/10.1111/psyp.14514","Recent studies have suggested that the neural activity that supported working memory (WM) storage is dynamic over time and this dynamic storage decides memory performance. Does the temporal dynamic of the WM representation also affect visual search, and how does it interact with distractor suppression over time? To address these issues, we tracked the time course of the reactivation of WM representations during visual search by analyzing the electroencephalogram (EEG) and event-related optical signals (EROS) in Experiments 1 and 2, respectively, and investigated the interaction between the representation reactivation and distractor suppression in Experiment 3. Participants had to maintain a color in WM under high- or low-precision requirement and perform a subsequent search task. The reactivation of WM representations was defined by the above-chance decoding accuracy. The EEG results showed that compared with the low-precision requirement, WM-matching distractors captured more attention and the WM representation were reactivated more frequently under high-precision requirement. The EROS results showed that compared with the low-precision requirement, the increased activity in occipital cortex in the WM-matching versus WM-mismatching conditions was observed at 224 ms during visual search under high-precision requirement. Regression analysis showed that the representation reactivation during visual search directly predicted the behavioral WM-based attentional capture effect, while the representation reactivation before visual search impacted the WM-based attentional capture effect through the mediation of distractor suppression during visual search. These results suggest that the reactivation of WM representations and distractor suppression collectively determine WM-based attentional capture.","2024","2026-07-13 08:38:25","2026-07-17 08:06:18","2026-07-13 08:38:25","e14514","","3","61","","","","95","","","","","","en","© 2024 Society for Psychophysiological Research.","","","","Wiley Online Library","","_eprint: https://onlinelibrary.wiley.com/doi/pdf/10.1111/psyp.14514","","C:\Users\moin\Zotero\storage\RM226X6F\Che et al. - 2024 - The Reactivation of working memory representations affects attentional guidance.pdf; C:\Users\moin\Zotero\storage\EZGJTCEA\psyp.html","","Preregistered Match","decoding; electroencephalography; event-related optical signals; N2pc; visual attention","","","","","","","","","","","","","","","","","","","","","","","","","","","","","","","","","","","","","","","","","","","","","",""
"Q7LFV2Q4","journalArticle","2024","Liu, Yuping; Hopwood, Christopher J; Du, Tianwei V; Lynam, Donald R; Miller, Joshua D; Zhou, Bingtao; Yang, Bo","Examining the structure of narcissism and its relationship with aggression in Chinese community and offender samples","European Journal of Personality","","0890-2070","10.1177/08902070241229246","https://doi.org/10.1177/08902070241229246","Objective: Associations between dimensions of narcissism and aggression have been well-documented in Western samples. We aimed to generalize findings regarding the validity of one-, two- (Grandiose Narcissism, GN, and Vulnerable Narcissism, VN), and three-factor models (Agentic Narcissism, Agent; Neurotic Narcissism, Neuro; Antagonistic Narcissism, Antag) of narcissism and associations with aggression to Chinese offender and nonoffender samples. Methods: Our preregistered study used exploratory factor analysis (EFA) and a novel methodological approach, relative weights analysis (RWA) in an offender (N = 485) and a community (N = 578) sample from China to examine the generalizability of narcissism dimensions, and within-study meta-analysis using 9 samples (N = 3520, and 282 effect sizes) to examine links between narcissism dimensions and aggression. Results: The two-factor model replicated well across samples and three-factor model replicated moderately, with differences emerging for the structure of Antag in offenders. Narcissism was positively correlated with aggression, although associations varied across narcissism dimensions and types of aggression. Conclusion: The dimensional models of narcissism and associations with aggression generalized fairly well from Western to Chinese offender and nonoffender populations, although some potential differences worthy of consideration in future research and practice were observed.","2024-11-01","2026-07-13 08:20:59","2026-07-17 08:01:01","2026-07-13 08:20:59","947-966","","6","38","","Eur J Pers","","41","","","","SAGE Publications Ltd","","EN","","","","","SAGE Journals","","","","C:\Users\moin\Zotero\storage\Q4GJ6MG9\Liu et al. - 2024 - Examining the structure of narcissism and its relationship with aggression in Chinese community and.pdf","","Preregistered Match","","","","","","","","","","","","","","","","","","","","","","","","","","","","","","","","","","","","","","","","","","","","","","",""
"7ZE4RKUK","journalArticle","2025","Johnson, Rachelle M.; Hart, Sara A.; Wagner, Richard K.","The Home Literacy Environment and Reading Development of Children With and Without Learning Disabilities","Developmental Science","","1467-7687","10.1111/desc.70033","https://onlinelibrary.wiley.com/doi/abs/10.1111/desc.70033","Home literacy environment (HLE) refers to children's exposure to and engagement in reading-related activities in the home. Although HLE is known to be related to successful early reading achievement in general, less is known about this relation for students with learning disabilities (LDs). We investigated the relation between HLE and reading achievement using a sample of 2090 children from the ECLS-K:2011 dataset, half of whom were identified as students with LDs and half serving as controls. Latent growth curve modeling was used to examine growth in reading from kindergarten (age 5) through fifth grade (age 10). For both groups, growth was characterized by mastery learning with a negative correlation between intercept (i.e., performance at the first time point) and slope (rate of growth). Compared to controls, LD children had a lower mean intercept but a higher mean slope. HLE was positively related to intercept for both groups. However, the positive relation between HLE and reading did not extend to later grades, with a small but significant negative relation between HLE and slope for both groups that was a byproduct of the negative correlation between intercept and slope. The pattern of results remained the same after controlling for socioeconomic status (SES). It appears HLE is equally important to the reading achievement of both groups.","2025","2026-07-12 19:53:25","2026-07-17 08:00:43","2026-07-12 19:53:25","e70033","","4","28","","","","40","","","","","","en","© 2025 John Wiley & Sons Ltd.","","","","Wiley Online Library","","_eprint: https://onlinelibrary.wiley.com/doi/pdf/10.1111/desc.70033","","C:\Users\moin\Zotero\storage\YPFMFXSN\Johnson et al. - 2025 - The Home Literacy Environment and Reading Development of Children With and Without Learning Disabili.pdf","","Preregistered Match","longitudinal; ECLS-K:2011; home literacy environment; learning disability; reading achievement","","","","","","","","","","","","","","","","","","","","","","","","","","","","","","","","","","","","","","","","","","","","","",""
"T3GU2BVN","journalArticle","2021","de Carvalho, Alex; Crimon, Cécile; Barrault, Axel; Trueswell, John; Christophe, Anne","“Look! It is not a bamoule!”: 18- and 24-month-olds can use negative sentences to constrain their interpretation of novel word meanings","Developmental Science","","1467-7687","10.1111/desc.13085","https://onlinelibrary.wiley.com/doi/abs/10.1111/desc.13085","Two word-learning experiments were conducted to investigate the understanding of negative sentences in 18- and 24-month-old children. In Experiment 1, after learning that bamoule means “penguin” and pirdaling means “cartwheeling,” 18-month-olds (n = 48) increased their looking times when listening to negative sentences rendered false by their visual context (“Look! It is not a bamoule!” while watching a video showing a penguin cartwheeling); however, they did not change their looking behavior when negative sentences were rendered true by their context (“Look! It is not pirdaling!” while watching a penguin spinning). In Experiment 2, 24-month-olds (n = 48) were first exposed to a teaching phase in which they saw a new cartoon character on a television (e.g., a blue monster). Participants in the affirmative condition listened to sentences like “It's a bamoule!” and participants in the negative condition listened to sentences like “It's not a bamoule!.” At test, all participants were asked to find the bamoule while viewing two images: the familiar character from the teaching phase versus a novel character (e.g., a red monster). Results showed that participants in the affirmative condition looked more to the familiar character (i.e., they learned the familiar character was a bamoule) than participants in the negative condition. Together, these studies provide the first evidence for the understanding of negative sentences during the second year of life. The ability to understand negative sentences so early might support language acquisition, providing infants with a tool to constrain the space of possibilities for word meanings.","2021","2026-07-09 11:37:47","2026-07-17 08:00:11","2026-07-09 11:37:47","e13085","","4","24","","","“Look! It is not a bamoule!”","39","","","","","","en","© 2021 John Wiley & Sons Ltd","","","","Wiley Online Library","","_eprint: https://onlinelibrary.wiley.com/doi/pdf/10.1111/desc.13085","","C:\Users\moin\Zotero\storage\I4YAZ7EE\de Carvalho et al. - 2021 - “Look! It is not a bamoule!” 18- and 24-month-olds can use negative sentences to constrain their in.pdf","","Preregistered Match","language acquisition; word learning; early acquisition of negation; infant development; lexical development; negation understanding","","","","","","","","","","","","","","","","","","","","","","","","","","","","","","","","","","","","","","","","","","","","","",""
"JM644JGX","journalArticle","2022","Doebel, Sabine; Munakata, Yuko","Unraveling the Nature of Children’s Self-directed Speech: Correlates of Five- and Six-year-olds’ Overt and Partially Covert Speech on Three Tasks","Collabra: Psychology","","2474-7394","10.1525/collabra.57543","https://doi.org/10.1525/collabra.57543","Young children’s self-directed speech during activities has long fascinated developmental psychologists. Why do children talk to themselves and does it support development? On Vygotsky’s sociocultural account, children use self-directed speech to regulate thought and behavior while performing challenging tasks, and this speech has a specific developmental trajectory—from overt (i.e., talking at full volume) to partially covert (i.e., whispering or mumbling), before finally becoming fully covert (i.e., inner speech or thought). Many published empirical findings are consistent with this account; however, task-relevant self-directed speech does not always relate to task performance. The reported study aimed to gain insight into why by exploring, in a sample of five and six-year-old children (n = 86), task-relevant overt and partially-covert speech on three tasks, and relations with task performance as well as child and task characteristics. Trial-level multinomial models were used, allowing us to model trial number and task demands that varied by trial. Both overt and partially-covert speech were observed on all tasks, with most children using at least one of these forms of speech some of the time. Relations between self-directed speech and performance varied across tasks, showing positive, null, or negative associations. Self-directed speech varied depending on the demands of the task on a given trial. Overt speech, but not partially covert speech, was related to a parent-report measure of child talkativeness as well as social speech during the task. Age was not consistently related to self-directed speech on the tasks. Together, these findings challenge the notion that overt speech is best understood simply as a transition to partially covert and then fully covert speech. Rather, whether speech is overt (vs. partially or fully covert) may be determined by social goals. More research with a wider variety of tasks is needed to better understand the nature of these two forms of self-directed speech.","2022-12-13","2026-07-14 07:00:00","2026-07-17 06:26:33","2026-07-14 07:00:00","57543","","1","8","","Collabra: Psychology","Unraveling the Nature of Children’s Self-directed Speech","17","","","","","","","","","","","Silverchair","","","","C:\Users\moin\Zotero\storage\IIFHSJQ7\Doebel and Munakata - 2022 - Unraveling the Nature of Children’s Self-directed Speech Correlates of Five- and Six-year-olds’ Ove.pdf","","Traditional Match","","Moses, Louis","","","","","","","","","","","","","","","","","","","","","","","","","","","","","","","","","","","","","","","","","","","","",""
"I3BCBXVP","journalArticle","2023","Harris, Anthony M.; Eayrs, Joshua O.; Lavie, Nilli","Establishing gaze markers of perceptual load during multi-target visual search","Cognitive Research: Principles and Implications","","2365-7464","10.1186/s41235-023-00498-7","https://doi.org/10.1186/s41235-023-00498-7","Highly-automated technologies are increasingly incorporated into existing systems, for instance in advanced car models. Although highly automated modes permit non-driving activities (e.g. internet browsing), drivers are expected to reassume control upon a ‘take over’ signal from the automation. To assess a person’s readiness for takeover, non-invasive eye tracking can indicate their attentive state based on properties of their gaze. Perceptual load is a well-established determinant of attention and perception, however, the effects of perceptual load on a person’s ability to respond to a takeover signal and the related gaze indicators are not yet known. Here we examined how load-induced attentional state affects detection of a takeover-signal proxy, as well as the gaze properties that change with attentional state, in an ongoing task with no overt behaviour beyond eye movements (responding by lingering the gaze). Participants performed a multi-target visual search of either low perceptual load (shape targets) or high perceptual load (targets were two separate conjunctions of colour and shape), while also detecting occasional auditory tones (the proxy takeover signal). Across two experiments, we found that high perceptual load was associated with poorer search performance, slower detection of cross-modal stimuli, and longer fixation durations, while saccade amplitude did not consistently change with load. Using machine learning, we were able to predict the load condition from fixation duration alone. These results suggest monitoring fixation duration may be useful in the design of systems to track users’ attentional states and predict impaired user responses to stimuli outside of the focus of attention.","2023-08-31","2026-07-13 07:20:29","2026-07-17 06:26:33","2026-07-13 07:20:29","56","","1","8","","Cogn. Research","","12","","","","","","en","","","","","Springer Link","","","","C:\Users\moin\Zotero\storage\3MSGL8FJ\Harris et al. - 2023 - Establishing gaze markers of perceptual load during multi-target visual search.pdf","","Traditional Match","Attention; Cross-modal processing; Eye movements; Perceptual load; Visual search","","","","","","","","","","","","","","","","","","","","","","","","","","","","","","","","","","","","","","","","","","","","","",""
"IASD6J69","journalArticle","2022","Liang, Garston; Sloane, Jennifer F.; Donkin, Christopher; Newell, Ben R.","Adapting to the algorithm: how accuracy comparisons promote the use of a decision aid","Cognitive Research: Principles and Implications","","2365-7464","10.1186/s41235-022-00364-y","https://doi.org/10.1186/s41235-022-00364-y","In three experiments, we sought to understand when and why people use an algorithm decision aid. Distinct from recent approaches, we explicitly enumerate the algorithm’s accuracy while also providing summary feedback and training that allowed participants to assess their own skills. Our results highlight that such direct performance comparisons between the algorithm and the individual encourages a strategy of selective reliance on the decision aid; individuals ignored the algorithm when the task was easier and relied on the algorithm when the task was harder. Our systematic investigation of summary feedback, training experience, and strategy hint manipulations shows that further opportunities to learn about the algorithm encourage not only increased reliance on the algorithm but also engagement in experimentation and verification of its recommendations. Together, our findings emphasize the decision-maker’s capacity to learn about the algorithm providing insights for how we can improve the use of decision aids.","2022-02-08","2026-07-10 08:16:29","2026-07-17 06:26:33","2026-07-10 08:16:29","14","","1","7","","Cogn. Research","Adapting to the algorithm","14","","","","","","en","","","","","Springer Link","","","","C:\Users\moin\Zotero\storage\5RS2M8LZ\Liang et al. - 2022 - Adapting to the algorithm how accuracy comparisons promote the use of a decision aid.pdf","","Traditional Match","Feedback; Algorithm; Decision aid","","","","","","","","","","","","","","","","","","","","","","","","","","","","","","","","","","","","","","","","","","","","","",""
"RQDZSDDH","journalArticle","2020","Kubik, Veit; Del Missier, Fabio; Mäntylä, Timo","Spatial ability contributes to memory for delayed intentions","Cognitive Research: Principles and Implications","","2365-7464","10.1186/s41235-020-00229-2","https://doi.org/10.1186/s41235-020-00229-2","Most everyday activities involve delayed intentions referring to different event structures and timelines. Yet, past research has mostly considered prospective memory (PM) as a dual-task phenomenon in which the primary task to fulfill PM intentions is realized within an ongoing secondary task. We hypothesized that these simplified simulations of PM may have obscured the role of spatial relational processing that is functional to represent and meet the increased temporal demands in more complex PM scenarios involving multiple timelines. To test this spatiotemporal hypothesis, participants monitored four digital clocks, with PM deadlines referring either to the same clock (single-context condition) or different clocks (multiple-context condition), along with separate tests of spatial ability (mental rotation task) and executive functioning (working memory updating). We found that performance in the mental rotation task incrementally explained PM performance in the multiple-context, but not in the single-context, condition, even after controlling for individual differences in working memory updating and ongoing task performance. These findings suggest that delayed intentions occurring in multiple ongoing task contexts reflect independent contributions of working memory updating and mental rotation and that spatial relational processing may specifically be involved in higher cognitive functions, such as complex PM in multiple contexts or multitasking.","2020-08-08","2026-07-10 08:09:03","2026-07-17 06:26:33","2026-07-10 08:09:03","36","","1","5","","Cogn. Research","","13","","","","","","en","","","","","Springer Link","","","","C:\Users\moin\Zotero\storage\J67VJ9BS\Kubik et al. - 2020 - Spatial ability contributes to memory for delayed intentions.pdf","","Traditional Match","Executive functioning; Multitasking; Prospective memory; Spatial ability; Spatiotemporal hypothesis","","","","","","","","","","","","","","","","","","","","","","","","","","","","","","","","","","","","","","","","","","","","","",""
"Q3ER2C6E","journalArticle","2020","Zhao, Jiayan; Simpson, Mark; Wallgrün, Jan Oliver; Sajjadi, Pejman; Klippel, Alexander","Exploring the effects of geographic scale on spatial learning","Cognitive Research: Principles and Implications","","2365-7464","10.1186/s41235-020-00214-9","https://doi.org/10.1186/s41235-020-00214-9","Investigating the relationship between the human body and its spatial environment is a critical component in understanding the process of acquiring spatial knowledge. However, few empirical evaluations have looked at how the visual accessibility of an environment affects spatial learning. To address this gap, this paper focuses on geographic scale, defined as the spatial extent visually accessible from a single viewpoint. We present two experiments in which we manipulated geographic scale using two perspectives, a ground level and an elevated view, in order to better understand the scale effect on spatial learning. Learning outcomes were measured using estimates of direction and self-reports of mental workload.","2020-04-05","2026-07-09 11:46:27","2026-07-17 06:26:33","2026-07-09 11:46:27","14","","1","5","","Cogn. Research","","15","","","","","","en","","","","","Springer Link","","","","C:\Users\moin\Zotero\storage\7J29LNRM\Zhao et al. - 2020 - Exploring the effects of geographic scale on spatial learning.pdf","","Traditional Match","Scale; Spatial learning; Virtual environments","","","","","","","","","","","","","","","","","","","","","","","","","","","","","","","","","","","","","","","","","","","","","",""
"N3AIJ2TP","journalArticle","2023","Carpentier, Naomi; Hermans, Dirk; Scheveneels, Sara","Is It Safe Now? Intolerance of Uncertainty as a Pre-treatment Predictor of Exposure Outcome","Collabra: Psychology","","2474-7394","10.1525/collabra.77777","https://doi.org/10.1525/collabra.77777","Safety learning is considered to be a key aspect in attaining symptom reduction for patients with anxiety disorders. While treatment based on safety learning principles is highly effective in general, individual differences exist in the speed and retention of fear reduction. An individual difference variable that has been demonstrated to be associated with difficulties in safety learning in laboratory paradigms is intolerance of uncertainty, or the incapacity to endure the absence of key information and the corresponding perception of uncertainty. In this study, we sought to determine if intolerance of uncertainty is associated with the course and outcome of an exposure intervention. Intolerance of uncertainty was assessed in 104 subclinical spider-fearful participants, prior to a 30-minute exposure session in virtual reality. While the exposure session was found to be successful in modifying spider fear and avoidance, we failed to find significant correlations between intolerance of uncertainty and any of the outcome measures. Exploratory analyses assessed if intolerance of uncertainty was associated with reductions in physiological arousal during the exposure session itself. No significant correlations were found between intolerance of uncertainty and arousal reduction within the exposure exercises or throughout the session. In conclusion, deviating from some of the findings in extinction research, we failed to find evidence for associations between intolerance of uncertainty and the outcome and course of exposure. Still, additional research is needed to assess the replicability of these findings.","2023-06-23","2026-07-09 09:23:13","2026-07-17 06:26:33","2026-07-09 09:23:13","77777","","1","9","","Collabra: Psychology","Is It Safe Now?","16","","","","","","","","","","","Silverchair","","","","C:\Users\moin\Zotero\storage\MKBWC4UA\Carpentier et al. - 2023 - Is It Safe Now Intolerance of Uncertainty as a Pre-treatment Predictor of Exposure Outcome.pdf","","Traditional Match","","Perugini, Marco","","","","","","","","","","","","","","","","","","","","","","","","","","","","","","","","","","","","","","","","","","","","",""
"TIE7N8BF","journalArticle","2019","Gunnell, Daniel O. A.; Kunar, Melina A.; Norman, Danielle G.; Watson, Derrick G.","The hazards of perception: evaluating a change blindness demonstration within a real-world driver education course","Cognitive Research: Principles and Implications","","2365-7464","10.1186/s41235-019-0165-4","https://doi.org/10.1186/s41235-019-0165-4","Overconfidence in one’s driving ability can lead to risky decision-making and may therefore increase the accident risk. When educating people about the risks of their driving behavior, it is all too easy for individuals to assume that the message is not meant for them and so can be ignored. In this study we developed and assessed the effect of a road safety demonstration based around the phenomenon of change blindness within a real-world Driver Awareness Course. We collected quantitative and qualitative data to evaluate the effectiveness of the demonstration in both a police-led environment (Experiment 1) and a laboratory environment (Experiment 2). We also compared the change blindness intervention to two control tasks. The results showed that participants’ self-reported ability to spot important visual changes was reduced after the change blindness demonstration in both experiments, but was not reduced after participation in the control tasks of Experiment 2. Furthermore, participants described the change blindness demonstrations positively and would recommend that they were shown more widely.","2019-05-21","2026-07-09 07:22:34","2026-07-17 06:26:33","2026-07-09 07:22:34","15","","1","4","","Cogn. Research","The hazards of perception","11","","","","","","en","","","","","Springer Link","","","","C:\Users\moin\Zotero\storage\PFTZVGM4\Gunnell et al. - 2019 - The hazards of perception evaluating a change blindness demonstration within a real-world driver ed.pdf","","Traditional Match","Education; Behavioral change; Change blindness; Driving behavior; Overconfidence","","","","","","","","","","","","","","","","","","","","","","","","","","","","","","","","","","","","","","","","","","","","","",""
"6GVFV2XR","journalArticle","2026","Zhao, Yizhang; Qiao, Tianyu; Chen, Yirao; Kuang, Meiying; Bai, Wei; Yi, Yankun; Huang, Xinxin; Li, Wen; Wang, Weidong","Attention on social media depends more on how you express yourself than on who you are","Nature Human Behaviour","","2397-3374","10.1038/s41562-025-02323-1","https://www.nature.com/articles/s41562-025-02323-1","Attention has become a vital form of capital in the digital age, yet the mechanisms underlying its allocation on social media remain poorly understood. Using a nationally representative, online and offline-integrated dataset of a Generation Z cohort in China, we provide large-scale evidence on the determinants of success in attracting attention. Our findings reveal that ‘how you express yourself’ (using various emojis and expressing multiple emotions) is more influential than ‘who you are’ (in terms of gender, education, family background and personality traits) in attracting attention on social media. Further analysis confirms a causal effect of the variety of emojis and types of emotions on attracted attention, while simulation processes using agent-based models suggest that empathy evocation is the primary underlying mechanism. We also show that the mode of expression is largely independent of individual characteristics and that the attention gained from highly appealing expressions is easier to acquire than to sustain, as it is highly sensitive to changes in expression modes over time. Overall, our research identifies three key features of attention capital allocation on social media: low alignment with traditional resources, considerable manipulability and ease of acquisition but difficulty sustaining it over time.","2026-02","2026-07-10 08:12:27","2026-07-17 06:26:25","2026-07-10 08:12:27","288-302","","2","10","","Nat Hum Behav","","80","","","","Nature Publishing Group","","en","2025 The Author(s), under exclusive licence to Springer Nature Limited","","","","www.nature.com","","","","C:\Users\moin\Zotero\storage\FGUNBVAW\Zhao et al. - 2026 - Attention on social media depends more on how you express yourself than on who you are.pdf","","Traditional Match","Sociology; Complex networks; Cultural and media studies","","","","","","","","","","","","","","","","","","","","","","","","","","","","","","","","","","","","","","","","","","","","","",""
"Y3EREH5S","journalArticle","2021","Vomfell, Lara; Stewart, Neil","Officer bias, over-patrolling and ethnic disparities in stop and search","Nature Human Behaviour","","2397-3374","10.1038/s41562-020-01029-w","https://www.nature.com/articles/s41562-020-01029-w","Black and Asian people in the United Kingdom are more likely to be stopped and searched by police than White people. Following a panel of 36,000 searches by 1,100 police officers at a major English police force, we provide officer-specific measures of over-searching relative to two baselines: the ethnic composition of crime suspects officers interact with and the ethnic composition of the areas they patrol. We show that the vast majority of officers over-search ethnic minorities against both baselines. But we also find that the over-searching by individual officers cannot account for all of the over-representation of ethnic minorities in stop and search: over-patrolling of minority areas is also a key factor. Decomposing the overall search bias, we find that the over-representation of Asian people in stop and search is primarily accounted for by over-patrolling, while the over-representation of Black people is a combination of officer and patrol effects, with the larger contribution coming from biases of officers.","2021-05","2026-07-09 08:45:38","2026-07-17 06:26:25","2026-07-09 08:45:38","566-575","","5","5","","Nat Hum Behav","","79","","","","Nature Publishing Group","","en","2021 The Author(s), under exclusive licence to Springer Nature Limited","","","","www.nature.com","","","","C:\Users\moin\Zotero\storage\ZT9XIXRL\Vomfell and Stewart - 2021 - Officer bias, over-patrolling and ethnic disparities in stop and search.pdf","","Traditional Match","Social policy; Human behaviour","","","","","","","","","","","","","","","","","","","","","","","","","","","","","","","","","","","","","","","","","","","","","",""
"L9RZKBF7","journalArticle","2019","Strimling, Pontus; Vartanova, Irina; Jansson, Fredrik; Eriksson, Kimmo","The connection between moral positions and moral arguments drives opinion change","Nature Human Behaviour","","2397-3374","10.1038/s41562-019-0647-x","https://www.nature.com/articles/s41562-019-0647-x","Liberals and conservatives often take opposing positions on moral issues. But what makes a moral position liberal or conservative? Why does public opinion tend to become more liberal over time? And why does public opinion change especially fast on certain issues, such as gay rights? We offer an explanation based on how different positions connect with different kinds of moral arguments. Based on a formal model of opinion dynamics, we predicted that positions better connected to harm and fairness arguments will be more popular among liberals and will become more popular over time among liberals and conservatives. Finally, the speed of this trend will be faster the better the position connects to harm and fairness arguments. These predictions all held with high accuracy in 44 years of polling on moral opinions. The model explains the connection between ideology and moral opinions, and generates precise predictions for future opinion change.","2019-09","2026-07-13 11:32:42","2026-07-17 06:26:24","2026-07-13 11:32:42","922-930","","9","3","","Nat Hum Behav","","77","","","","Nature Publishing Group","","en","2019 The Author(s), under exclusive licence to Springer Nature Limited","","","","www.nature.com","","","","C:\Users\moin\Zotero\storage\4MACXBHA\Strimling et al. - 2019 - The connection between moral positions and moral arguments drives opinion change.pdf","","Traditional Match","Psychology; Human behaviour; Politics and international relations; Applied mathematics","","","","","","","","","","","","","","","","","","","","","","","","","","","","","","","","","","","","","","","","","","","","","",""
"DTCCBXI8","journalArticle","2020","Van de Vliert, Evert","The global ecology of differentiation between us and them","Nature Human Behaviour","","2397-3374","10.1038/s41562-019-0783-3","https://www.nature.com/articles/s41562-019-0783-3","Humans distinguish between we-groups and they-groups, such as relatives versus strangers and higher-ups versus lower-downs, thereby creating crucial preconditions for favouring their own groups while discriminating against others. Reported here is the finding that the extent of differentiation between us and them varies along latitude rather than longitude. In geographically isolated preindustrial societies, intergroup differentiation already peaked at the equator and tapered off towards the poles, while being negligibly related to longitude (observation study 1). Contemporary societies have evolved even stronger latitudinal gradients of intergroup differentiation (survey study 2 around 1970) and discrimination (mixed-method study 3 around 2010). The geography of contemporary differentiation and discrimination can be partially predicted by tropical climate stress (warm winters, hot summers and irregular rainfall), largely mediated by the interplay of pathogen stress and agricultural subsistence (explanatory study 4). The findings accumulate into an index of intergroup discrimination by inhabitants of 222 countries (integrative study 5).","2020-03","2026-07-13 11:17:34","2026-07-17 06:26:24","2026-07-13 11:17:34","270-278","","3","4","","Nat Hum Behav","","78","","","","Nature Publishing Group","","en","2019 The Author(s), under exclusive licence to Springer Nature Limited","","","","www.nature.com","","","","C:\Users\moin\Zotero\storage\VPT6EFMA\Van de Vliert - 2020 - The global ecology of differentiation between us and them.pdf","","Traditional Match","Psychology; Geography; Environmental studies","","","","","","","","","","","","","","","","","","","","","","","","","","","","","","","","","","","","","","","","","","","","","",""
"JH6ZVZ2G","journalArticle","2021","Siddiqi, Shan H.; Schaper, Frederic L. W. V. J.; Horn, Andreas; Hsu, Joey; Padmanabhan, Jaya L.; Brodtmann, Amy; Cash, Robin F. H.; Corbetta, Maurizio; Choi, Ki Sueng; Dougherty, Darin D.; Egorova, Natalia; Fitzgerald, Paul B.; George, Mark S.; Gozzi, Sophia A.; Irmen, Frederike; Kuhn, Andrea A.; Johnson, Kevin A.; Naidech, Andrew M.; Pascual-Leone, Alvaro; Phan, Thanh G.; Rouhl, Rob P. W.; Taylor, Stephan F.; Voss, Joel L.; Zalesky, Andrew; Grafman, Jordan H.; Mayberg, Helen S.; Fox, Michael D.","Brain stimulation and brain lesions converge on common causal circuits in neuropsychiatric disease","Nature Human Behaviour","","2397-3374","10.1038/s41562-021-01161-1","https://www.nature.com/articles/s41562-021-01161-1","Damage to specific brain circuits can cause specific neuropsychiatric symptoms. Therapeutic stimulation to these same circuits may modulate these symptoms. To determine whether these circuits converge, we studied depression severity after brain lesions (n = 461, five datasets), transcranial magnetic stimulation (n = 151, four datasets) and deep brain stimulation (n = 101, five datasets). Lesions and stimulation sites most associated with depression severity were connected to a similar brain circuit across all 14 datasets (P < 0.001). Circuits derived from lesions, deep brain stimulation and transcranial magnetic stimulation were similar (P < 0.0005), as were circuits derived from patients with major depression versus other diagnoses (P < 0.001). Connectivity to this circuit predicted out-of-sample antidepressant efficacy of transcranial magnetic stimulation and deep brain stimulation sites (P < 0.0001). In an independent analysis, 29 lesions and 95 stimulation sites converged on a distinct circuit for motor symptoms of Parkinson’s disease (P < 0.05). We conclude that lesions, transcranial magnetic stimulation and DBS converge on common brain circuitry that may represent improved neurostimulation targets for depression and other disorders.","2021-12","2026-07-13 06:49:18","2026-07-17 06:26:24","2026-07-13 06:49:18","1707-1716","","12","5","","Nat Hum Behav","","76","","","","Nature Publishing Group","","en","2021 The Author(s), under exclusive licence to Springer Nature Limited","","","","www.nature.com","","","","C:\Users\moin\Zotero\storage\ZVZ4BEHR\Siddiqi et al. - 2021 - Brain stimulation and brain lesions converge on common causal circuits in neuropsychiatric disease.pdf","","Traditional Match","Depression; Human behaviour; Neural circuits; Parkinson's disease","","","","","","","","","","","","","","","","","","","","","","","","","","","","","","","","","","","","","","","","","","","","","",""
"K4WMFMRQ","journalArticle","2025","Cao, Runnan; Wang, Jinge; Lin, Chujun; De Falco, Emanuela; Peter, Alina; Rey, Hernan G.; Brunner, Peter; Willie, Jon T.; DiCarlo, James J.; Todorov, Alexander; Rutishauser, Ueli; Li, Xin; Brandmeir, Nicholas J.; Wang, Shuo","Feature-based encoding of face identity by single neurons in the human amygdala and hippocampus","Nature Human Behaviour","","2397-3374","10.1038/s41562-025-02218-1","https://www.nature.com/articles/s41562-025-02218-1","Neurons in the human amygdala and hippocampus are classically thought to encode a person’s identity invariant to visual features. However, it remains largely unknown how visual information from higher visual cortical areas is translated into such a semantic representation of an individual person. Here, across four experiments (3,581 neurons from 19 neurosurgical patients over 111 sessions), we demonstrate a region-based feature code for faces, where neurons encode faces on the basis of shared visual features rather than associations of known concepts, contrary to prevailing views. Feature neurons encode groups of faces regardless of their identity, broad semantic categories or familiarity; and the coding regions (that is, receptive fields) predict feature neurons’ response to new face stimuli. Together, our results reveal a new class of neurons that bridge perception-driven representation of facial features with mnemonic semantic representations, which may form the basis for declarative memory.","2025-09","2026-07-13 20:25:17","2026-07-17 06:26:23","2026-07-13 20:25:17","1959-1974","","9","9","","Nat Hum Behav","","73","","","","Nature Publishing Group","","en","2025 The Author(s), under exclusive licence to Springer Nature Limited","","","","www.nature.com","","","","C:\Users\moin\Zotero\storage\JITZSQKK\Cao et al. - 2025 - Feature-based encoding of face identity by single neurons in the human amygdala and hippocampus.pdf","","Traditional Match","Human behaviour; Cognitive neuroscience","","","","","","","","","","","","","","","","","","","","","","","","","","","","","","","","","","","","","","","","","","","","","",""
"3E2GJ783","journalArticle","2021","Heffner, Joseph; Son, Jae-Young; FeldmanHall, Oriel","Emotion prediction errors guide socially adaptive behaviour","Nature Human Behaviour","","2397-3374","10.1038/s41562-021-01213-6","https://www.nature.com/articles/s41562-021-01213-6","People make decisions based on deviations from expected outcomes, known as prediction errors. Past work has focused on reward prediction errors, largely ignoring violations of expected emotional experiences—emotion prediction errors. We leverage a method to measure real-time fluctuations in emotion as people decide to punish or forgive others. Across four studies (N = 1,016), we reveal that emotion and reward prediction errors have distinguishable contributions to choice, such that emotion prediction errors exert the strongest impact during decision-making. We additionally find that a choice to punish or forgive can be decoded in less than a second from an evolving emotional response, suggesting that emotions swiftly influence choice. Finally, individuals reporting significant levels of depression exhibit selective impairments in using emotion—but not reward—prediction errors. Evidence for emotion prediction errors potently guiding social behaviours challenge standard decision-making models that have focused solely on reward.","2021-10-19","2026-07-10 17:31:02","2026-07-17 06:26:23","2026-07-10 17:31:02","20","","10","5","","Nat Hum Behav","","75","","","","Nature Publishing Group","","en","2021 The Author(s), under exclusive licence to Springer Nature Limited","","","","www.nature.com","","","","C:\Users\moin\Zotero\storage\DNXBK5RG\Heffner et al. - 2021 - Emotion prediction errors guide socially adaptive behaviour.pdf","","Traditional Match","Human behaviour","","","","","","","","","","","","","","","","","","","","","","","","","","","","","","","","","","","","","","","","","","","","","",""
"EQ3M4KRQ","journalArticle","2026","Eckstein, Maria K.; Summerfield, Christopher; Daw, Nathaniel D.; Miller, Kevin J.","Hybrid neural–cognitive models reveal how memory shapes human reward learning","Nature Human Behaviour","","2397-3374","10.1038/s41562-025-02324-0","https://www.nature.com/articles/s41562-025-02324-0","A long-standing challenge for psychology and neuroscience is to understand the transformations by which past experiences shape future behaviour. Reward-guided learning is typically modelled using simple reinforcement learning (RL) algorithms. In RL, a handful of incrementally updated internal variables both summarize past rewards and drive future choice. Here we describe work that questions the assumptions of many RL models. We adopt a hybrid modelling approach that integrates artificial neural networks into interpretable cognitive architectures, estimating a maximally general form for each algorithmic component and systematically evaluating its necessity and sufficiency. Applying this method to a large dataset of human reward-learning behaviour, we show that successful models require independent and flexible memory variables that can track rich representations of the past. Using a modelling approach that combines predictive accuracy and interpretability, these results call into question an entire class of popular RL models based on incremental updating of scalar reward predictions.","2026-05","2026-07-10 13:08:58","2026-07-17 06:26:23","2026-07-10 13:08:58","972-987","","5","10","","Nat Hum Behav","","74","","","","Nature Publishing Group","","en","2026 The Author(s)","","","","www.nature.com","","","","C:\Users\moin\Zotero\storage\RK5UNEZA\Eckstein et al. - 2026 - Hybrid neural–cognitive models reveal how memory shapes human reward learning.pdf","","Traditional Match","Human behaviour; Computational science","","","","","","","","","","","","","","","","","","","","","","","","","","","","","","","","","","","","","","","","","","","","","",""
"8CSHRDR2","journalArticle","2023","Boda, Zsófia; Lorenz, Georg; Jansen, Malte; Stanat, Petra; Edele, Aileen","Ethnic diversity fosters the social integration of refugee students","Nature Human Behaviour","","2397-3374","10.1038/s41562-023-01577-x","https://www.nature.com/articles/s41562-023-01577-x","Forced migration has become a global megatrend, and many refugees are school aged. As social integration is key to their wellbeing and success, it is pivotal to determine factors that promote the social integration of refugee youth within schools. Here, using a large, nationally representative social network dataset from Germany, we examine the relationships of refugee adolescents with their peers (304 classrooms, 6,390 adolescents and 487 refugees). We find that refugee adolescents have fewer friends and are more often rejected as desk mates than their classmates. Crucially, however, they are less rejected in more diverse classrooms. This results from two basic processes: (1) more opportunities to meet other ethnic minority peers, who are more accepting of refugees in general and (2) higher acceptance of refugee adolescents by ethnic majority peers in more diverse settings. Our results can help promote the social adjustment of young refugees in school and mitigate the negative consequences of prejudice.","2023-06","2026-07-03 06:44:03","2026-07-17 06:26:22","2026-07-03 06:44:03","881-891","","6","7","","Nat Hum Behav","","72","","","","Nature Publishing Group","","en","2023 The Author(s)","","","","www.nature.com","","","","C:\Users\moin\Zotero\storage\JFAQJYLS\Boda et al. - 2023 - Ethnic diversity fosters the social integration of refugee students.pdf","","Traditional Match","Sociology; Society; Education; Human behaviour","","","","","","","","","","","","","","","","","","","","","","","","","","","","","","","","","","","","","","","","","","","","","",""
"X7KVS9VL","journalArticle","2024","Ambuehl, Sandro","An experimental test of whether financial incentives constitute undue inducement in decision-making","Nature Human Behaviour","","2397-3374","10.1038/s41562-024-01817-8","https://www.nature.com/articles/s41562-024-01817-8","Around the world, laws limit the incentives that can be paid for transactions such as human research participation, egg donation or gestational surrogacy. A key reason is concerns about ‘undue inducement’—the influential but empirically untested hypothesis that incentives can cause harm by distorting individual decision-making. Here I present two experiments (n = 671 and n = 406), including one based on a highly visceral transaction (eating insects). Incentives caused biased information search—participants offered a higher incentive to comply more often sought encouragement to do so. However, I demonstrate theoretically that such behaviour does not prove that incentives have harmful effects; it is consistent with Bayesian rationality. Empirically, although a substantial minority of participants made bad decisions, incentives did not magnify them in a way that would suggest allowing a transaction but capping incentives. Under the conditions of this experiment, there was no evidence that higher incentives could undermine welfare for transactions that are permissible at low incentives.","2024-05","2026-07-13 20:31:05","2026-07-17 06:26:22","2026-07-13 20:31:05","835-845","","5","8","","Nat Hum Behav","","71","","","","Nature Publishing Group","","en","2024 The Author(s)","","","","www.nature.com","","","","C:\Users\moin\Zotero\storage\VCGKQ6ZZ\Ambuehl - 2024 - An experimental test of whether financial incentives constitute undue inducement in decision-making.pdf","","Traditional Match","Economics; Social policy","","","","","","","","","","","","","","","","","","","","","","","","","","","","","","","","","","","","","","","","","","","","","",""
"JN73URXN","journalArticle","2025","Waddell, Jack T.; King, Scott E.; Corbin, William R.; Lee, Christine M.","The sequential daily process through which alcohol expectancies predict acute drinking behavior","Psychology of Addictive Behaviors","","1939-1501","10.1037/adb0001067","","Objective: Alcohol expectancies are well-studied between-person risk factors for problem drinking. However, no studies have tested mechanisms through which daily deviations in expectancies relate to drinking behavior during acute drinking episodes. This study filled this void, testing a sequential mediation model regarding the roles of social context, subjective responses, and craving in relations between daily deviations in expectancies and drinking behavior. Method: Participants (N = 131) who reported past-month binge, social, and solitary drinking completed 21 days of morning and afternoon ecological momentary assessments and event-contingent drinking reports. Multilevel models tested whether daytime expectancies predicted social context at drink initiation, which indirectly predicted within-session drinking through deviations in subjective responses and craving. Expectancies/subjective responses were measured across valence/arousal (high arousal positive/reward, low arousal positive/relaxation, high arousal negative/aggression, low arousal negative/impairment). Results: Increased daytime expectancies predicted experiencing the expected effect while drinking, even when controlling for context and consumption. Increased daytime rewarding expectancies predicted initiating drinking in social contexts, which indirectly predicted heavier within-session drinking via increased rewarding subjective effects and craving. In contrast, daytime relaxation expectancies predicted lesser within-session drinking, above and beyond context, subjective effects, and craving. Finally, increased daytime aggression expectancies predicted aggressive subjective effects, which indirectly predicted heavier within-session drinking via increased craving. Conclusions: Expectancies regarding later drinking predicted context-specific drinking and subjective effects, consistent with self-fulfilling prophecies of alcohol effects. Future research should consider testing the efficacy of coupling daytime fluctuations in expectancies with adaptive interventions seeking to increase protective strategy utilization. (PsycInfo Database Record (c) 2025 APA, all rights reserved)","2025","2026-07-13 11:50:24","2026-07-17 06:24:59","","444-455","","5","39","","","","87","","","","American Psychological Association","US","","","","","","APA PsycNet","","","","C:\Users\moin\Zotero\storage\SC2D2S8J\Waddell et al. - 2025 - The sequential daily process through which alcohol expectancies predict acute drinking behavior.pdf","","Traditional Match","Rewards; Expectations; Alcohol Use; Physiological Arousal; Ecological Momentary Assessment; Alcohol Use Attitudes; Craving","","","","","","","","","","","","","","","","","","","","","","","","","","","","","","","","","","","","","","","","","","","","","",""
"8X9IKRAX","journalArticle","2021","Frank, Cornelia; Bekemeier, Katharina; Menze-Sonneck, Andrea","Imagery training in school-based physical education improves the performance and the mental representation of a complex action in comprehensive school students","Psychology of Sport and Exercise","","1469-0292","10.1016/j.psychsport.2021.101972","https://www.sciencedirect.com/science/article/pii/S146902922100090X","Objectives Despite evidence that mental practice can promote motor learning and despite the recommendations on the use of imagery training in physical education (PE) from sport education and sport psychology, mental practice has rarely been used for skill acquisition in school-based PE. The purpose of the present study was therefore to develop a 5-week imagery training program for 16- to 19-year old comprehensive school students and to examine its impact on their performance and their mental representation of the pullover on the horizontal bar in gymnastics. Methods During the intervention, the students practiced the pullover to front support in small groups with flash cards, focusing on different key aspects of the action per week. In addition to practicing the pullover to front support on the horizontal bar, students in the imagery training group repeatedly imagined the pullover. The control group did not imagine the pullover during practice phases. We measured motor performance and mental representations of the pullover prior to and after the intervention. Results Consistent with our hypotheses, practicing the pullover led to improvements in motor performance and cognitive representation for both groups, with the imagery training group performing more pullovers to front support, achieving higher movement quality and holding more functional mental representations in their motor memory after the intervention. Conclusions Our findings extend early work in that we show that teachers can effectively integrate imagery training of a complex motor action into a regular PE class and that the combination of mental and physical practice is more beneficial than physical practice alone such as during a regular PE class without imagery training. If tailored to the heterogenous requirements of a school-based PE setting, imagery training can be a powerful means for practice in PE classes. Using imagery training during breaks in between executions led to a higher amount of practice, and promoted motor skill acquisition.","2021-09-01","2026-07-09 08:53:44","2026-07-17 06:24:59","2026-07-09 08:53:44","101972","","","56","","Psychology of Sport and Exercise","","88","","","","","","","","","","","ScienceDirect","","","","C:\Users\moin\Zotero\storage\7XJNRAZ7\Frank et al. - 2021 - Imagery training in school-based physical education improves the performance and the mental represen.pdf","","Traditional Match","Gymnastics; Mental practice; Motor learning; SDA-M","","","","","","","","","","","","","","","","","","","","","","","","","","","","","","","","","","","","","","","","","","","","","",""
"ACQ6AL7Z","journalArticle","2022","Chen, Lijun; Jiang, Xiaoliu; Luo, Xiaohui; Kraus, Shane W.; Bőthe, Beáta","The role of impaired control in screening problematic pornography use: Evidence from cross-sectional and longitudinal studies in a large help-seeking male sample","Psychology of Addictive Behaviors","","1939-1501","10.1037/adb0000714","","In help- or treatment-seeking people, there may be a portion of individuals with self-perceived addiction; however, how to distinguish these individuals from help-seeking patients with dysregulated pornography use remains unclear. The present study sought to examine the specific role of impaired control in identifying individuals with self-perceived problems when screening problematic pornography use (PPU) in a large help-seeking male sample (N = 8,845; Mage = 25.82 years, SD = 7.83). Based on the results of latent profile analysis, three groups were identified in the help-seeking sample: Self-perceived PPU group (n = 2,089; 23.6%), impaired control group (n = 4,180; 47.3%), and PPU group (n = 2,576; 29.1%). The self-perceived PPU group was characterized by the highest moral incongruence, but not objectively dysregulated in pornography use. The other two groups met the criteria of impaired control, suggesting that, impaired control may distinguish between self-perceived PPU and dysregulated use in help-seeking men. Six months later, self-reported data were collected again from 972 of these help-seeking men. The longitudinal cross-lagged analysis showed that impaired control at baseline positively predicted PPU at the 6-month follow-up; simultaneously, the reverse association was also significant and positive. In sum, impaired control functioned as a criterion to differentiate between self-perceived PPU and dysregulated pornography use. Impaired control might be used as a robust and reliable predictor of PPU, but it may not be a sufficient criterion of PPU in itself. (PsycInfo Database Record (c) 2025 APA, all rights reserved)","2022","2026-07-13 11:37:14","2026-07-17 06:24:59","","537-546","","5","36","","","The role of impaired control in screening problematic pornography use","85","","","","American Psychological Association","US","","","","","","APA PsycNet","","","","C:\Users\moin\Zotero\storage\2V6AZ4UI\Chen et al. - 2022 - The role of impaired control in screening problematic pornography use Evidence from cross-sectional.pdf","","Traditional Match","Morality; Addiction; Test Construction; Self-Perception; Pornography; Help Seeking Behavior; Diagnostic Criteria; Health Care Seeking Behavior; Self-Control","","","","","","","","","","","","","","","","","","","","","","","","","","","","","","","","","","","","","","","","","","","","","",""
"HSZG7HFK","journalArticle","2025","Wilson, Kathryn E.","Does personality moderate relationships between change in social cognitions and physical activity among college women?","Psychology & Health","","0887-0446","10.1080/08870446.2025.2543602","https://doi.org/10.1080/08870446.2025.2543602","Evidence links personality to physical activity (PA) and PA-related social cognitions commonly targeted in behavioral interventions. Frameworks of the personality system propose that traits moderate change in social cognitions which then influence behavior change. This study aimed to assess whether personality traits moderate organic change in PA-related social cognitions, and the relationship between those changes and changes in PA behavior. A sample (n = 346) of college women participated in a 12-week longitudinal observation. Surveys included measures of personality traits, PA-related social cognitions, and PA behavior. Conditional latent growth models tested the effect of personality traits on change in social cognitive and behavioral variables. Significant mean-level change and/or variance of change was observed for exercise self-efficacy, descriptive norms, affective attitudes and several indicators of PA. Personality traits were not observed to moderate change in any social cognitive or behavioral variables, nor were changes in social cognitive variables related to changes in behavioral variables. Changes in social cognitions and PA behavior over 12 wk were small and unrelated to personality traits. Future work should examine change over longer periods, and in response to behavioral intervention to determine whether traits impact the effectiveness of behavior change strategies targeting these constructs.","2025-08-12","2026-07-09 07:51:09","2026-07-17 06:24:59","2026-07-09 07:51:09","1-21","","0","0","","","","84","","","","Routledge","","","","","","","Taylor and Francis+NEJM","","_eprint: https://doi.org/10.1080/08870446.2025.2543602","","C:\Users\moin\Zotero\storage\37XZUIEE\Wilson - 2025 - Does personality moderate relationships between change in social cognitions and physical activity am.pdf","","Traditional Match","big five; Traits; self-efficacy; theory of planned behavior; descriptive norms","","","","","","","","","","","","","","","","","","","","","","","","","","","","","","","","","","","","","","","","","","","","","",""
"5CFC3AQL","journalArticle","2024","Oddo, Lauren E.; Joyner, Keanan J.; Murphy, James G.; Acuff, Samuel F.; Marsh, Nicholas P.; Steinberg, Amanda; Chronis-Tuscano, Andrea","Attention-deficit/hyperactivity disorder is associated with more alcohol problems and less substance-free reinforcement: A behavioral economics daily diary study of college student drinkers","Psychology of Addictive Behaviors","","1939-1501","10.1037/adb0000982","","Objective: Behavioral economic theory suggests that alcohol risk is related to elevated alcohol reinforcing efficacy (demand) combined with diminished availability of reinforcing substance-free activities, but little research has examined these reward-related processes at the daily level in association with comorbid conditions that might influence behavioral patterns and reward. Young people with attention-deficit/hyperactivity disorder (ADHD) report high levels of risky drinking, and this risk may be due in part to elevated demand for alcohol and diminished engagement in enjoyable and valued substance-free activities. Method: College student drinkers (N = 101; 48.5% female; 68.3% White; 18–22 years old) with (n = 51) and without (n = 50) ADHD completed 14 consecutive daily diaries (diary entry n = 1,414). We conducted a series of multilevel path models to examine (a) the associations among ADHD and average daily alcohol demand, substance-free enjoyment, and response contingent positive reinforcement (RCPR) for goal-directed behaviors; (b) the associations among concurrent daily alcohol demand, substance-free reinforcement, and RCPR for goal-directed behaviors and daily alcohol use and alcohol-related negative consequences; and (c) the moderating effect of ADHD on these within-day associations. Results: ADHD was significantly associated with more daily alcohol-related negative consequences and less daily substance-free enjoyment and RCPR. Regardless of ADHD status, there were significant associations among behavioral economic risk factors and alcohol use and negative consequences, though effects differed within and between persons. There were no moderating effects of ADHD on within-person associations. Conclusions: Results expose areas of impairment specific to drinkers with ADHD and advance theory on ADHD and hazardous drinking. (PsycInfo Database Record (c) 2025 APA, all rights reserved)","2024","2026-07-13 12:41:11","2026-07-17 06:24:59","","437-450","","4","38","","","Attention-deficit/hyperactivity disorder is associated with more alcohol problems and less substance-free reinforcement","86","","","","American Psychological Association","US","","","","","","APA PsycNet","","","","C:\Users\moin\Zotero\storage\PIAN2XME\Oddo et al. - 2024 - Attention-deficithyperactivity disorder is associated with more alcohol problems and less substance.pdf","","Traditional Match","College Students; Goal Orientation; Rewards; Attention Deficit Disorder with Hyperactivity; Alcohol Use; Pleasure; Behavioral Economics; Reinforcement","","","","","","","","","","","","","","","","","","","","","","","","","","","","","","","","","","","","","","","","","","","","","",""
"KMSCHJXV","journalArticle","2026","Servais, Anaïs; Bastin, Christine","Memory benefit after exploring a novel virtual environment: There is more than spatial novelty","Quarterly Journal of Experimental Psychology","","1747-0218","10.1177/17470218251348993","https://doi.org/10.1177/17470218251348993","Animal studies show that novelty boosts memory for unrelated information encountered shortly after. Evidence for this effect is lacking in humans. Using Virtual Reality (VR) to simulate spatial novelty has yielded conflicting results. Schomaker et al. found that word recall was higher when encoding followed novel rather than familiar exploration, which we failed to replicate in two prior studies. Instead, we observed enhanced recall after initial VR exposure. This study examined the broader effect of VR experience on memory. As VR could improve memory, we included 35 younger adults and 32 older adults to directly investigate whether the effect is maintained when episodic memory declines. We compared memory performance on word lists encoded after exploring a VR environment, watching a documentary (a more common experience), or completing a control condition that involved no exploration. Recall was better after VR than after both the control condition and the documentary, suggesting that the effects of VR go beyond spatial novelty. Both age groups benefited from the VR effect on memory. The effect of VR on subsequent memory was modulated by novelty judgments: the more participants experienced VR as a novel experience, the larger the memory boost. We discuss how VR could constitute itself another type of novelty that could be taken into consideration in future studies.","2026-02-01","2026-07-13 08:47:11","2026-07-17 06:24:59","2026-07-13 08:47:11","430-443","","2","79","","","Memory benefit after exploring a novel virtual environment","100","","","","SAGE Publications","","EN","","","","","SAGE Journals","","","","C:\Users\moin\Zotero\storage\AV8H6E4E\Servais and Bastin - 2026 - Memory benefit after exploring a novel virtual environment There is more than spatial novelty.pdf","","Traditional Match","","","","","","","","","","","","","","","","","","","","","","","","","","","","","","","","","","","","","","","","","","","","","","",""
"SX98RUKJ","journalArticle","2024","Schaefer, Martin; Hrysanidis, Caitlin; Lundström, Johan N.; Arshamian, Artin","Phase-locked breathing does not affect episodic visual recognition memory but does shape its corresponding ERPs","Psychophysiology","","1469-8986","10.1111/psyp.14493","https://onlinelibrary.wiley.com/doi/abs/10.1111/psyp.14493","Recent studies have indicated that breathing shapes the underlying oscillatory brain activity critical for episodic memory, potentially impacting memory performance. However, the literature has presented conflicting results, with some studies suggesting that nasal inhalation enhances visual memory performance, while others have failed to observe any significant effects. Furthermore, the specific influence of breathing route (nasal vs. mouth) and the precise phase of the respiratory cycle during which stimuli are presented have remained elusive. To address this, we employed a visual recognition memory (VRM) and electroencephalography paradigm in which stimuli presentation was phase-locked to either inhalation or exhalation onset, using a within-subject design where participants performed the memory task while engaging in separate sessions of nose and mouth breathing. We show that neither breathing route nor breathing phase has a significant impact on VRM performance as measured by d-prime, with the data supporting the null hypothesis. However, we did find an effect of breathing phase on response bias, with participants adopting a more conservative decision criterion during exhalation. Moreover, we found that breathing phase during memory encoding shaped the late parietal effect (LPE) amplitude, while the Frontal Negative Component (FN400) and LPE during recognition were less impacted. While our study demonstrates that breathing does not shape VRM performance, it shows that it influences brain activity, reinforcing the importance of further research to elucidate the extent of respiratory influence on perception, cognition, and behavior.","2024","2026-07-13 08:41:06","2026-07-17 06:24:59","2026-07-13 08:41:06","e14493","","4","61","","","","94","","","","","","en","© 2023 The Authors. Psychophysiology published by Wiley Periodicals LLC on behalf of Society for Psychophysiological Research.","","","","Wiley Online Library","","_eprint: https://onlinelibrary.wiley.com/doi/pdf/10.1111/psyp.14493","","C:\Users\moin\Zotero\storage\YBZ46R9K\Schaefer et al. - 2024 - Phase-locked breathing does not affect episodic visual recognition memory but does shape its corresp.pdf; C:\Users\moin\Zotero\storage\RYYISMSR\psyp.html","","Traditional Match","episodic memory; EEG; response bias; respiration; breathing route","","","","","","","","","","","","","","","","","","","","","","","","","","","","","","","","","","","","","","","","","","","","","",""
"PL3RBGGA","journalArticle","2025","Yuan, Jing; Shi, Guangyuan; Zhang, Qin; Cui, Lixia","Visual search attentional bias modification reduced the attentional bias in socially anxious individuals","Psychophysiology","","1469-8986","10.1111/psyp.14724","https://onlinelibrary.wiley.com/doi/abs/10.1111/psyp.14724","Recent years have raised questions about the effectiveness of attentional bias modification (ABM) in individuals with social anxiety. In the current study, we employed a novel training method—ABM-positive-search training—to modify attentional bias in socially anxious individuals. The attentional bias was measured using the dot-probe task, and brain electrical activity was recorded. The ABM-positive-search group was instructed to search for a happy face in a 3 × 3 visual array. The placebo control group was asked to find out whether the only male from the female or the only female from the male. In terms of behavioral indicators, the results showed a significant reduction in the variability of trial level-bias score (TL-BS) in the ABM-positive-search group post-training. However, there was no significant change observed in the placebo control group. The electrophysiological results were consistent with the behavioral findings. To be specific, both groups displayed the N2pc effect in response to threatening faces before the training. After training, the N2pc effect disappeared in the ABM-positive search group, while it remained in the placebo control group. In conclusion, ABM-positive-search training can effectively modify the attentional bias of socially anxious individuals, and cognitive control plays an important role in this process.","2025","2026-07-13 08:38:31","2026-07-17 06:24:59","2026-07-13 08:38:31","e14724","","1","62","","","","95","","","","","","en","© 2024 Society for Psychophysiological Research.","","","","Wiley Online Library","","_eprint: https://onlinelibrary.wiley.com/doi/pdf/10.1111/psyp.14724","","C:\Users\moin\Zotero\storage\FKC9WWTJ\Yuan et al. - 2025 - Visual search attentional bias modification reduced the attentional bias in socially anxious individ.pdf","","Traditional Match","N2pc; attentional bias modification; positive search; social anxiety","","","","","","","","","","","","","","","","","","","","","","","","","","","","","","","","","","","","","","","","","","","","","",""
"WNIL2ZUI","journalArticle","2026","Ramarushton, Banan; Thompson, Linda; Slavish, Danica C.; Knapp, Ashley A.; Blumenthal, Heidemarie","Short-term prospective and reciprocal relations between social anxiety symptoms and sleep quality among community-recruited adolescents","Psychology & Health","","0887-0446","10.1080/08870446.2025.2491586","https://doi.org/10.1080/08870446.2025.2491586","Research conducted with socially anxious youth suggests that there is an increased risk for poor sleep quality; however, this link is not consistent across the few studies and there is evidence to suggest that poor sleep quality may increase the risk for elevated social anxiety symptoms. The present study investigates both prospective and reciprocal associations between levels of self-reported social anxiety and global sleep quality while also distinguishing between within-person and between-person variations in these associations. Community-recruited adolescents from the United States (N = 71; Mage=16.04, SD = 1.08; 64.8% girls; 80.3% White) completed a battery of questionnaires across three time-points within a six-month period; each wave occurred three months apart. A random-intercepts cross-lagged panel model was used for the analysis. Findings indicated a positive relation between social anxiety and poor sleep quality at both within- and between-person levels. Higher levels of social anxiety were associated with poorer sleep quality three months later, but the reverse relation was not observed. These findings provide evidence supporting the link between elevated social anxiety symptoms and future sleep problems among adolescents and lay groundwork for investigation of mechanisms driving this link. Findings suggests a need to screen for and treat sleep problems in socially anxious youth.","2026-06-03","2026-07-13 08:16:53","2026-07-17 06:24:59","2026-07-13 08:16:53","846-863","","6","41","","","","83","","","","Routledge","","","","","","","Taylor and Francis+NEJM","","_eprint: https://doi.org/10.1080/08870446.2025.2491586","","C:\Users\moin\Zotero\storage\QAH2LU4X\Ramarushton et al. - 2026 - Short-term prospective and reciprocal relations between social anxiety symptoms and sleep quality am.pdf","","Traditional Match","adolescence; social anxiety; Sleep problems","","","","","","","","","","","","","","","","","","","","","","","","","","","","","","","","","","","","","","","","","","","","","",""
"W6AW7HDE","journalArticle","2023","Garcia-Guerrero, Santiago; O’Hora, Denis; Zgonnikov, Arkady; Scherbaum, Stefan","The action dynamics of approach-avoidance conflict during decision-making","Quarterly Journal of Experimental Psychology","","1747-0218","10.1177/17470218221087625","https://doi.org/10.1177/17470218221087625","Approach-avoidance conflict is observed in the competing motivations towards the benefits and away from the costs of a decision. The current study investigates the action dynamics of response motion during such conflicts in an attempt to characterise their dynamic resolution. An approach-avoidance conflict was generated by varying the appetitive consequences of a decision (i.e., point rewards and shorter participation time) in the presence of simultaneous aversive consequences (i.e., shock probability). Across two experiments, approach-avoidance conflict differentially affected response trajectories. Approach trajectories were less complex than avoidance trajectories and, as approach and avoidance motivations neared equipotentiality, response trajectories were more deflected from the shortest route to the eventual choice. Consistency in the location of approach and avoidance response options reduced variability in performance enabling more sensitive estimates of dynamic conflict. The time course of competing influences on response trajectories including trial-to-trial effects and conflict between approach and avoidance were estimated using regression analyses. We discuss these findings in terms of a dynamic theory of approach-avoidance that we hope will lead to insights of practical relevance in the field of maladaptive avoidance.","2023-01-01","2026-07-13 07:11:42","2026-07-17 06:24:59","2026-07-13 07:11:42","160-179","","1","76","","","","97","","","","SAGE Publications","","EN","","","","","SAGE Journals","","","","C:\Users\moin\Zotero\storage\9Q7SC5LC\Garcia-Guerrero et al. - 2023 - The action dynamics of approach-avoidance conflict during decision-making.pdf","","Traditional Match","","","","","","","","","","","","","","","","","","","","","","","","","","","","","","","","","","","","","","","","","","","","","","",""
"FKE5YEEB","journalArticle","2025","Daniel-Watanabe, Lucie; Cook, Benjamin; Leung, Grace; Krstulović, Marino; Finnemann, Johanna; Woolley, Toby; Powell, Craig; Fletcher, Paul","Using a virtual reality game to train biofeedback-based regulation under stress conditions","Psychophysiology","","1469-8986","10.1111/psyp.14705","https://onlinelibrary.wiley.com/doi/abs/10.1111/psyp.14705","Physiological regulation strategies can be effective in reducing anxiety. However, while these strategies are often learned and practised under low-stress conditions, they are more likely to be required under conditions of high stress. We created virtual reality (VR) biofeedback games to both teach participants a breathing technique and then practise that technique under stress. We present two studies: the first provides a proof of concept, demonstrating that participants can apply the breathing technique during stress, with a significant lowering of both respiration rate and increase in heart rate variability (HRV) under stress (p < .001). The second study explicitly evaluated the effectiveness of training by comparing trained and untrained groups. Training was associated with a significantly greater HRV (p = .008) under stress. In within-group comparisons of HRV during stress compared to a baseline stressor presented before training, the trained group showed a significantly greater increase compared to untrained controls (p = .025). Our results show the feasibility and potential effectiveness of VR-based games for biofeedback training under experimentally applied stress. This may offer the opportunity for clinical techniques to more closely reflect the circumstances under which those techniques will be required.","2025","2026-07-13 06:57:16","2026-07-17 06:24:59","2026-07-13 06:57:16","e14705","","1","62","","","","92","","","","","","en","© 2024 The Author(s). Psychophysiology published by Wiley Periodicals LLC on behalf of Society for Psychophysiological Research.","","","","Wiley Online Library","","_eprint: https://onlinelibrary.wiley.com/doi/pdf/10.1111/psyp.14705","","C:\Users\moin\Zotero\storage\7GDLKYK2\Daniel-Watanabe et al. - 2025 - Using a virtual reality game to train biofeedback-based regulation under stress conditions.pdf","","Traditional Match","anxiety; stress; respiration; interoception; biofeedback; heart rate variability","","","","","","","","","","","","","","","","","","","","","","","","","","","","","","","","","","","","","","","","","","","","","",""
"M8RQGIQH","journalArticle","2024","Zhang, Guanghui; Garrett, David R.; Luck, Steven J.","Optimal filters for ERP research II: Recommended settings for seven common ERP components","Psychophysiology","","1469-8986","10.1111/psyp.14530","https://onlinelibrary.wiley.com/doi/abs/10.1111/psyp.14530","In research with event-related potentials (ERPs), aggressive filters can substantially improve the signal-to-noise ratio and maximize statistical power, but they can also produce significant waveform distortion. Although this tradeoff has been well documented, the field lacks recommendations for filter cutoffs that quantitatively address both of these competing considerations. To fill this gap, we quantified the effects of a broad range of low-pass filter and high-pass filter cutoffs for seven common ERP components (P3b, N400, N170, N2pc, mismatch negativity, error-related negativity, and lateralized readiness potential) recorded from a set of neurotypical young adults. We also examined four common scoring methods (mean amplitude, peak amplitude, peak latency, and 50% area latency). For each combination of component and scoring methods, we quantified the effects of filtering on data quality (noise level and signal-to-noise ratio) and waveform distortion. This led to recommendations for optimal low-pass and high-pass filter cutoffs. We repeated the analyses after adding artificial noise to provide recommendations for data sets with moderately greater noise levels. For researchers who are analyzing data with similar ERP components, noise levels, and participant populations, using the recommended filter settings should lead to improved data quality and statistical power without creating problematic waveform distortion.","2024","2026-07-13 06:45:20","2026-07-17 06:24:59","2026-07-13 06:45:20","e14530","","6","61","","","Optimal filters for ERP research II","96","","","","","","en","© 2024 Society for Psychophysiological Research.","","","","Wiley Online Library","","_eprint: https://onlinelibrary.wiley.com/doi/pdf/10.1111/psyp.14530","","C:\Users\moin\Zotero\storage\LQT8BG5E\Zhang et al. - 2024 - Optimal filters for ERP research II Recommended settings for seven common ERP components.pdf","","Traditional Match","ERP; noise level; optimal filtering; scoring methods; SNR; wave distortion","","","","","","","","","","","","","","","","","","","","","","","","","","","","","","","","","","","","","","","","","","","","","",""
"8XUPWPJZ","journalArticle","2025","McNair, Katie A.; Corballis, Paul M.; Erb, Christopher D.","Linking the Behavioral and Neural Correlates of Cognitive Control: Evidence From the Eriksen Flanker Task","Psychophysiology","","1469-8986","10.1111/psyp.70159","https://onlinelibrary.wiley.com/doi/abs/10.1111/psyp.70159","Hand-tracking investigations of the Eriksen flanker task demonstrate that the congruency sequence effect observed in response times is the result of a combination of distinct effects observed in initiation times (ITs; time elapsed between stimulus onset and movement initiation) and movement times (MTs; time elapsed between movement initiation and response completion). This suggests that response times reflect the differential functioning of an early process involving global motoric inhibition, observed in ITs, and a later process involving competitive inhibition between response options, observed in MTs. In this study, we sought to link the behavioral and neural dynamics of cognitive control in the flanker task by combining electroencephalography (EEG) with a button release-and-press method that allows for response times to be separated into ITs and MTs. Crucially, this method enabled the examination of initiation-locked event-related potentials (ERPs) in addition to traditional stimulus-locked ERPs. We observed candidate neural correlates of the early global and later competitive inhibitory processes, in early parietal and later central activity respectively. Exploratory cluster-based permutation analyses further supported traditional ERP analyses, providing more precise estimates of the onset and offset of effects underlying the congruency sequence effect. This work indicates that the component processes underlying cognitive control which generate dissociable patterns of effects in ITs and MTs may also generate dissociable patterns of effects in neural measures. Critically, initiation-locked analyses revealed a clearer dissociation of the patterns of effects underlying specific ERP components and shed new light on findings from standard stimulus-locked analyses.","2025","2026-07-12 20:03:18","2026-07-17 06:24:59","2026-07-12 20:03:18","e70159","","10","62","","","Linking the Behavioral and Neural Correlates of Cognitive Control","93","","","","","","en","© 2025 Society for Psychophysiological Research.","","","","Wiley Online Library","","_eprint: https://onlinelibrary.wiley.com/doi/pdf/10.1111/psyp.70159","","C:\Users\moin\Zotero\storage\6LCG5JUN\McNair et al. - 2025 - Linking the Behavioral and Neural Correlates of Cognitive Control Evidence From the Eriksen Flanker.pdf; C:\Users\moin\Zotero\storage\9L32GGW2\psyp.html","","Traditional Match","attention; cognitive control; EEG; congruency sequence effect; manual dynamics","","","","","","","","","","","","","","","","","","","","","","","","","","","","","","","","","","","","","","","","","","","","","",""
"AXLHPXS5","journalArticle","2023","McGibbon, Terence; Jansari, Ashok; Demirjian, Jessica; Nemes, Ana; Opre, Adrian","Accelerated forgetting in healthy older samples: Implications for methodology, future ageing studies, and early identification of risk of dementia","Quarterly Journal of Experimental Psychology","","1747-0218","10.1177/17470218221113412","https://doi.org/10.1177/17470218221113412","Accelerated long-term forgetting (ALF) has been reported in healthy older individuals, and is a possible early marker for risk of developing Alzheimer’s disease (AD). The Verbal Associative Learning and Memory Test (VALMT) addresses methodological weaknesses in existing clinical tests and has detected ALF in epilepsy within an hour. We used VALMT to investigate learning and forgetting in healthy Older participants. Older (60–69 years) and Younger (19–31 years) participants were compared. Using VALMT, unrelated word pairs were learnt to criterion, then cued-recall tested at delays of 5, 30, and 55 min. Unique pairs were tested at each delay. Subjective memory complaints data was gathered, and the Wechsler Memory Scale Logical Memory test (WMS-LM; a standard clinical measure) was administered. VALMT identified a significant difference in delayed recall between Younger and Older groups by 55 min (d = 1.32). While “fast-learning” Older participants scored similarly to Younger participants, “slow-learning” Older participants were impaired at all delays. Forgetting rates suggested degradation of memory starts during early synaptic consolidation rather than later system-level consolidation. Increased subjective memory complaints were associated with reduced VALMT scores. By contrast, WMS-LM failed to identify significant differences between any groups, and did not correlate with memory complaints. We conclude that VALMT may be better able than WMS-LM to identify subtle impairments in healthy older adults within a single clinical visit, and VALMT results better reflect subjective experience. Older slow-learners forget faster and report more subjective memory complaints, which may indicate a group at risk of developing AD.","2023-06-01","2026-07-10 17:46:37","2026-07-17 06:24:59","2026-07-10 17:46:37","1347-1367","","6","76","","","Accelerated forgetting in healthy older samples","99","","","","SAGE Publications","","EN","","","","","SAGE Journals","","","","C:\Users\moin\Zotero\storage\CPM7F9D2\McGibbon et al. - 2023 - Accelerated forgetting in healthy older samples Implications for methodology, future ageing studies.pdf","","Traditional Match","","","","","","","","","","","","","","","","","","","","","","","","","","","","","","","","","","","","","","","","","","","","","","",""
"9QHLHULG","journalArticle","2024","Kilpatrick, Marcus W.; Mastrofini, Gianna F.; Sheriff, Paul P.; McCluggage, Caitlin L.; Korte, Sandra; Zenko, Zachary","Examining the effects of increasing then decreasing exercise intensity within a session of aerobic exercise","Psychology of Sport and Exercise","","1469-0292","10.1016/j.psychsport.2024.102637","https://www.sciencedirect.com/science/article/pii/S1469029224000487","Recent studies have examined the relations between the slope of pleasure experienced during exercise and remembered pleasure, forecasted pleasure, and enjoyment. Objectives This study advances this line of research by examining the effects of exposing participants to exercise that increases in intensity and then decreases in intensity. Methods In a within-subjects design, participants completed three exercise sessions matched for total and average work. One session steadily increased in intensity, another steadily decreased in intensity, and a third increased-then-decreased in intensity. Remembered pleasure, forecasted pleasure, and exercise enjoyment served as primary outcome variables. Results Remembered pleasure, forecasted pleasure, and enjoyment did not differ between conditions. Remembered pleasure was positively associated with mean experienced pleasure, the overall slope of pleasure during the exercise session, affect experienced at the end of exercise, forecasted pleasure, accomplishment, and enjoyment. Conclusions These data add to a growing literature on the effects of patterns of exercise intensity on affective responses to exercise. The results are discussed in context of previous and more recent research.","2024-07-01","2026-07-10 13:18:57","2026-07-17 06:24:59","2026-07-10 13:18:57","102637","","","73","","Psychology of Sport and Exercise","","89","","","","","","","","","","","ScienceDirect","","","","C:\Users\moin\Zotero\storage\TPBMNXIU\S1469029224000487.html","","Traditional Match","Affect; Affective valence; Remembered pleasure; Slope","","","","","","","","","","","","","","","","","","","","","","","","","","","","","","","","","","","","","","","","","","","","","",""
"5VMJZDYE","journalArticle","2026","Canova, Luigina; Capasso, Miriam; Bianchi, Marcella; Caso, Daniela","From motivation to mediterranean diet intention and behavior: a combined self-determination theory and theory of planned behavior approach","Psychology & Health","","0887-0446","10.1080/08870446.2025.2496228","https://doi.org/10.1080/08870446.2025.2496228","The Mediterranean diet (MD) is recognized as one of the healthiest and most sustainable dietary patterns worldwide. This study combines the Theory of Planned Behavior (TPB) and Self-Determination Theory (SDT) alongside past MD adherence behavior to predict MD adherence among young and adult Italians. Using a two-wave prospective design, 706 participants (Women = 60.5%, mean age = 31.82) completed measures of past behavior, SDT and TPB variables at baseline (T1) and reported their adherence behavior to MD two weeks later (T2). Results revealed that both intention and past adherence to MD predicted actual adherence. In turn, affective attitude, descriptive norm, perceived behavioral control (PBC), and autonomous motivation were positively associated with intention. Past adherence further predicted autonomous motivation, affective attitude, and PBC, and indirectly influenced MD adherence at T2 through its effect on these factors and intention. Finally, invariance tests showed no differences between women and men and between student and non-student samples. Overall, our findings support the integration of TPB and SDT, emphasizing the need for interventions that address both conscious decision-making and established dietary habits, acknowledging the multifaceted nature of dietary behavior change.","2026-07-03","2026-07-10 12:54:00","2026-07-17 06:24:59","2026-07-10 12:54:00","971-997","","7","41","","","From motivation to mediterranean diet intention and behavior","82","","","","Routledge","","","","","","","Taylor and Francis+NEJM","","_eprint: https://doi.org/10.1080/08870446.2025.2496228","","C:\Users\moin\Zotero\storage\VMQMQCNM\Canova et al. - 2026 - From motivation to mediterranean diet intention and behavior a combined self-determination theory a.pdf","","Traditional Match","theory of planned behavior; autonomous and controlled motivation; Mediterranean diet; past behavior; self-determination theory","","","","","","","","","","","","","","","","","","","","","","","","","","","","","","","","","","","","","","","","","","","","","",""
"VKY4IYC8","journalArticle","2023","Lee, Vanessa G","The attentional boost effect overcomes dual-task interference in choice-response tasks","Quarterly Journal of Experimental Psychology","","1747-0218","10.1177/17470218231156375","https://doi.org/10.1177/17470218231156375","Dual-task interference often arises when people respond to an incoming stimulus according to an arbitrary rule, such as choosing between the gas pedal and the brake when driving. Severe interference from response selection yields a brief “Psychological Refractory Period,” during which a concurrent task is put on hold. Here, we show that response selection in one task does not always hamper the processing of a secondary task. Responding to a target may paradoxically enhance the processing of secondary tasks, even when the target requires complex response selection. In three experiments, participants encoded pictures of common objects to memory while simultaneously monitoring a rapid serial visual presentation (RSVP) of characters or colours. Some of the RSVP stimuli were targets, requiring participants to press one of the two buttons to report their identity; others were distractors that participants ignored. Despite the increased response selection demands on target trials, pictures encoded with the RSVP targets were better remembered than those encoded with the RSVP distractors. Contrary to previous reports and predictions from dual-task interference, the attentional boost from target detection overcomes increased interference from response selection.","2023-10-01","2026-07-10 07:54:17","2026-07-17 06:24:59","2026-07-10 07:54:17","2241-2255","","10","76","","","","98","","","","SAGE Publications","","EN","","","","","SAGE Journals","","","","C:\Users\moin\Zotero\storage\UX8UAQQU\Lee - 2023 - The attentional boost effect overcomes dual-task interference in choice-response tasks.pdf","","Traditional Match","","","","","","","","","","","","","","","","","","","","","","","","","","","","","","","","","","","","","","","","","","","","","","",""
"7ELMU3MU","journalArticle","2025","Wiley, Jennifer; George, Tim; Griffin, Thomas D.","Benefits from sketching for improving comprehension monitoring from illustrated texts","Psychonomic Bulletin & Review","","1531-5320","10.3758/s13423-025-02730-5","https://doi.org/10.3758/s13423-025-02730-5","Although frequently used with instructional expository text, it has been suggested that illustrations can lead to illusions of understanding (beliefs that we understand better than we actually do). In this study using geoscience texts, relative metacomprehension accuracy (the ability to monitor one’s own understanding across a set of topics) was found to be particularly poor when only some topics were illustrated. However, when readers were prompted to generate sketches while reading, relative accuracy was improved, and was more similar across illustration conditions. Consistent with the situation-model approach to metacognition, sketching activities may help readers to generate valid and diagnostic cues on which to base their judgments of understanding and avoid reliance on heuristic cues or superficial processing.","2025-12-01","2026-07-09 11:51:31","2026-07-17 06:24:59","2026-07-09 11:51:31","3252-3263","","6","32","","Psychon Bull Rev","","91","","","","","","en","","","","","Springer Link","","","","C:\Users\moin\Zotero\storage\27N8ZXQN\Wiley et al. - 2025 - Benefits from sketching for improving comprehension monitoring from illustrated texts.pdf","","Traditional Match","Multimedia; Comprehension; Diagrams; Expository text; Metacomprehension","","","","","","","","","","","","","","","","","","","","","","","","","","","","","","","","","","","","","","","","","","","","","",""
"64IIBQ2J","journalArticle","2021","Chan, Karina; Stevenson, Richard J.; Francis, Heather","The nose is hungrier than the eyes","Psychonomic Bulletin & Review","","1531-5320","10.3758/s13423-020-01843-3","https://doi.org/10.3758/s13423-020-01843-3","Vision and olfaction are the main sensory channels for appraising food prior to eating. Motivational models often assume that these sensory channels function in an equivalent manner. We tested this notion by asking participants to rate their desire for some snacks only via smell and others only via vision. In the next phase, participants consumed a small sample of every snack, now with all of the senses available, rating liking and desire for more. After consuming a meal, participants repeated the desire/liking test. Sensing via olfaction, relative to vision, led to greater desire ratings irrespective of state. When hungry, judgments of liking and desire for more were higher for foods that were initially smelled relative to those that were initially seen. Across the meal, visually based desire ratings declined more than those based on smell, relative to ratings made when the snacks were tasted. Together, this suggests motivational equivalence does not hold for olfaction and vision. We suggest this may be due to a greater reliance on memory for generating visually based desire.","2021-04-01","2026-07-09 08:13:33","2026-07-17 06:24:59","2026-07-09 08:13:33","657-664","","2","28","","Psychon Bull Rev","","90","","","","","","en","","","","","Springer Link","","","","C:\Users\moin\Zotero\storage\S4FRHNW4\Chan et al. - 2021 - The nose is hungrier than the eyes.pdf","","Traditional Match","Motivation; Pleasure; Desire; Olfaction","","","","","","","","","","","","","","","","","","","","","","","","","","","","","","","","","","","","","","","","","","","","","",""
"BN8K67SD","journalArticle","2021","Muralikrishnan, R.; Idrissi, Ali","Salience-weighted agreement feature hierarchy modulates language comprehension","Cortex","","0010-9452","10.1016/j.cortex.2021.03.029","https://www.sciencedirect.com/science/article/pii/S001094522100143X","The brain establishes relations between elements of an unfolding sentence in order to incrementally build a representation of who is doing what based on various linguistic cues. Many languages systematically mark the verb and/or its arguments to imply the manner in which they are related. A common mechanism to this end is subject-verb agreement, whereby the marking on the verb covaries with one or more of the features such as person, number and gender of the subject argument in a sentence. The cross-linguistic variability of these features would suggest that they may modulate language comprehension differentially based on their relative weightings in a given language. To test this, we investigated the processing of subject-verb agreement in simple intransitive Arabic sentences in a visual event-related brain potential (ERP) study. Specifically, we examined the differences, if any, that ensue in the processing of person, number and gender features during online comprehension, employing sentences in which the verb either showed full agreement with the subject noun (singular or plural) or did not agree in one of the features. ERP responses were measured at the post-nominal verb. Results showed a biphasic negativity−late-positivity effect when the verb did not agree with its subject noun in either of the features, in line with similar findings from other languages. Crucially however, the biphasic effect for agreement violations was systematically graded based on the feature that was violated, which is a novel finding in view of results from other languages. Furthermore, this graded effect was qualitatively different for singular and plural subjects based on the differing salience of the features for each subject-type. These results suggest that agreement features, varying in their salience due to their language-specific weightings, differentially modulate language comprehension. We postulate a Salience-weighted Feature Hierarchy based on our findings and argue that this parsimoniously accounts for the diversity of existing cross-linguistic neurophysiological results on verb agreement processing.","2021-08-01","2026-07-13 20:19:34","2026-07-17 06:24:53","2026-07-13 20:19:34","168-189","","","141","","Cortex","","37","","","","","","","","","","","ScienceDirect","","","","C:\Users\moin\Zotero\storage\S7H2NLHK\Muralikrishnan and Idrissi - 2021 - Salience-weighted agreement feature hierarchy modulates language comprehension.pdf","","Traditional Match","Sentence processing; Agreement feature hierarchy; Arabic; ERPs; Subject-verb agreement","","","","","","","","","","","","","","","","","","","","","","","","","","","","","","","","","","","","","","","","","","","","","",""
"94VLQRG3","journalArticle","2023","Gu, Lala; Li, Aqian; Yang, Rui; Yang, Jiayi; Pang, Yingdan; Qu, Jing; Mei, Leilei","Category-specific and category-general neural codes of recognition memory in the ventral visual pathway","Cortex","","0010-9452","10.1016/j.cortex.2023.04.004","https://www.sciencedirect.com/science/article/pii/S0010945223000904","Researchers have identified category-specific brain regions, such as the fusiform face area (FFA) and parahippocampal place area (PPA) in the ventral visual pathway, which respond preferentially to one particular category of visual objects. In addition to their category-specific role in visual object identification and categorization, regions in the ventral visual pathway play critical roles in recognition memory. Nevertheless, it is not clear whether the contributions of those brain regions to recognition memory are category-specific or category-general. To address this question, the present study adopted a subsequent memory paradigm and multivariate pattern analysis (MVPA) to explore category-specific and category-general neural codes of recognition memory in the visual pathway. The results revealed that the right FFA and the bilateral PPA showed category-specific neural patterns supporting recognition memory of faces and scenes, respectively. In contrast, the lateral occipital cortex seemed to carry category-general neural codes of recognition memory. These results provide neuroimaging evidence for category-specific and category-general neural mechanisms of recognition memory in the ventral visual pathway.","2023-07-01","2026-07-12 20:09:28","2026-07-17 06:24:53","2026-07-12 20:09:28","77-89","","","164","","Cortex","","28","","","","","","","","","","","ScienceDirect","","","","C:\Users\moin\Zotero\storage\T7IUILN9\Gu et al. - 2023 - Category-specific and category-general neural codes of recognition memory in the ventral visual path.pdf","","Traditional Match","MVPA; Recognition memory; Category-general; Category-specific; fMRI","","","","","","","","","","","","","","","","","","","","","","","","","","","","","","","","","","","","","","","","","","","","","",""
"UUY9CC3B","journalArticle","2023","Arslanova, Irena; Meletaki, Vasiliki; Calvo-Merino, Beatriz; Forster, Bettina","Perception of facial expressions involves emotion specific somatosensory cortex activations which are shaped by alexithymia","Cortex","","0010-9452","10.1016/j.cortex.2023.06.010","https://www.sciencedirect.com/science/article/pii/S0010945223001703","Somatosensory cortex (SCx) has been shown to crucially contribute to early perceptual processes when judging other's emotional facial expressions. Here, we investigated the specificity of SCx activity to angry, happy, sad and neutral emotions and the role of personality factors. We assessed participants' alexithymia (TAS-20) and depression (BDI) levels, their cardioceptive abilities and recorded changes in neural activity in a facial emotion judgment task. During the task, we presented tactile probes to reveal neural activity in SCx which was then isolated from visual carry-over responses. We further obtain SCx emotion effects by subtracting SCx activity elicited by neutral emotion expressions from angry, happy, and sad expressions. We find preliminary evidence for distinct modulations of SCx activity to angry and happy expressions. Moreover, the SCx anger response was predicted by individual differences in trait alexithymia. Thus, emotion expressions of others may be distinctly presented in the observer's neural body representation and may be shaped by their personality trait.","2023-10-01","2026-07-03 07:48:36","2026-07-17 06:24:53","2026-07-03 07:48:36","223-234","","","167","","Cortex","","36","","","","","","","","","","","ScienceDirect","","","","C:\Users\moin\Zotero\storage\CZFV7XSA\Arslanova et al. - 2023 - Perception of facial expressions involves emotion specific somatosensory cortex activations which ar.pdf","","Traditional Match","ERPs; Alexithymia; Emotion perception; Somatosensory","","","","","","","","","","","","","","","","","","","","","","","","","","","","","","","","","","","","","","","","","","","","","",""
"W45QIWU3","journalArticle","2020","Zokaei, Nahid; Sillence, Annie; Kienast, Annika; Drew, Daniel; Plant, Olivia; Slavkova, Ellie; Manohar, Sanjay G.; Husain, Masud","Different patterns of short-term memory deficit in Alzheimer's disease, Parkinson's disease and subjective cognitive impairment","Cortex","","0010-9452","10.1016/j.cortex.2020.06.016","https://www.sciencedirect.com/science/article/pii/S0010945220303002","It has recently been proposed that short-term memory (STM) binding deficits might be an important feature of Alzheimer's disease (AD), providing a potential avenue for earlier detection of this disorder. By contrast, work in Parkinson's disease (PD), using different tasks, has suggested that the STM impairment in this condition is characterised by increased random guessing, possibly due to fluctuating attention. In the present study, to establish whether a misbinding impairment is present in sporadic late-onset AD (LOAD) and increased guessing is a feature of PD, we compared the performance of these patient groups to two control populations: healthy age-matched controls and individuals with subjective cognitive impairment (SCI) with comparable recruitment history as patients. All participants performed a sensitive task of STM that required high resolution retention of object-location bindings. This paradigm also enabled us to explore the underlying sources of error contributing to impaired STM in patients with LOAD and PD using computational modelling of response error. Patients with LOAD performed significantly worse than other groups on this task. Importantly their impaired memory was associated with increased misbinding errors. This was in contrast to patients with PD who made significantly more guessing responses. These findings therefore provide additional support for the presence of two doubly dissociable signatures of STM deficit in AD and PD, with binding impairment in AD and increased random guessing characterising the STM deficit in PD. The task used to measure memory precision here provides an easy-to-administer assessment of STM that is sensitive to the different types of deficit in AD and PD and hence has the potential to inform clinical practice.","2020-11-01","2026-07-16 12:55:24","2026-07-17 06:24:53","2026-07-16 12:55:24","41-50","","","132","","Cortex","","30","","","","","","","","","","","ScienceDirect","","","","C:\Users\moin\Zotero\storage\P8Z35RYL\Zokaei et al. - 2020 - Different patterns of short-term memory deficit in Alzheimer's disease, Parkinson's disease and subj.pdf","","Traditional Match","Parkinson's disease; Alzheimer's disease; Binding; Short-term memory","","","","","","","","","","","","","","","","","","","","","","","","","","","","","","","","","","","","","","","","","","","","","",""
"8WD2JIR6","journalArticle","2024","Jia, Chenglong; Shen, Yuan; Zhu, Ling; Sun, Li; Du, Kelin; Qin, Jinliang","Into the unknown: Maternal responsiveness influences young children's support-giving expectations of fathers but not unfamiliar others","Infant and Child Development","","1522-7219","10.1002/icd.2496","https://onlinelibrary.wiley.com/doi/abs/10.1002/icd.2496","Interactions with primary caregivers shape children's expectations of interactions with others, but the mechanism is not clear yet. We included Han Chinese children aged 5–6 (N = 121, 61 boys) from a city in East China and tested their support-giving expectations of mothers, fathers and unfamiliar others after observing mother–child interactions with different levels of maternal responsiveness. Across two studies, we found that children's support-giving behaviour and willingness expectations decreased significantly in the unresponsive condition for mothers and fathers but not for unfamiliar others; while these expectations did not change significantly for all partners in the responsive condition. The results suggest that relationship type between children and interaction partners moderates the effects of maternal responsiveness on children's expectations of partners' support-giving. They shed light on how young children understand and represent interpersonal interactions.","2024","2026-07-13 07:32:58","2026-07-17 06:24:53","2026-07-13 07:32:58","e2496","","4","33","","","Into the unknown","44","","","","","","en","© 2024 John Wiley & Sons Ltd.","","","","Wiley Online Library","","_eprint: https://onlinelibrary.wiley.com/doi/pdf/10.1002/icd.2496","","C:\Users\moin\Zotero\storage\9U4JV2A6\Jia et al. - 2024 - Into the unknown Maternal responsiveness influences young children's support-giving expectations of.pdf","","Traditional Match","fathers; maternal responsiveness; support-giving expectations; unfamiliar others; young children","","","","","","","","","","","","","","","","","","","","","","","","","","","","","","","","","","","","","","","","","","","","","",""
"XSQ3NURA","journalArticle","2024","Zhou, Xinran; Zhang, Mingming; Liang, Lichan; Bian, Yufang","How parent–teacher relationship affects Chinese pupils' school attitudes? The moderation of students' perceptions of academic performance","Infant and Child Development","","1522-7219","10.1002/icd.2533","https://onlinelibrary.wiley.com/doi/abs/10.1002/icd.2533","Although the benefits of the close relationship between parent and teacher to child development are widely recognized, it's still unclear how the parent–teacher relationship affects Chinese pupils' school attitudes. The study aimed to investigate this question with a nuanced approach by focusing on the components of the parent–teacher relationship and exploring the moderation of students' perceptions of academic performance. Data were from 1755 fifth graders (M age = 12.19, 51.3% girls) and their mothers (M age = 41.38) in a two-wave longitudinal dataset. Parents' reports of parent-initiated contact, teacher-initiated contact, the quality of the parent–teacher relationship, and students' perceptions of school attitudes and academic performance were analysed by multiple regression models. In terms of the main effect, parent–teacher relationship quality was negatively associated with school avoidance. In terms of the moderation effects, parent-initiated contact was negatively associated with students' school liking who had low academic perceptions, and the relationship quality was positively associated with students' school liking who had high academic perceptions. The findings provide insights into promoting pupils' school psychological adjustment from the perspective of home–school collaboration in the Chinese context.","2024","2026-07-14 06:51:36","2026-07-17 06:24:53","2026-07-14 06:51:36","e2533","","6","33","","","How parent–teacher relationship affects Chinese pupils' school attitudes?","46","","","","","","en","","","","","Wiley Online Library","","_eprint: https://onlinelibrary.wiley.com/doi/pdf/10.1002/icd.2533","","C:\Users\moin\Zotero\storage\KIHTQQZQ\Zhou et al. - 2024 - How parent–teacher relationship affects Chinese pupils' school attitudes The moderation of students.pdf","","Traditional Match","academic performance; moderation model; parent–teacher relationship; school avoidance; school liking","","","","","","","","","","","","","","","","","","","","","","","","","","","","","","","","","","","","","","","","","","","","","",""
"NNYFUMI4","journalArticle","2022","Bower, Corinne A.; Zimmermann, Laura; Verdine, Brian N.; Pritulsky, Calla; Golinkoff, Roberta Michnick; Hirsh-Pasek, Kathy","Enhancing spatial skills of preschoolers from under-resourced backgrounds: A comparison of digital app vs. concrete materials","Developmental Science","","1467-7687","10.1111/desc.13148","https://onlinelibrary.wiley.com/doi/abs/10.1111/desc.13148","Spatial skills support STEM learning and achievement. However, children from low-socioeconomic (SES) backgrounds typically lag behind their middle- and high-SES peers. We asked whether a digital educational app—designed to mirror an already successful, spatial assembly training program using concrete materials—would be as effective for facilitating spatial skills in under-resourced preschoolers as the concrete materials. Three-year-olds (N = 61) from under-resourced backgrounds were randomly assigned to a business-as-usual control group or to receive 5 weeks of spatial training using either concrete, tangible materials or a digital app on a tablet. The spatial puzzles used were an extension of items from the Test of Spatial Assembly (TOSA). Preschoolers were pretested and posttested on new two-dimensional (2D) TOSA trials. Results indicate that both concrete and digital spatial training increased performance on the 2D-TOSA compared to the control group. The two trainings did not statistically differ from one another suggesting that educational spatial apps may be one route to providing early foundational skills to children from under-resourced backgrounds.","2022","2026-07-13 09:05:13","2026-07-17 06:24:53","2026-07-13 09:05:13","e13148","","1","25","","","Enhancing spatial skills of preschoolers from under-resourced backgrounds","38","","","","","","en","© 2021 John Wiley & Sons Ltd.","","","","Wiley Online Library","","_eprint: https://onlinelibrary.wiley.com/doi/pdf/10.1111/desc.13148","","C:\Users\moin\Zotero\storage\IJJ84SHD\Bower et al. - 2022 - Enhancing spatial skills of preschoolers from under-resourced backgrounds A comparison of digital a.pdf","","Traditional Match","education; digital media; educational app; spatial development; spatial training","","","","","","","","","","","","","","","","","","","","","","","","","","","","","","","","","","","","","","","","","","","","","",""
"FFMJHRKR","journalArticle","2024","Lanfranco, Renzo C.; dos Santos Sousa, Fabienne; Wessel, Pierre Musa; Rivera-Rei, Álvaro; Bekinschtein, Tristán A.; Lucero, Boris; Canales-Johnson, Andrés; Huepe, David","Slow-wave brain connectivity predicts executive functioning and group belonging in socially vulnerable individuals","Cortex","","0010-9452","10.1016/j.cortex.2024.03.004","https://www.sciencedirect.com/science/article/pii/S0010945224000716","Important efforts have been made to describe the neural and cognitive features of healthy and clinical populations. However, the neural and cognitive features of socially vulnerable individuals remain largely unexplored, despite their proneness to developing neurocognitive disorders. Socially vulnerable individuals can be characterised as socially deprived, having a low socioeconomic status, suffering from chronic social stress, and exhibiting poor social adaptation. While it is known that such individuals are likely to perform worse than their peers on executive function tasks, studies on healthy but socially vulnerable groups are lacking. In the current study, we explore whether neural power and connectivity signatures can characterise executive function performance in healthy but socially vulnerable individuals, shedding light on the impairing effects that chronic stress and social disadvantages have on cognition. We measured resting-state electroencephalography and executive functioning in 38 socially vulnerable participants and 38 matched control participants. Our findings indicate that while neural power was uninformative, lower delta and theta phase synchrony are associated with worse executive function performance in all participants, whereas delta phase synchrony is higher in the socially vulnerable group compared to the control group. Finally, we found that delta phase synchrony and years of schooling are the best predictors for belonging to the socially vulnerable group. Overall, these findings suggest that exposure to chronic stress due to socioeconomic factors and a lack of education are associated with changes in slow-wave neural connectivity and executive functioning.","2024-05-01","2026-07-10 17:26:42","2026-07-17 06:24:53","2026-07-10 17:26:42","201-214","","","174","","Cortex","","19","","","","","","","","","","","ScienceDirect","","","","C:\Users\moin\Zotero\storage\7VTE6628\Lanfranco et al. - 2024 - Slow-wave brain connectivity predicts executive functioning and group belonging in socially vulnerab.pdf","","Traditional Match","EEG; Executive function; Neural connectivity; Phase synchrony; Social vulnerability","","","","","","","","","","","","","","","","","","","","","","","","","","","","","","","","","","","","","","","","","","","","","",""
"LN42HAYF","journalArticle","2024","MacMillan, Kelli K.; Bourke, Declan; Watson, Stuart J.; Lewis, Andrew J.; Teti, Douglas M.; Ball, Helen L.; Galbally, Megan","Infant sleep and anxiety disorders in early childhood: Findings from an Australian pregnancy cohort study","Infant and Child Development","","1522-7219","10.1002/icd.2501","https://onlinelibrary.wiley.com/doi/abs/10.1002/icd.2501","Emphasis on continuous infant sleep overnight may be driven by parental concern of risk to child mental health outcomes. The Mercy Pregnancy and Emotional Wellbeing Study (MPEWS) examined whether infant sleep at 6 and 12 months postpartum predicts anxiety disorders at 2–4 years, and whether this is moderated by maternal depression, active physical comforting (APC) or maternal cognitions about infant sleep. Data included 349 women and infants. Infant sleep was measured using the Brief Infant Sleep Questionnaire and child anxiety disorders by the Preschool Age Psychiatric Assessment. The risk of developing generalised anxiety or social phobia disorders at 3–4 years was reduced by 42% (p = 0.001) and 31% (p = 0.001), respectively, for a one standard deviation increase in total sleep at 12 months. No other infant sleep outcomes were associated. Maternal depression, APC and cognitions about infant sleep did not significantly moderate these relationships. Focus may need to be on total infant sleep, rather than when sleep is achieved. Highlights To assess whether infant sleep outcomes (i.e., frequency of nocturnal wakes; nocturnal wakefulness and total sleep per day) at 6 and 12 months predict early childhood anxiety disorders at 3–4 years of age. Maternally reported infant sleep outcomes were not associated with the risk of developing early childhood anxiety disorders at 3–4 years. It may be total infant sleep, irrespective of when sleep occurs or night waking and, independently, active physical comforting that requires further investigation.","2024","2026-07-06 12:01:22","2026-07-17 06:24:53","2026-07-06 12:01:22","e2501","","4","33","","","Infant sleep and anxiety disorders in early childhood","45","","","","","","en","© 2024 The Authors. Infant and Child Development published by John Wiley & Sons Ltd.","","","","Wiley Online Library","","_eprint: https://onlinelibrary.wiley.com/doi/pdf/10.1002/icd.2501","","C:\Users\moin\Zotero\storage\5U32RZV5\MacMillan et al. - 2024 - Infant sleep and anxiety disorders in early childhood Findings from an Australian pregnancy cohort.pdf","","Traditional Match","child mental health; early childhood anxiety disorders; infant sleep; night waking; perinatal depression","","","","","","","","","","","","","","","","","","","","","","","","","","","","","","","","","","","","","","","","","","","","","",""
"654RZVS9","journalArticle","2023","Chancel, Marie; Ehrsson, H. Henrik","Proprioceptive uncertainty promotes the rubber hand illusion","Cortex","","0010-9452","10.1016/j.cortex.2023.04.005","https://www.sciencedirect.com/science/article/pii/S0010945223000941","Body ownership is the multisensory perception of a body as one’s own. Recently, the emergence of body ownership illusions like the visuotactile rubber hand illusion has been described by Bayesian causal inference models in which the observer computes the probability that visual and tactile signals come from a common source. Given the importance of proprioception for the perception of one’s body, proprioceptive information and its relative reliability should impact this inferential process. We used a detection task based on the rubber hand illusion where participants had to report whether the rubber hand felt like their own or not. We manipulated the degree of asynchrony of visual and tactile stimuli delivered to the rubber hand and the real hand under two levels of proprioceptive noise using tendon vibration applied to the lower arm’s antagonist extensor and flexor muscles. As hypothesized, the probability of the emergence of the rubber hand illusion increased with proprioceptive noise. Moreover, this result, well fitted by a Bayesian causal inference model, was best described by a change in the a priori probability of a common cause for vision and touch. These results offer new insights into how proprioceptive uncertainty shapes the multisensory perception of one’s own body.","2023-08-01","2026-07-13 06:38:43","2026-07-17 06:24:53","2026-07-13 06:38:43","70-85","","","165","","Cortex","","31","","","","","","","","","","","ScienceDirect","","","","C:\Users\moin\Zotero\storage\JBCJIMU5\Chancel and Ehrsson - 2023 - Proprioceptive uncertainty promotes the rubber hand illusion.pdf","","Traditional Match","Psychophysics; Bayesian causal inference; Bodily awareness; Bodily illusion; Multisensory integration; Proprioception","","","","","","","","","","","","","","","","","","","","","","","","","","","","","","","","","","","","","","","","","","","","","",""
"E7Z8DQ6H","journalArticle","2021","Sommer, Tobias; Schröter, Romy; Bayer, Janine","Probing emotional recognition memory: how different response formats affect response behaviour","Memory","","0965-8211","10.1080/09658211.2021.1974049","https://doi.org/10.1080/09658211.2021.1974049","Receiver-operating characteristic curves from confidence ratings and remember/know (R/K) judgments are often used to estimate the contribution of familiarity and recollection to recognition memory. Both coming with specific advantages and disadvantages, which could be reduced by their combination. Little is known how the combination of both methods impacts response behaviour. This could be particularly important for emotional memory research, which is susceptible to variation in meta-mnemonic processes. We obtained reference performance indices from the two methods, instructing individuals to give confidence ratings or R/K judgments in one step. Against these, we contrasted R/K judgments in a two-step format and two combined formats, confidence ratings followed by R/K judgments and vice versa. Regarding reference formats, confidence ratings resulted in more liberal response criteria and false alarm rates than R/K judgments. Two-step R/K judgments and confidence ratings followed by R/K judgments resulted in patterns similar to one-step R/K judgments. Reversing the order resulted in more liberal response biases, higher hit and false alarms rates. Recollection and familiarity were unaffected by response formats. Valence effects did not vary with response formats. The present results suggest that confidence ratings followed by R/K judgments provide the advantages of both without biasing response behaviour.","2021-10-21","2026-07-13 08:12:41","2026-07-17 06:24:53","2026-07-13 08:12:41","1216-1231","","9","29","","","Probing emotional recognition memory","70","","","","Routledge","","","","","","","Taylor and Francis+NEJM","","_eprint: https://doi.org/10.1080/09658211.2021.1974049","","C:\Users\moin\Zotero\storage\CXMXFEKC\Sommer et al. - 2021 - Probing emotional recognition memory how different response formats affect response behaviour.pdf","","Traditional Match","dual process theory of recognition memory; Emotional memory; process estimates (recollection & familiarity); receiver operating characteristic (ROC) curve; remember/know","","","","","","","","","","","","","","","","","","","","","","","","","","","","","","","","","","","","","","","","","","","","","",""
"YKUFYJS7","journalArticle","2021","Blekić, Wivine; Rossignol, Mandy; Wauthia, Erika; Felmingham, Kim L.","Influence of acute stress on attentional bias toward threat: How a previous trauma exposure disrupts threat apprehension","International Journal of Psychophysiology","","0167-8760","10.1016/j.ijpsycho.2021.09.009","https://www.sciencedirect.com/science/article/pii/S0167876021008874","While previous trauma exposure is known to be a risk factor for the development and maintenance of many psychological disorders, it remains unclear how it increases individual risk for prospective psychopathology in the aftermath of a new trauma exposure. The aim of this study was to investigate how a prior exposure to trauma affects attentional processing of threat before and after an acute stress task. Specifically, we assessed attentional biases to threat before and after a cold pressor task in 17 individuals who have been exposed to trauma (TE) compared to 18 individuals without trauma exposure (NTE). Behavioral results showed difficulties to disengage from threat in TE but not in the control group prior to stress induction, as well as a switch to an attentional bias toward threat after the cold pressor task in the TE group. For the ERPs, we highlighted (1) decreased N1 negativity in response to threatening stimuli after an acute stress in both groups, and (2) a parallel increase in P1 for such stimuli only in the TE group. Those results suggest a vulnerability presented by previously traumatized individuals when dealing with threats as well as an acute responsitity toward stress. Those results are interpreted in regards with the theorical models of stress and anxiety.","2021-12-01","2026-07-14 06:55:47","2026-07-17 06:24:53","2026-07-14 06:55:47","20-29","","","170","","International Journal of Psychophysiology","Influence of acute stress on attentional bias toward threat","47","","","","","","","","","","","ScienceDirect","","","","C:\Users\moin\Zotero\storage\UFHL6QEC\S0167876021008874.html; C:\Users\moin\Zotero\storage\IST68UKU\Blekić et al. - 2021 - Influence of acute stress on attentional bias toward threat How a previous trauma exposure disrupts.pdf","","Traditional Match","Avoidance; Stress; Trauma; ERP; Attentional biases","","","","","","","","","","","","","","","","","","","","","","","","","","","","","","","","","","","","","","","","","","","","","",""
"RQU5ULU6","journalArticle","2022","Gainsburg, Izzy; Earl, Allison","Safe here, but unsafe there? Institutional signals of identity safety also signal prejudice in the broader environment","Journal of Experimental Social Psychology","","0022-1031","10.1016/j.jesp.2021.104232","https://www.sciencedirect.com/science/article/pii/S0022103121001359","Institutional efforts to create safe environments can function as signals to identity safety and reduce expectations of identity threat within the institution. Prior research on institutional identity safety signals, however, has yet to consider an important question: Do people use institutional identity safety signals to inform their expectations of identity threat in their broader social environments? Because people's day-to-day lives are often outside of signaling institutions, it is important to understand whether institutional identity safety signals also influence expectations of identity threat outside of the signaled space. Here, we explore this question by testing how the presence of safe spaces—designated areas where people can feel comfortable in their social identities and safe from prejudice—affect people's expectations of threat in their broader environments. Across four vignette-based studies using US participants sampled from Amazon's Mechanical Turk and an undergraduate subject pool, participants who read about someone observing a safe space sign (compared to signs unrelated to identity safety) reported increased prejudice expectations in their broader environments. These prejudice expectations mediated increased attributions of prejudice (Study 1); motivations to combat prejudice (Study 2); and support for movements and policies addressing diversity, equity, and inclusion (Study 3). These effects were not moderated by group membership. Results suggested that safe spaces increased prejudice expectations because they are perceived as a response to a problem in the broader environment. Together, the present research contributes to existing literature by testing the effects of a new signal (i.e., safe spaces), examining how localized identity safety signals transfer to the broader environment, and highlighting novel outcomes following from prejudice expectations.","2022-01-01","2026-07-13 20:16:23","2026-07-17 06:24:53","2026-07-13 20:16:23","104232","","","98","","Journal of Experimental Social Psychology","Safe here, but unsafe there?","49","","","","","","","","","","","ScienceDirect","","","","C:\Users\moin\Zotero\storage\PLIYYX2N\S0022103121001359.html","","Traditional Match","Expectations; Prejudice; Environmental cues; Identity threat","","","","","","","","","","","","","","","","","","","","","","","","","","","","","","","","","","","","","","","","","","","","","",""
"PE3PUYWV","journalArticle","2019","Marciano, Déborah; Krispin, Eden; Bourgeois-Gironde, Sacha; Deouell, Leon Y","Limited resources or limited luck? Why people perceive an illusory negative correlation between the outcomes of choice options despite unequivocal evidence for independence","Judgment and Decision Making","","","","","When people learn of the outcome of an option they did not choose (the alternative outcome) before they know their own outcome, they see an illusory negative correlation between the two outcomes, the Alternative Omen Eﬀect (ALOE). Why does this happen? Here, we tested several alternative explanations and conclude that the ALOE may derive from a pervasive belief that good luck is a limited resource. In Experiment 1, we show that the ALOE is due to people seeing a good alternative outcome as a bad sign regarding their outcome, relative to seeing a neutral alternative, but ﬁnd no evidence for seeing a bad alternative outcome as a good sign. Experiment 2 conﬁrms that the ALOE replicates across tasks, and that the ALOE cannot be explained by preconceptions regarding outcome distribution, including: 1) the Limited Good Hypothesis (zero-sum bias), according to which people see the world as a zero-sum game, and assume that resources there means fewer resources here, and/or 2) a more speciﬁc assumption that laboratory tasks are programmed as zero-sum games. To neutralize these potential beliefs, participants had to draw actual colored beads from two real, distinct bags. The results of Experiment 3 were consistent with a prediction of the Limited Luck Hypothesis: by eliminating the value of the outcomes we eliminated the ALOE. Taken together, our results show that either the limited good belief is so robust that it deﬁes strong situational evidence, or that individuals perceive good luck itself as a limited resource. Such a limited-luck belief might have important consequences in decision making and negotiations.","2019","2026-07-13 12:06:54","2026-07-17 06:24:53","","573–590","","5","14","","","","64","","","","","","en","","","","","Zotero","","","","C:\Users\moin\Zotero\storage\5P3ID2TL\Marciano et al. - 2019 - Limited resources or limited luck Why people perceive an illusory negative correlation between the.pdf","","Traditional Match","","","","","","","","","","","","","","","","","","","","","","","","","","","","","","","","","","","","","","","","","","","","","","",""
"HHBDQ27A","journalArticle","2018","Szaszi, Barnabas; Palfi, Bence; Szollosi, Aba; Kieslich, Pascal J.; Aczel, Balazs","Thinking dynamics and individual differences: Mouse-tracking analysis of the denominator neglect task","Judgment and Decision Making","","1930-2975","10.1017/S1930297500008792","https://www.cambridge.org/core/product/identifier/S1930297500008792/type/journal_article","Most decision-making models describing individual diﬀerences in heuristics and biases tasks build on the assumption that reasoners produce a ﬁrst incorrect answer in a quick, automatic way which they may or may not override later and that the advantage of high capacity reasoners arises from this late correction mechanism. To investigate this assumption, we developed a mouse-tracking analysis technique to capture individuals’ ﬁrst answers and subsequent thinking dynamics. Across two denominator neglect task experiments, we observed that individuals initially move the mouse cursor towards the correct answer option in a substantial number of cases suggesting that reasoners may not always produce an incorrect answer ﬁrst. Furthermore, we observed that, compared to low capacity reasoners, high capacity individuals revise their ﬁrst answer more frequently if it is incorrect and make fewer changes if it is correct. However, we did not ﬁnd evidence that high capacity individuals produce correct initial answers more frequently. Consistent with the predictions of previous decision-making models, these results suggest that in the denominator neglect task the capacity-normativity relationship arises after the initial response is formulated. The present work demonstrates how the analysis of mouse trajectories can be utilized to investigate individual diﬀerences in decision-making and help us better apprehend the dynamics of thinking behind decision biases.","2018-01","2026-07-13 12:02:03","2026-07-17 06:24:53","2026-07-13 12:02:03","23-32","","1","13","","Judgm. decis. mak.","Thinking dynamics and individual differences","65","","","","","","en","http://creativecommons.org/licenses/by-nc-nd/3.0/","","","","DOI.org (Crossref)","","","","C:\Users\moin\Zotero\storage\CTB9GTTP\Szaszi et al. - 2018 - Thinking dynamics and individual differences Mouse-tracking analysis of the denominator neglect tas.pdf","","Traditional Match","","","","","","","","","","","","","","","","","","","","","","","","","","","","","","","","","","","","","","","","","","","","","","",""
"352PKKFT","journalArticle","2022","Kyprianides, Arabella; Bradford, Ben; Jackson, Jonathan; Stott, Clifford; Pósch, Krisztián","Relational and instrumental perspectives on compliance with the law among people experiencing homelessness","Law and Human Behavior","","1573-661X","10.1037/lhb0000465","","Objective: We conducted an exploratory study testing procedural justice theory with a novel population. We assessed the extent to which police procedural justice, effectiveness, legitimacy, and perceived risk of sanction predict compliance with the law among people experiencing homelessness. Hypotheses: We did not develop formal a priori hypotheses but examined five general research questions. First, are there positive associations between police procedural justice, police legitimacy, and compliance? Second, do procedural justice and legitimacy differentially predict compliance, depending on the particular type of offending? Third, are there positive associations between police effectiveness, perceived risk of sanction, and compliance? Fourth, does the perceived risk of sanction differentially predict compliance, depending on the particular type of offending? And fifth, are there positive associations between moral judgments about different offending behaviors and compliance? Method: Two hundred people (87% male, 49% aged 45–64, 37% White British) experiencing homelessness on the streets of an inner London borough completed a survey that included measures of procedural justice, police legitimacy, perceived risk of sanction, morality, and compliance with the law. Results: Procedural justice and police legitimacy were only weakly (and not significantly) associated with any of the three types of compliance (compliance with laws prohibiting low-level crimes, behaviors specific to the street population, and high-level crimes). Police effectiveness positively predicted compliance via perceived risk of sanction, but only for street-population-specific offenses that can be important for survival on the streets, such as begging and sleeping in certain localities. Morality was positively associated with all three types of compliance behaviors. Supplementary analyses suggested a small amount of instability in the results, however, possibly because of the relatively small sample size. Conclusions: The lack of relevant relational connections to legal authority may explain why procedural fairness and perceptions of police legitimacy were not particularly important predictors of compliance in this context. More research is needed into the types of marginalized communities for whom structural factors of alienation and lack of access to resources may serve to reduce normative group connections. Future work should test whether the need to survive on the streets leads people to discount some social and relational constraints to behavior, making people (almost by definition) more instrumental in relation to law and law enforcement. (PsycInfo Database Record (c) 2025 APA, all rights reserved)","2022","2026-07-13 11:45:19","2026-07-17 06:24:53","","1-14","","1","46","","","","66","","","","Educational Publishing Foundation","US","","","","","","APA PsycNet","","","","C:\Users\moin\Zotero\storage\TRVQH8SB\Kyprianides et al. - 2022 - Relational and instrumental perspectives on compliance with the law among people experiencing homele.pdf","","Traditional Match","Marginalization; Morality; Crime; Laws; Risk Perception; Police Personnel; Compliance; Procedural Justice; Homeless","","","","","","","","","","","","","","","","","","","","","","","","","","","","","","","","","","","","","","","","","","","","","",""
"IJAS34PC","journalArticle","2025","Correll, Joshua; Lakshmi, Anjana; Wittenbrink, Bernd; Ma, Debbie S.; Singh, Balbir; Bansemer, Emil; Harvey Jr., Lewis O.","The mental representation of ingroup and outgroup faces","Journal of Personality and Social Psychology","","1939-1315","10.1037/pspa0000442","","Ethnicity critically impacts perceivers’ ability to individuate and recognize faces. Valentine (1991) proposed a face space model in part to account for these effects, and although it has received significant attention, basic questions derived from that model have yet to be satisfactorily tested. Across three large-scale studies, over 10,000 human participants provided similarity judgments of pairs of faces. All studies used a full ingroup–outgroup design, such that participants rated both ingroup and outgroup faces. From these ratings, we estimate the configuration of an empirical multidimensional face space. Based on these configurations, we test five questions central to the face space model and to underlying mechanisms like perceptual expertise. We find that eight dimensions capture most of the variation in ratings and that these dimensions correspond to existing models of face perception. Contrary to widespread hypotheses, we find no evidence that perception is “tuned” based on ethnicity. Rather, perceivers of different ethnic groups demonstrate very similar configurations of face space. Also surprisingly, we observe evidence of outgroup homogeneity in only one study, when intergroup contact is particularly low. Finally, we find that sensitivity to face ethnicity is negatively correlated with sensitivity to variation on other dimensions and that greater intergroup contact is associated with reduced sensitivity to face ethnicity and enhanced sensitivity to other dimensions. These findings seem broadly inconsistent with exemplar-based coding accounts and offer relative support for norm-based coding. We discuss the implications of these findings for Valentine’s face space framework and for face perception in intergroup contexts. (PsycInfo Database Record (c) 2025 APA, all rights reserved)","2025","2026-07-13 11:28:08","2026-07-17 06:24:53","","42-70","","1","129","","","","57","","","","American Psychological Association","US","","","","","","APA PsycNet","","","","C:\Users\moin\Zotero\storage\A7AVZZF5\Correll et al. - 2025 - The mental representation of ingroup and outgroup faces.pdf","","Traditional Match","Cultural Sensitivity; Ethnic Identity; Intergroup Dynamics; Racial and Ethnic Groups; Ingroup Outgroup; Face (Anatomy); Conceptual Imagery; Face Perception","","","","","","","","","","","","","","","","","","","","","","","","","","","","","","","","","","","","","","","","","","","","","",""
"ZFIKQPXG","journalArticle","2022","Liu, Jie; Ilmarinen, Ville-Juhani; Lehane, Christina","Seeing you in me: Moderating role of relationship satisfaction and commitment on assumed similarity in honesty-humility and openness to experience","Journal of Research in Personality","","0092-6566","10.1016/j.jrp.2022.104209","https://www.sciencedirect.com/science/article/pii/S0092656622000228","This study examined distinctive assumed similarity in Honesty-Humility and Openness to Experience and its influencing factors. With samples from the British Isles, China, and Denmark and with both individual and dyadic data (N = 1196), the meta-analytical results show that distinctive assumed similarity in Honesty-Humility and Openness to Experience was higher than in Emotionality, Extraversion, Agreeableness, and Conscientiousness in intimates after controlling for normativity. Also, relationship satisfaction and commitment moderated distinctive assumed similarity in Honesty-Humility and Openness to Experience, indicating that people high in relationship satisfaction and commitment perceived their partner to be more similar to them regarding those two traits relative to people low in relationships satisfaction and commitment. Implications and limitations of this research are also discussed.","2022-04-01","2026-07-13 08:59:25","2026-07-17 06:24:53","2026-07-13 08:59:25","104209","","","97","","Journal of Research in Personality","Seeing you in me","62","","","","","","","","","","","ScienceDirect","","","","C:\Users\moin\Zotero\storage\E8S49BGE\S0092656622000228.html","","Traditional Match","Personality traits; Assumed similarity; Couple perception; Relationship quality","","","","","","","","","","","","","","","","","","","","","","","","","","","","","","","","","","","","","","","","","","","","","",""
"LURQWFGT","journalArticle","2021","Sturm, Virginia E.; Roy, Ashlin R. K.; Datta, Samir; Wang, Cheng; Sible, Isabel J.; Holley, Sarah R.; Watson, Christa; Palser, Eleanor R.; Morris, Nathaniel A.; Battistella, Giovanni; Rah, Esther; Meyer, Marita; Pakvasa, Mikhail; Mandelli, Maria Luisa; Deleon, Jessica; Hoeft, Fumiko; Caverzasi, Eduardo; Miller, Zachary A.; Shapiro, Kevin A.; Hendren, Robert; Miller, Bruce L.; Gorno-Tempini, Maria Luisa","Enhanced visceromotor emotional reactivity in dyslexia and its relation to salience network connectivity","Cortex","","0010-9452","10.1016/j.cortex.2020.10.022","https://www.sciencedirect.com/science/article/pii/S0010945220304081","Dyslexia is a neurodevelopmental disorder mainly defined by reading difficulties. During reading, individuals with dyslexia exhibit hypoactivity in left-lateralized language systems. Lower activity in one brain circuit can be accompanied by greater activity in another, and, here, we examined whether right-hemisphere-based emotional reactivity may be elevated in dyslexia. We measured emotional reactivity (i.e., facial behavior, physiological activity, and subjective experience) in 54 children ages 7–12 with (n = 32) and without (n = 22) dyslexia while they viewed emotion-inducing film clips. Participants also underwent task-free functional magnetic resonance imaging. Parents of children with dyslexia completed the Behavior Assessment System for Children, which assesses real-world behavior. During film viewing, children with dyslexia exhibited significantly greater reactivity in emotional facial behavior, skin conductance level, and respiration rate than those without dyslexia. Across the sample, greater emotional facial behavior correlated with stronger connectivity between right ventral anterior insula and right pregenual anterior cingulate cortex (pFWE<.05), key salience network hubs. In children with dyslexia, greater emotional facial behavior related to better real-world social skills and higher anxiety and depression. Our findings suggest there is heightened visceromotor emotional reactivity in dyslexia, which may lead to interpersonal strengths as well as affective vulnerabilities.","2021-01-01","2026-07-13 08:54:23","2026-07-17 06:24:53","2026-07-13 08:54:23","278-295","","","134","","Cortex","","23","","","","","","","","","","","ScienceDirect","","","","C:\Users\moin\Zotero\storage\4EIDHK5F\S0010945220304081.html","","Traditional Match","Reading; Development; Autonomic nervous system; Emotion generation; Laterality","","","","","","","","","","","","","","","","","","","","","","","","","","","","","","","","","","","","","","","","","","","","","",""
"UEEN6M3P","journalArticle","2023","Murphy, Ellen; North, E.; Nawaz, S.; Omigie, D.","The influence of music liking on episodic memory for rich spatiotemporal contexts","Memory","","0965-8211","10.1080/09658211.2022.2154367","https://doi.org/10.1080/09658211.2022.2154367","It is thought that the presence of music influences episodic memory encoding. However, no studies have isolated the influence of music liking – the hedonic value listeners attribute to a musical stimulus – from that of the core affect induced by the presence of that music. In an online survey, participants rated musical excerpts in terms of how much they liked them, as well as in terms of felt valence, felt arousal and familiarity. These ratings were then used to inform the stimuli presented in an online episodic memory task which, across different scenarios, involved dragging cued objects to cued locations and then recalling details of what was moved, where they were moved to and the order of movements made. Our results showed an influence of liking and music-reward sensitivity on memory for what was moved, as well as a detrimental effect of arousing musical stimuli on memory for un-cued scenario details. Taken together, our study showcases the importance of episodic memory paradigms that involve rich spatiotemporal contexts and provides insights into how different aspects of episodic memory may be influenced by the presence of music.","2023-05-28","2026-07-13 08:35:39","2026-07-17 06:24:53","2026-07-13 08:35:39","589-604","","5","31","","","","68","","","","Routledge","","","","","","","Taylor and Francis+NEJM","","_eprint: https://doi.org/10.1080/09658211.2022.2154367","","C:\Users\moin\Zotero\storage\Z6WNMBQS\Murphy et al. - 2023 - The influence of music liking on episodic memory for rich spatiotemporal contexts.pdf","","Traditional Match","Music; emotion; episodic memory; liking; what-where-when","","","","","","","","","","","","","","","","","","","","","","","","","","","","","","","","","","","","","","","","","","","","","",""
"2ZGRN4YT","journalArticle","2024","Dufner, Michael; Wieg, Franziska; Kraft, Livia; Grapsas, Stathis; Hagemeyer, Birk","Motive-Specific Affective Contingencies and Their Relevance for Personality and Motivated Behavior","European Journal of Personality","","0890-2070","10.1177/08902070231156842","https://doi.org/10.1177/08902070231156842","Individuals differ in the tendency to derive pleasure out of motive-specific incentives, such as being socially included or attaining power. Multiple theoretical approaches have proposed that such motive-specific positive affective contingencies (PACs) are central building blocks of motive dispositions and personality more broadly. In the current research, we put this claim to test and investigated individual differences with regard to motive-specific PACs in the affiliation and power domains. We measured PACs via spontaneous emotional reactions to motive-specific cues, as assessed by affect ratings and electromyographic (EMG) recordings of smile responses. Both of these PAC operationalizations were highly internally consistent and moderately to highly stable across time. Furthermore, motive-specific PACs were linked in a manner consistent with theory to measures of motive dispositions and to personality traits with motivational underpinnings (i.e., extraversion, agreeableness, and narcissism). Finally, in the affiliation domain, motive-specific PACs were linked to objectively assessed, key motivational outcomes (i.e., attentional orientation, behavior in daily life, and in the laboratory). Taken together, the findings underscore the relevance of affective contingencies for the understanding of personality and motivated behavior.","2024-03-01","2026-07-13 08:20:52","2026-07-17 06:24:53","2026-07-13 08:20:52","225-240","","2","38","","Eur J Pers","","41","","","","SAGE Publications Ltd","","EN","","","","","SAGE Journals","","","","C:\Users\moin\Zotero\storage\I7IF4QEJ\Dufner et al. - 2024 - Motive-Specific Affective Contingencies and Their Relevance for Personality and Motivated Behavior.pdf","","Traditional Match","","","","","","","","","","","","","","","","","","","","","","","","","","","","","","","","","","","","","","","","","","","","","","",""
"PEFWVYQS","journalArticle","2022","Wang, Min; Yang, Ping; Zhang, Tingting; Li, Wenjuan; Zhang, Junjun; Jin, Zhenlan; Li, Ling","Working memory biases early object discrimination and parietal activity during attentional selection","Cortex","","0010-9452","10.1016/j.cortex.2022.08.009","https://www.sciencedirect.com/science/article/pii/S0010945222002593","The contents of working memory (WM) guide visual attention, but the neural mechanisms underlying WM biases remains unclear. Here, we used simultaneous electroencephalography (EEG) and functional magnetic resonance imaging (fMRI) approaches to characterize the timing and location of the neural response underlying WM guidance during a visual search task. Behaviorally, we observed faster search performance when the WM contents matching targets (valid) compared to when WM contents did not reappear (neutral). The EEG data showed similar benefit effects of posterior N1 component, in which targets induced larger N1 amplitudes in the valid condition than in the neutral condition. Interestingly, the fMRI activation in left supramarginal gyrus (SMG)/inferior parietal lobule (IPL) and bilateral occipital cortex was lower in the valid compared to neutral conditions. Importantly, the magnitude of the increased N1 activity and the decreased fMRI activity in the left SMG/IPL predicted the extent of search improvement at an individual subject level. These results suggest that information held in WM enhances early object discrimination during attentional selection, and the left SMG/IPL may be a critical region in mediating goal-directed processing under WM biases in human visual attention.","2022-12-01","2026-07-13 08:09:49","2026-07-17 06:24:53","2026-07-13 08:09:49","53-64","","","157","","Cortex","","35","","","","","","","","","","","ScienceDirect","","","","C:\Users\moin\Zotero\storage\DDJ9PSYG\S0010945222002593.html","","Traditional Match","EEG; fMRI; Inferior parietal lobule; N1; Supramarginal gyrus; WM-biased attention","","","","","","","","","","","","","","","","","","","","","","","","","","","","","","","","","","","","","","","","","","","","","",""
"XRKV26YR","journalArticle","2024","Riemann, Steffen; van Lück, Jil; Rodríguez-Fornells, Antoni; Flöel, Agnes; Meinzer, Marcus","The role of frontal cortex in novel-word learning and consolidation: Evidence from focal transcranial direct current stimulation","Cortex","","0010-9452","10.1016/j.cortex.2024.05.004","https://www.sciencedirect.com/science/article/pii/S0010945224001370","Previous studies have demonstrated that conventional transcranial direct current stimulation (tDCS) can enhance novel-word learning. However, because of the widespread current that is induced by these setups and lack of appropriate control conditions, little is known about the underlying neural mechanisms. In the present double-blinded and sham-tDCS controlled study, we investigated for the first time if regionally precise focal tDCS targeting two key nodes of the novel-word learning network at different time points would result in regionally and temporally distinct effects. 156 participants completed a contextual novel-word-learning paradigm and learning success was probed immediately after the acquisition period and 30-min later. Participants were randomly assigned to six stimulation conditions: Active tDCS (1.5 mA) was administered to left inferior frontal (IFG) or middle temporal gyrus (MTG), either during acquisition or delayed recall. Control groups received sham-tDCS either during acquisition or delayed recall (50% IFG/MTG). Data were analyzed with a generalized linear mixed model with a binomial link function in a Bayesian framework. Our results showed that frontal tDCS selectively increased accuracy gains from immediate to delayed recall, irrespective of timing of the stimulation. There was no evidence for beneficial effects of middle temporal gyrus tDCS. Our findings confirm that IFG tDCS can enhance novel-word learning in a regionally, but not timing specific way. Tentatively, this may be explained by enhancement of semantic selection processes resulting in more effective consolidation and/or retrieval. Future studies using longer time intervals between assessments are required to clarify the potential contribution of neurophysiological after-effects of IFG tDCS administered during acquisition to enhanced consolidation.","2024-08-01","2026-07-13 07:29:17","2026-07-17 06:24:53","2026-07-13 07:29:17","15-27","","","177","","Cortex","The role of frontal cortex in novel-word learning and consolidation","27","","","","","","","","","","","ScienceDirect","","","","C:\Users\moin\Zotero\storage\Q5Z5VEFD\S0010945224001370.html; C:\Users\moin\Zotero\storage\CWCCUDHX\Riemann et al. - 2024 - The role of frontal cortex in novel-word learning and consolidation Evidence from focal transcrania.pdf","","Traditional Match","focal tDCS; Inferior frontal gyrus; Middle temporal gyrus; Novel word learning; Regional specificity; Temporal specificity","","","","","","","","","","","","","","","","","","","","","","","","","","","","","","","","","","","","","","","","","","","","","",""
"VMUBW297","journalArticle","2020","Grasso, Paolo A.; Pietrelli, Mattia; Zanon, Marco; Làdavas, Elisabetta; Bertini, Caterina","Alpha oscillations reveal implicit visual processing of motion in hemianopia","Cortex","","0010-9452","10.1016/j.cortex.2018.08.009","https://www.sciencedirect.com/science/article/pii/S0010945218302594","After lesion or deafferentation of the primary visual cortex, hemianopic patients experience loss of conscious vision in their blind field. However, due to the spared colliculo-extrastriate pathway, they might retain the ability to implicitly process motion stimuli through the activation of spared dorsal-extrastriate areas, despite the absence of awareness. To test this hypothesis, Electroencephalogram (EEG) was recorded from a group of hemianopic patients without blindsight (i.e., who performed at chance in different forced-choice tasks), while motion stimuli, static stimuli or no stimuli (i.e., blank condition) were presented either in their intact or in their blind visual field. EEG analyses were performed in the time-frequency domain. The presentation of both motion and static stimuli in the intact field induced synchronization in the theta band and desynchronization both in the alpha and the beta band. In contrast, for stimuli presented in the blind field, significantly greater desynchronization in the alpha range was observed only after the presentation of motion stimuli, compared to the blank condition, over posterior parietal-occipital electrodes in the lesioned hemisphere, at a late time window (500–800 msec). No alpha desynchronization was elicited by static stimuli. These results show that hemianopic patients can process only visual signals relying on the activation of the dorsal pathway (i.e., motion stimuli) in the absence of awareness and suggest different patterns of electrophysiological activity for conscious and unconscious visual processing. Specifically, visual processing in the absence of awareness elicits an activity limited to the alpha range, most likely reflecting a “local” process, occurring within the extrastriate areas and not participating in inter-areal communication. This also suggests a response specificity in this frequency band for implicit visual processing. In contrast, visual awareness evokes changes in different frequency bands, suggesting a “global” process, accomplished by activity in a wide range of frequencies, probably within and across cortical areas.","2020-01-01","2026-07-13 07:24:43","2026-07-17 06:24:53","2026-07-13 07:24:43","81-96","","","122","","Cortex","","25","","","","","","","","","","","ScienceDirect","","","","C:\Users\moin\Zotero\storage\KZBVLCSG\S0010945218302594.html","","Traditional Match","Motion; Hemianopia; Implicit visual processing; Visual awareness","","","","","","","","","","","","","","","","","","","","","","","","","","","","","","","","","","","","","","","","","","","","","",""
"Q5E6FAMR","journalArticle","2025","Lahay, Ryan; Leach, Amy-May; Cutler, Brian L.; Woolridge, Lyndsay R.; Elliott, Elizabeth","(MIS)measuring cognitive load and arousal in deception: A multitrait–multimethod analysis","Legal and Criminological Psychology","","2044-8333","10.1111/lcrp.12299","https://onlinelibrary.wiley.com/doi/abs/10.1111/lcrp.12299","Purpose Cognitive load and arousal are cornerstones of many deception detection strategies and theories; in turn, their effective measurement is critical. However, fundamental criteria for establishing the quality and accuracy of measures have largely been overlooked. In this study, we examined the reliability and construct validity of common cognitive load and arousal measures. Method We obtained three independent secondary datasets in which participants (N = 238) had lied or told the truth about witnessing a suspicious event. Using a multitrait–multimethod analysis, we assessed three measures of their cognitive load and arousal: participants' self-reports, trained coders' observations, and objective behaviours. Results Although all measures were reliable, they achieved differing levels of validation. Specifically, measures of cognitive load showed evidence of convergent validity, but not discriminant validity. There was no empirical support for the construct validity of arousal measures. Conclusions These findings suggest that inconsistencies in the diagnosticity of cues to deception and theory support may be attributable to the measures employed. Researchers may not be assessing constructs of interest, particularly in the case of arousal.","2025","2026-07-13 07:05:04","2026-07-17 06:24:53","2026-07-13 07:05:04","127-142","","1","30","","","(MIS)measuring cognitive load and arousal in deception","67","","","","","","en","© 2024 The Author(s). Legal and Criminological Psychology published by John Wiley & Sons Ltd on behalf of British Psychological Society.","","","","Wiley Online Library","","_eprint: https://bpspsychub.onlinelibrary.wiley.com/doi/pdf/10.1111/lcrp.12299","","C:\Users\moin\Zotero\storage\SI3LBTAI\Lahay et al. - 2025 - (MIS)measuring cognitive load and arousal in deception A multitrait–multimethod analysis.pdf; C:\Users\moin\Zotero\storage\RZ6MCFQL\lcrp.html","","Traditional Match","validity; arousal; deception; cognitive load; multitrait–multimethod","","","","","","","","","","","","","","","","","","","","","","","","","","","","","","","","","","","","","","","","","","","","","",""
"JHDZQ7YF","journalArticle","2025","Frisoni, Matteo; Tarasi, Luca; Borgomaneri, Sara; Romei, Vincenzo","The relationship between individual alpha frequency and time perception: Testing the internal clock versus the sampling rate hypothesis","Cortex","","0010-9452","10.1016/j.cortex.2025.09.008","https://www.sciencedirect.com/science/article/pii/S0010945225002497","Perceiving the duration of events is a fundamental ability for everyday life. Traditional research has focused on the role of alpha oscillations as an endogenous pacemaker for the human internal clock, yet there is limited evidence supporting this idea. An alternative hypothesis proposes that alpha oscillations may underlie a sampling mechanism, where higher alpha frequencies correspond to increased information sampling, resulting in more accurate temporal judgments. In this study, we tested the internal clock versus sampling rate hypothesis by examining the relationship between Individual Alpha Frequency (IAF) and fine-grained time perception. Using resting Electroencephalography (EEG) and Signal Detection Theory (SDT), fifty healthy volunteers performed a time-discrimination task with 100 and 500 msec standard durations. Our results demonstrate that temporal sensitivity (d’) but not temporal bias (c) is influenced by IAF, with higher IAF leading to more accurate time estimates (higher d’). The correlations were observed over frontocentral topographies consistent with previous reports of neural networks involved in time processing and were most pronounced at 100 msec relative to 500 msec, likely due to fluctuations in IAF across multiple cycles. In conclusion, our findings support the relationship between IAF and temporal sensitivity. These results challenge the pacemaker hypothesis and instead suggest a distributed mechanism where alpha oscillations enhance the precision of temporal sampling. Our study adds to the growing body of evidence highlighting the role of IAF in sensory sampling as a generative mechanism for temporal sensitivity as opposed to subjective time perception.","2025-11-01","2026-07-13 07:00:24","2026-07-17 06:24:53","2026-07-13 07:00:24","183-195","","","192","","Cortex","The relationship between individual alpha frequency and time perception","29","","","","","","","","","","","ScienceDirect","","","","C:\Users\moin\Zotero\storage\U5GFAE48\S0010945225002497.html","","Traditional Match","Alpha oscillations; Individual alpha frequency; Resting-state EEG; Signal detection theory; Time perception","","","","","","","","","","","","","","","","","","","","","","","","","","","","","","","","","","","","","","","","","","","","","",""
"TWFGSTNN","journalArticle","2021","Stieger, Mirjam; Liu, Yujun; Graham, Eileen K.; DeFrancisco, Jenna; Lachman, Margie E.","Personality change profiles and changes in cognition among middle-aged and older adults","Journal of Research in Personality","","0092-6566","10.1016/j.jrp.2021.104157","https://www.sciencedirect.com/science/article/pii/S0092656621000945","Research on the relationship between personality traits and cognitive abilities has primarily used cross-sectional designs and considered personality traits individually in relation to cognitive dimensions. This study (N = 2652) examined the relationship between Big Five personality change profiles and change in cognitive factors, episodic memory and executive functioning. Latent profile analysis was used to capture patterns of change across the Big Five traits. Three profiles of personality change were defined: Decreasers, Maintainers, and Increasers. The Decreasers declined more in episodic memory compared to the Increasers and Maintainers. Also, the Decreasers declined more in executive functioning compared to the Increasers, but not the Maintainers. The findings advance our understanding of the links between patterns of personality change and cognitive aging.","2021-12-01","2026-07-13 06:53:05","2026-07-17 06:24:53","2026-07-13 06:53:05","104157","","","95","","Journal of Research in Personality","","63","","","","","","","","","","","ScienceDirect","","","","C:\Users\moin\Zotero\storage\KMZTVZNL\S0092656621000945.html","","Traditional Match","Executive functioning; Episodic memory; Cognitive aging; Latent profile analysis; Personality change","","","","","","","","","","","","","","","","","","","","","","","","","","","","","","","","","","","","","","","","","","","","","",""
"G2LTGPDF","journalArticle","2025","Dunnum, Zoe; Chopik, William J.","A social relations perspective on attachment orientations and judgments of relationship quality in friendships","Journal of Research in Personality","","0092-6566","10.1016/j.jrp.2025.104637","https://www.sciencedirect.com/science/article/pii/S0092656625000698","How well friendships are going likely depends on perceptions people have about their friends, such as how they approach relationships in general. Adopting a social relations model perspective, we examined sources of variation in relationship quality (across 10 indicators) and attachment judgments in a sample of 377 quads of friends (N = 1,508 individuals). Relationship quality largely stemmed from the shared interactions between two people, although some perceiver variance was found. Judgments of avoidance largely stemmed from consensus; judgments of anxiety came from a mix of consensus and perceiver variance (i.e., tending to see everyone as anxious or not). Bivariate analyses found that people seen as anxious were seen as ambivalent friends — providing both positive and negative experiences for friends.","2025-10-01","2026-07-13 06:34:34","2026-07-17 06:24:53","2026-07-13 06:34:34","104637","","","118","","Journal of Research in Personality","","59","","","","","","","","","","","ScienceDirect","","","","C:\Users\moin\Zotero\storage\38RI98I9\S0092656625000698.html","","Traditional Match","Relationship quality; Attachment anxiety; Attachment avoidance; Friendships; Social relations model","","","","","","","","","","","","","","","","","","","","","","","","","","","","","","","","","","","","","","","","","","","","","",""
"RMU225W3","journalArticle","2025","Li, Yilin; Sommer, Werner; Hildebrandt, Andrea; Tian, Liang; Zhou, Changsong","Relationships between classifier-quantified priming effects in ERPs and face cognition abilities: Contributions of task difficulty and latency variability","Cortex","","0010-9452","10.1016/j.cortex.2025.06.005","https://www.sciencedirect.com/science/article/pii/S0010945225001625","Previous research has consistently shown that individual differences in face cognition abilities correlate with repetition priming-induced amplitude changes in event-related potentials, known as the early repetition effect (or N250r). However, the association with subsequent priming effects (e.g., N400) remains unclear, although this is crucial for understanding the cognitive significance of these different effects. This gap in knowledge may be due to factors such as different paradigms or latency variability. In our recently published classifier-based analysis, we described the impact of latency variability across trials, conditions, and participants on priming effects. Building on these findings, the present analysis used the classification performance of deep neural networks for each participant as an indicator in structural equation models to explore the relationships between priming effects and face cognition abilities. We investigated how these relationships were affected by task difficulty and latency variability. Through our RIDE-based stepwise latency correction method, we found a substantial association between the N250r and face cognition speed, while the N400 was more closely associated with face memory accuracy. Notably, these relationships were significantly stronger in difficult than in easy ERP tasks. Correction for latency shifts between primed and unprimed conditions eliminated the associations between ERP amplitudes and face cognition abilities, indicating that latency shift is a major factor driving brain-behavior relationships. Our results suggest that classifier-quantified priming effects provide an advanced and useful measure for modeling brain-behavior relationships in face cognition.","2025-09-01","2026-07-13 06:31:06","2026-07-17 06:24:53","2026-07-13 06:31:06","54-67","","","190","","Cortex","Relationships between classifier-quantified priming effects in ERPs and face cognition abilities","21","","","","","","","","","","","ScienceDirect","","","","C:\Users\moin\Zotero\storage\JXII995X\S0010945225001625.html","","Traditional Match","Brain-behavior relationships; Face cognition; Priming effects; Task difficulty; Trial-to-trial variability","","","","","","","","","","","","","","","","","","","","","","","","","","","","","","","","","","","","","","","","","","","","","",""
"SCXZNKAE","journalArticle","2026","Yan, Xiaohui; Xu, Shilin; Feng, Guoyan; Cao, Fan","Abnormal Developmental Trajectories in the Brain in Individuals With Reading Disability","Developmental Science","","1467-7687","10.1111/desc.70113","https://onlinelibrary.wiley.com/doi/abs/10.1111/desc.70113","It is unknown how the brain supports reading development in individuals with reading disability (RD). In a cross-sectional study (i.e., children, adolescents, adults), we found an age-related shift in brain activation from posterior to anterior part of the left occipitotemporal (OT) area in typical readers, supporting orthographic specialization, while RD readers did not show such a developmental shift. Furthermore, RD readers did not show age-related increase in the left superior temporal gyrus as did the typical readers, suggesting persistent phonological deficits. On the other hand, RD readers but not typical readers showed age-related increase in the left inferior frontal gyrus and the supplementary motor area. These findings suggest that the experience of RD derails the developmental trajectory of the brain. Insights gained from our study not only advance our understanding of the prognosis of RD, but also facilitate the development of age-appropriate treatment for RD. Summary Individuals with reading disability (RD) consistently underperformed at both phonological awareness and orthographic awareness, irrespective of their age. RD was characterized by a persistent functional deficit in the left occipitotemporal (OT) regions across different age groups. A gradual shift of functional deficits within the left OT regions, transitioning from posterior/medial to anterior/lateral areas, was associated with RD as they aged. The neural transition is closely linked to orthographic specification in OT regions.","2026","2026-07-12 19:53:29","2026-07-17 06:24:53","2026-07-12 19:53:29","e70113","","1","29","","","","40","","","","","","en","© 2025 John Wiley & Sons Ltd.","","","","Wiley Online Library","","_eprint: https://onlinelibrary.wiley.com/doi/pdf/10.1111/desc.70113","","C:\Users\moin\Zotero\storage\ZZFFJ3GK\Yan et al. - 2026 - Abnormal Developmental Trajectories in the Brain in Individuals With Reading Disability.pdf","","Traditional Match","Chinese; fMRI; developmental changes; left occipitotemporal region; reading disability","","","","","","","","","","","","","","","","","","","","","","","","","","","","","","","","","","","","","","","","","","","","","",""
"DMLTLGBM","journalArticle","2021","Hopwood, Christopher J.; Good, Evan W.; Levendosky, Alytia A.; Zimmermann, Johannes; Dumat, Daniela; Finkel, Eli J.; Eastwick, Paul E.; Bleidorn, Wiebke","Realness is a core feature of authenticity","Journal of Research in Personality","","0092-6566","10.1016/j.jrp.2021.104086","https://www.sciencedirect.com/science/article/pii/S0092656621000234","We established realness as the relatively stable tendency to act on the outside the way one feels on the inside, without regard for proximal personal or social consequences. In nine studies, we showed that realness is a) a core feature of individual differences in authenticity, b) generally adaptive but largely unrelated to agreeableness, c) highly stable, d) reliably observable in dyadic behavior, and e) predictive of responses to situations with potential for personal or social costs. Informants both perceive agreeable motives in real behavior and recognize that being real can be disagreeable. We concluded that realness represents an important individual difference construct that is foundational for authentic social behavior, and that being real comes with both costs and benefits.","2021-06-01","2026-07-10 17:36:37","2026-07-17 06:24:53","2026-07-10 17:36:37","104086","","","92","","Journal of Research in Personality","","61","","","","","","","","","","","ScienceDirect","","","","C:\Users\moin\Zotero\storage\93R7WU4V\S0092656621000234.html","","Traditional Match","Personality; Transparency; Authenticity; Congruence; Realness","","","","","","","","","","","","","","","","","","","","","","","","","","","","","","","","","","","","","","","","","","","","","",""
"6YWNU8FP","journalArticle","2025","Simmons, Claire; Krasich, Kristina; Chitre, Aditi; Sinnott-Armstrong, Walter","Does conscious perception render agents more responsible? A study of lay judgments","Journal of Experimental Social Psychology","","0022-1031","10.1016/j.jesp.2025.104757","https://www.sciencedirect.com/science/article/pii/S0022103125000381","Theoretical debates have raged around whether conscious perception is necessary for responsibility. It is still unclear, however, what lay people think, and lay views can be important to legal and sociopolitical decision-making. To explore this issue, the current work conducted three online, vignette-based studies to test how lay third-party responsibility judgments varied with what agents unconsciously and consciously visually perceived when deciding how to act. The findings showed that, for both good and bad outcomes, people judge conscious perception not to be necessary for responsibility: an agent was still judged to be at least partially responsible without having consciously perceived pertinent information about how to act appropriately. However, conscious perception did modulate judgments about degrees of responsibility: insofar as the information was perceptually available and accurate, the agent was judged to be more responsible for the outcome when they had consciously perceived pertinent information compared to when they only unconsciously perceived it. For bad outcomes, this effect was mediated by judgments about whether the agent should and could have consciously perceived pertinent information. These findings are interpreted within current theories of consciousness and responsibility and provide insights into how the public may judge someone as responsible for real-world successes and wrongdoing.","2025-07-01","2026-07-10 13:13:49","2026-07-17 06:24:53","2026-07-10 13:13:49","104757","","","119","","Journal of Experimental Social Psychology","Does conscious perception render agents more responsible?","53","","","","","","","","","","","ScienceDirect","","","","C:\Users\moin\Zotero\storage\2J4IBZ4L\S0022103125000381.html","","Traditional Match","Consciousness; Conscious perception; Responsibility judgment","","","","","","","","","","","","","","","","","","","","","","","","","","","","","","","","","","","","","","","","","","","","","",""
"VDVK94YR","journalArticle","2026","Peterson, Carole; Murphy, Aaron; Hallett, Darcy; Roberts, Pierce D.","Does priming lead to earlier memories, or just earlier dating of memories?","Memory","","0965-8211","10.1080/09658211.2026.2633432","https://doi.org/10.1080/09658211.2026.2633432","Several studies have reported that it is relatively easy to manipulate the age of people’s earliest memory through providing priming information or warm-up questions prior to recall. When given primes that differ (e.g. ages 2/3 versus 6), the memories participants retrieved were dated earlier when given early primes and later when given late primes. One proposed explanation is that differential primes foster memory retrieval from different ages. Here we explored whether the memories themselves were from earlier versus later in a person's life chronology, or whether all that was manipulated is the dating information attached to those memories. To do this, 200 young adults were informed that earliest memories typically date from either age 2 or 4, and given example vignettes. Participants then recalled and dated their earliest memory. Independent verification and dating was provided by 117 parents and data for the remaining 83 were imputed. Results showed that participants given earlier primes dated their first memory to younger ages than did participants given later primes, consistent with prior research. However, the ages of the memories did not differ between groups according to parental information. Thus, what is manipulated may only be the attached time-tags for the memories.","2026-04-21","2026-07-10 13:05:50","2026-07-17 06:24:53","2026-07-10 13:05:49","443-450","","4","34","","","","69","","","","Routledge","","","","","","","Taylor and Francis+NEJM","","_eprint: https://doi.org/10.1080/09658211.2026.2633432","","C:\Users\moin\Zotero\storage\JCIQZ9HF\Peterson et al. - 2026 - Does priming lead to earlier memories, or just earlier dating of memories.pdf","","Traditional Match","age estimates; childhood amnesia; dating memories; Earliest memories; event memories","","","","","","","","","","","","","","","","","","","","","","","","","","","","","","","","","","","","","","","","","","","","","",""
"HWSQI9XE","journalArticle","2025","Mizrahi, Or; Wilf, Meytal; Ovadia-Caro, Smadar","Overnight residues of sensorimotor aftereffects and lack of visuospatial aftereffects following a single prism exposure in healthy subjects","Cortex","","0010-9452","10.1016/j.cortex.2025.07.009","https://www.sciencedirect.com/science/article/pii/S001094522500187X","Prism adaptation (PA) is a visuomotor adaptation paradigm resulting in transient sensorimotor shifts. Previous work shows PA can cause additional changes in higher-level visuospatial representations in healthy subjects. In patients with neglect symptoms, records of beneficial visuospatial aftereffects of PA form the basis for its usage as a potential rehabilitation strategy. However, results in both patients and healthy subjects are mixed, with recent studies failing to replicate effects of PA on visuospatial representations. Here, we applied a single session of either right or left PA in healthy subjects (N = 85). Sensorimotor, proprioceptive, and visuospatial biases were measured at baseline, immediately after, 30 minutes, and 24 hours after PA. We found that PA has immediate and robust sensorimotor and proprioceptive aftereffects, replicating previous findings. Crucially, we find that despite expected decay, significant residues of sensorimotor aftereffects can last up to 24 h after PA. In contrast, no short or long-term aftereffects were found on visuospatial attention as measured by the grayscale judgment task. This null result was stable when taking the initial bias of attention orientation into account. No relationship was found between the degree of sensorimotor or proprioceptive responsiveness and visuospatial responsiveness. Our results suggest the effects of PA on the sensorimotor system are less transient than previously thought and are still evident after a night of sleep. Importantly, taken together with recently published null results for the visuospatial effects of PA using other tasks, we suggest these effects might be less extensive than previously reported in healthy subjects.","2025-10-01","2026-07-10 12:49:29","2026-07-17 06:24:53","2026-07-10 12:49:29","90-104","","","191","","Cortex","","24","","","","","","","","","","","ScienceDirect","","","","C:\Users\moin\Zotero\storage\AIPE64XJ\S001094522500187X.html","","Traditional Match","Attention orientation; Greyscale task; Prism adaptation; Pseudoneglect","","","","","","","","","","","","","","","","","","","","","","","","","","","","","","","","","","","","","","","","","","","","","",""
"6AK3ILZU","journalArticle","2022","Sato, Marc","Motor and visual influences on auditory neural processing during speaking and listening","Cortex","","0010-9452","10.1016/j.cortex.2022.03.013","https://www.sciencedirect.com/science/article/pii/S0010945222000892","During speaking or listening, endogenous motor or exogenous visual processes have been shown to fine-tune the auditory neural processing of incoming acoustic speech signal. To compare the impact of these cross-modal effects on auditory evoked responses, two sets of speech production and perception tasks were contrasted using EEG. In a first set, participants produced vowels in a self-paced manner while listening to their auditory feedback. Following the production task, they passively listened to the entire recorded speech sequence. In a second set, the procedure was identical except that participants also watched online their own articulatory movements. While both endogenous motor and exogenous visual processes fine-tuned auditory neural processing, these cross-modal effects were found to act differentially on the amplitude and latency of auditory evoked responses. A reduced amplitude was observed on auditory evoked responses during speaking compared to listening, irrespective of the auditory or audiovisual feedback. Adding orofacial visual movements to the acoustic speech signal also speeded up the latency of auditory evoked responses, irrespective of the perception or production task. Taken together, these results suggest distinct motor and visual influences on auditory neural processing, possibly through different neural gating and predictive mechanisms.","2022-07-01","2026-07-10 08:34:24","2026-07-17 06:24:53","2026-07-10 08:34:24","21-35","","","152","","Cortex","","33","","","","","","","","","","","ScienceDirect","","","","C:\Users\moin\Zotero\storage\Y2JIDTZX\S0010945222000892.html","","Traditional Match","EEG; Audiovisual speech perception; Corollary discharge; Efference copy; Readiness potential; Speaking-induced suppression; Speech production","","","","","","","","","","","","","","","","","","","","","","","","","","","","","","","","","","","","","","","","","","","","","",""
"QMW7CHW4","journalArticle","2025","Lei, Yatian; Wen, Fangfang; Zuo, Bin","Self-anchoring toward groups shapes changes in intergroup attitudes during intergroup interactions","Journal of Experimental Social Psychology","","0022-1031","10.1016/j.jesp.2025.104817","https://www.sciencedirect.com/science/article/pii/S0022103125000988","Previous research on intergroup interactions has offered rich theoretical explanations for how competition and cooperation influence intergroup relations, yet explanations for their contrasting effects on intergroup attitudes remain fragmented. This study investigated the role of self-anchoring in shaping intergroup attitudes during intergroup competition and cooperation. Across three experiments, we demonstrated that self-anchoring serves as a key psychological mechanism through which intergroup interaction influences intergroup attitudes. We examined both cognitive (personality trait similarity) and motivational (approach orientation reflected in psychological overlap) dimensions of self-anchoring. The findings showed that intergroup cooperation enhanced self-anchoring and improved attitudes toward the outgroup, relative to intergroup competition. The parallel mediation models confirmed that both cognitive and motivational dimensions of self-anchoring mediate the effects of intergroup interactions on outgroup attitudes. Further, experimental manipulation of self-anchoring resulted in corresponding changes in intergroup attitudes, confirming its causal role. These results illuminate how self-anchoring processes can explain the divergent effects of intergroup competition and cooperation on intergroup relations.","2025-11-01","2026-07-10 08:24:46","2026-07-17 06:24:53","2026-07-10 08:24:46","104817","","","121","","Journal of Experimental Social Psychology","","50","","","","","","","","","","","ScienceDirect","","","","C:\Users\moin\Zotero\storage\HNB7ILVH\S0022103125000988.html","","Traditional Match","Cooperation; Competition; Intergroup relations; Intergroup attitudes; Intergroup interaction; Self-anchoring","","","","","","","","","","","","","","","","","","","","","","","","","","","","","","","","","","","","","","","","","","","","","",""
"ANJ32JKZ","journalArticle","2023","Vázquez, Alexandra; Gómez, Ángel; López-Rodríguez, Lucía; Swann, William B.","Can identity fusion foster social harmony? Strongly fused individuals embrace familiar outgroup members unless threatened","Journal of Experimental Social Psychology","","0022-1031","10.1016/j.jesp.2023.104462","https://www.sciencedirect.com/science/article/pii/S0022103123000197","Past research has established that people whose identities are deeply aligned (“fused’) with a group endorse hostility toward distant outgroups (e.g., foreigners). We propose that identity fusion can have the opposite effect under certain conditions. Specifically, when the outgroup is familiar and non-threatening, strongly fused persons may be positively disposed toward its members. Four studies tested this hypothesis. In the baseline control conditions, strongly fused participants expressed more positive sentiments toward familiar outgroup members than weakly fused participants (Experiments 1–3). Only after any of three distinct forms of negative intergroup contact (direct, extended, and depersonalized extended) did strongly fused persons denigrate familiar outgroup members. This effect replicated in a prospective study (Experiment 4). These findings support Klein and Bastian's (2022) contention that identity fusion can serve as a secure base that encourages cooperation with members of non-threatening familiar outgroups.","2023-07-01","2026-07-10 08:19:35","2026-07-17 06:24:53","2026-07-10 08:19:35","104462","","","107","","Journal of Experimental Social Psychology","Can identity fusion foster social harmony?","55","","","","","","","","","","","ScienceDirect","","","","C:\Users\moin\Zotero\storage\E6963WBT\S0022103123000197.html; C:\Users\moin\Zotero\storage\7IERYQ5W\Vázquez et al. - 2023 - Can identity fusion foster social harmony Strongly fused individuals embrace familiar outgroup memb.pdf","","Traditional Match","Prejudice; Identity fusion; Intergroup hostility; Intergroup threat; Negative intergroup contact","","","","","","","","","","","","","","","","","","","","","","","","","","","","","","","","","","","","","","","","","","","","","",""
"7AN8JCIS","journalArticle","2019","Costello, Thomas H.; Smith, Sarah F.; Bowes, Shauna M.; Riley, Steven; Berns, Gregory S.; Lilienfeld, Scott O.","Risky business: Psychopathy, framing effects, and financial outcomes","Journal of Research in Personality","","0092-6566","10.1016/j.jrp.2018.11.006","https://www.sciencedirect.com/science/article/pii/S0092656618303672","Using a risky-choice framing paradigm, we investigated (a) the extent to which psychopathic features shape behavioral responses to potential losses vs. potential gains and (b) how these relations bear on real-world economic decision-making in a community sample (N =  475). Associations among psychopathic features, risk-seeking, sensitivity to framing, and financial practices were also examined. Disinhibition manifested positive relations with risk-seeking and maladaptive financial practices, whereas boldness manifested positive relations with risk-seeking and adaptive financial practices. Individuals high in disinhibition and/or meanness were significantly less likely to endorse risk seeking in negative frames. Results provisionally suggest boundary conditions for framing effects; in particular, certain psychopathic traits may render individuals modestly less susceptible to framing or bias them towards risk-taking in positive frames.","2019-02-01","2026-07-10 08:04:21","2026-07-17 06:24:53","2026-07-10 08:04:21","125-132","","","78","","Journal of Research in Personality","Risky business","58","","","","","","","","","","","ScienceDirect","","","","C:\Users\moin\Zotero\storage\XYWHVQYH\S0092656618303672.html","","Traditional Match","Individual differences; Boldness; Financial behaviors; Framing effects; Loss aversion; Psychopathy; Risk perception; Risk-taking; Triarchic model of psychopathy","","","","","","","","","","","","","","","","","","","","","","","","","","","","","","","","","","","","","","","","","","","","","",""
"86J8U2A3","journalArticle","2020","Rutherford, Ashleigh V.; Tanovic, Ema; Bradford, Daniel E.; Joormann, Jutta","Psychophysiological correlates of anxious apprehension: Trait worry is associated with startle response to threat","International Journal of Psychophysiology","","0167-8760","10.1016/j.ijpsycho.2020.09.020","https://www.sciencedirect.com/science/article/pii/S0167876020302439","Worry is a form of repetitive negative thought that is closely associated with anxiety disorders. Worry has been described as anxious apprehension and conceptualized as reflecting heightened anticipation of potentially threatening future events. However, it is unclear whether people who tend to worry show heightened physiological reactivity when anticipating threat, especially if the threat is uncertain. In the current study, community participants (n = 52) completed a threat anticipation task featuring uncertain threat, certain threat, and safety while the startle response to auditory probes was measured. Self-reported tendency to worry was assessed using the Penn State Worry Questionnaire, and anxiety disorder status was assessed via a clinical interview. A repeated-measures general linear model showed a main effect of threat level on the startle response, as well as a significant three-way interaction among threat level, worry, and anxiety disorder status. Follow-up tests showed that higher worry was associated with blunted startle responses to threat but particularly to uncertain threat among participants with a history of anxiety disorders. Worry did not moderate startle responding in participants without a history of anxiety disorders. These results indicate that psychophysiological correlates of worry depend on clinical status and suggest that trait worry is associated with physiological blunting to threat in individuals with a history of anxiety disorders, particularly when threat is uncertain. Implications for theoretical models of worry are discussed.","2020-12-01","2026-07-10 07:58:29","2026-07-17 06:24:53","2026-07-10 07:58:29","136-142","","","158","","International Journal of Psychophysiology","Psychophysiological correlates of anxious apprehension","48","","","","","","","","","","","ScienceDirect","","","","C:\Users\moin\Zotero\storage\FE7BZ7UD\S0167876020302439.html","","Traditional Match","Anxiety; Threat; Uncertainty; Psychophysiology; Startle response; Worry","","","","","","","","","","","","","","","","","","","","","","","","","","","","","","","","","","","","","","","","","","","","","",""
"DPGIIT8X","journalArticle","2022","Hlay, Jessica K.; Albert, Graham; Batres, Carlota; Waldron, Katja; Richardson, George; Placek, Caitlyn; Arnocky, Steven; Senveli, Zeynep; Lieberman, Debra; Hodges-Simeon, Carolyn R.","Disgust sensitivity predicts sociosexuality across cultures","Evolution and Human Behavior","","1090-5138","10.1016/j.evolhumbehav.2022.04.005","https://www.sciencedirect.com/science/article/pii/S1090513822000204","Restricted sociosexuality has been linked to sexual disgust, suggesting that decreasing sexual behavior may be a pathogen avoidance technique. Using the behavioral immune system framework, which posits that humans experience disgust after exposure to pathogen cues, we replicate and expand on previous studies by analyzing the influence of three domains of disgust (sexual, moral, pathogen) on psychological (desire and attitude) and behavioral domains of sociosexuality (SOI) in four diverse samples: American university students (n = 155), Salvadoran community members (n = 98), a global online sample (n = 359), and a four-country online sample (US, India, Italy, and Brazil; n = 822) collected during the SARS-CoV-2 pandemic. In contrast with previous studies, we account for shared variance in sexual, pathogen, and moral disgust by entering all three in a multiple regression to predict composite SOI. In both large samples, sexual disgust and pathogen disgust had opposing effects on composite SOI; that is, higher sexual disgust and lower pathogen disgust were associated with more restricted composite SOI. Additionally, we constructed a multi-group structural equation model (SEM) to determine the impact of each domain of disgust on each domain of SOI across all our samples simultaneously, while controlling for age and sex. Within this model we also assessed how the psychological domains of SOI – attitude and desire – mediate the relationship between disgust and sociosexual behavior. Pathogen disgust positively predicted SOI attitude and desire, but not behavior, consistently across all groups. SOI behavior was only predicted by pathogen disgust when mediated by SOI attitude, again across all groups, suggesting that behavior seems to be driven largely by the psychological facets of SOI. We discuss these findings in light of the behavioral immune system and the bet-hedging hypothesis, which make opposing predictions on the relationship between infection risk and sexual behavior.","2022-09-01","2026-07-10 07:48:14","2026-07-17 06:24:53","2026-07-10 07:48:14","335-346","","5","43","","Evolution and Human Behavior","","42","","","","","","","","","","","ScienceDirect","","","","C:\Users\moin\Zotero\storage\SG92S2VN\S1090513822000204.html","","Traditional Match","Sexual behavior; Cross-cultural research; Disgust; Behavioral immune system; Pathogen-avoidance; Sociosexual psychology","","","","","","","","","","","","","","","","","","","","","","","","","","","","","","","","","","","","","","","","","","","","","",""
"3C4XWQBG","journalArticle","2021","Woodruff Carr, Kali; Perszyk, Danielle R.; Norton, Elizabeth S.; Voss, Joel L.; Poeppel, David; Waxman, Sandra R.","Developmental changes in auditory-evoked neural activity underlie infants’ links between language and cognition","Developmental Science","","1467-7687","10.1111/desc.13121","https://onlinelibrary.wiley.com/doi/abs/10.1111/desc.13121","The power and precision with which humans link language to cognition is unique to our species. By 3–4 months of age, infants have already established this link: simply listening to human language facilitates infants’ success in fundamental cognitive processes. Initially, this link to cognition is also engaged by a broader set of acoustic stimuli, including non-human primate vocalizations (but not other sounds, like backwards speech). But by 6 months, non-human primate vocalizations no longer confer this cognitive advantage that persists for speech. What remains unknown is the mechanism by which these sounds influence infant cognition, and how this initially broader set of privileged sounds narrows to only human speech between 4 and 6 months. Here, we recorded 4- and 6-month-olds’ EEG responses to acoustic stimuli whose behavioral effects on infant object categorization have been previously established: infant-directed speech, backwards speech, and non-human primate vocalizations. We document that by 6 months, infants’ 4–9 Hz neural activity is modulated in response to infant-directed speech and non-human primate vocalizations (the two stimuli that initially support categorization), but that 4–9 Hz neural activity is not modulated at either age by backward speech (an acoustic stimulus that doesn't support categorization at either age). These results advance the prior behavioral evidence to suggest that by 6 months, speech and non-human primate vocalizations elicit distinct changes in infants’ cognitive state, influencing performance on foundational cognitive tasks such as object categorization.","2021","2026-07-09 11:37:43","2026-07-17 06:24:53","2026-07-09 11:37:43","e13121","","6","24","","","","39","","","","","","en","© 2021 John Wiley & Sons Ltd.","","","","Wiley Online Library","","_eprint: https://onlinelibrary.wiley.com/doi/pdf/10.1111/desc.13121","","C:\Users\moin\Zotero\storage\WJSVR4ZG\Woodruff Carr et al. - 2021 - Developmental changes in auditory-evoked neural activity underlie infants’ links between language an.pdf; C:\Users\moin\Zotero\storage\9YIM46SX\desc.html","","Traditional Match","language acquisition; conceptual development; developmental tuning; infant cognition; infant EEG; infant ERP","","","","","","","","","","","","","","","","","","","","","","","","","","","","","","","","","","","","","","","","","","","","","",""
"ZNYQ8S8E","journalArticle","2023","Anning, Kate L.; Langley, Kate; Hobson, Christopher; Van Goozen, Stephanie H. M.","Dimensional associations between executive function processes and symptoms of ADHD, ASD, oppositional defiance and anxiety in young school-referred children","Cortex","","0010-9452","10.1016/j.cortex.2023.06.005","https://www.sciencedirect.com/science/article/pii/S0010945223001600","Executive function (EF) difficulties are implicated in Neurodevelopmental Disorders (NDDs), such as Autism Spectrum Disorder (ASD) and Attention Deficit Hyperactivity Disorder (ADHD). Because NDDs are highly comorbid and frequently co-occur with additional clinical problems, it is unclear how specific EF problems are associated with symptoms of ASD and ADHD, whilst accounting for co-occurring anxiety or oppositional defiance disorder (ODD) symptoms. The current study utilised a large sample of young children (n = 438, aged 4–8) referred to Cardiff University's Neurodevelopment Assessment Unit (NDAU) by teachers for cognitive and/or socio-emotional problems. As part of the referral process, the teachers completed the Strengths and Difficulties Questionnaire (SDQ), which revealed that most children displayed moderate to high hyperactivity (86%) and prosocial (73%) problems, as well as high levels of symptoms in other clinical domains (41% emotional, 61% conduct and 68% peer problems). Children completed tasks to assess episodic memory, cognitive inhibition, cognitive flexibility and visuomotor control, whilst parents completed questionnaires to measure symptoms of ASD, ADHD, anxiety and ODD. Dimensional analyses showed that poorer cognitive inhibition and visuospatial episodic memory were significantly associated with ADHD symptoms, whereas cognitive flexibility was negatively associated with ODD symptoms. Having more ASD symptoms was associated with fewer cognitive inhibition problems, whereas anxiety was associated with better cognitive flexibility. Our approach to assessment and analysis shows that specific cognitive processes are associated with distinct neurodevelopmental and clinical symptoms, which is ultimately relevant to early identification of and intervention for young children at risk of cognitive and/or socio-emotional problems.","2023-10-01","2026-07-09 09:06:22","2026-07-17 06:24:53","2026-07-09 09:06:22","132-147","","","167","","Cortex","","32","","","","","","","","","","","ScienceDirect","","","","C:\Users\moin\Zotero\storage\YPGR4R3A\S0010945223001600.html; C:\Users\moin\Zotero\storage\RMDFI4KW\Anning et al. - 2023 - Dimensional associations between executive function processes and symptoms of ADHD, ASD, oppositiona.pdf","","Traditional Match","Anxiety; Neurodevelopmental disorders; Executive function; Attention deficit hyperactivity disorder; Autism; Oppositional defiance disorder; Transdiagnostic","","","","","","","","","","","","","","","","","","","","","","","","","","","","","","","","","","","","","","","","","","","","","",""
"FQT6FX4F","journalArticle","2020","Smith, Robert W.; Redden, Joseph P.","The role of holistic processing in simultaneous consumption","Journal of Experimental Social Psychology","","0022-1031","10.1016/j.jesp.2020.104023","https://www.sciencedirect.com/science/article/pii/S0022103120303632","People frequently consume multiple things simultaneously, such as listening to music while eating a snack. In this research, we show that the enjoyment of a simultaneous consumption experience depends on how one processes the multiple stimuli. Holistic processors focus more on how the multiple components come together as part of a coherent overall experience, while analytic processors focus more on each component as an isolated distinct experience. Five studies show that this attentional difference leads holistic processors to focus more on how the stimuli complement each other, which then increases perceptions of complementarity and subsequent enjoyment when the stimuli are at least somewhat complementary. The studies establish this enjoyment effect using manipulations, measures of ethnicity, and measures of natural processing style. The studies also establish two theoretically-relevant boundary conditions: holistic processing does not enhance enjoyment when the stimuli are (i) quite non-complementary, or (ii) consumed in isolation.","2020-11-01","2026-07-09 08:23:27","2026-07-17 06:24:53","2026-07-09 08:23:27","104023","","","91","","Journal of Experimental Social Psychology","","54","","","","","","","","","","","ScienceDirect","","","","C:\Users\moin\Zotero\storage\HXWLIAFV\S0022103120303632.html","","Traditional Match","Complementarity; Enjoyment; Holistic processing; Simultaneous consumption","","","","","","","","","","","","","","","","","","","","","","","","","","","","","","","","","","","","","","","","","","","","","",""
"2PRSP4RM","journalArticle","2023","Wirth, Benedikt Emanuel; Wentura, Dirk","Not lie detection but stereotypes: Response priming reveals a gender bias in facial trustworthiness evaluations","Journal of Experimental Social Psychology","","0022-1031","10.1016/j.jesp.2022.104406","https://www.sciencedirect.com/science/article/pii/S0022103122001251","Using an innovative variant of the response-priming paradigm, ten Brinke et al. (2014) seemingly found evidence for unconscious lie detection. In the present study, however, we conducted a reanalysis of this experiment showing that the data can be explained better by the assumption of a gender bias in facial trustworthiness evaluations than by the assumption of unconscious lie detection abilities. To corroborate the hypothesis that female faces are subjectively perceived as more trustworthy than male faces, we conducted two response-priming experiments: Participants (Ns = 39 and 61) had to categorize target words as truth-related or lie-related. These words were preceded by male and female face primes explicitly rated as trustworthy or untrustworthy by an independent sample. First, categorization times showed that trustworthy-appearing faces biased responses towards “truth” and untrustworthy-appearing faces biased responses towards “lie”. Second, within the group of trustworthy-appearing faces, there was a gender effect with female faces biasing responses towards “truth” and male faces biasing responses towards “lie”. These results suggest that (a) trustworthiness evaluations are biased by face gender and that (b) trustworthiness evaluations can be measured with the response-priming paradigm.","2023-01-01","2026-07-09 08:08:02","2026-07-17 06:24:53","2026-07-09 08:08:02","104406","","","104","","Journal of Experimental Social Psychology","Not lie detection but stereotypes","56","","","","","","","","","","","ScienceDirect","","","","C:\Users\moin\Zotero\storage\J4MAGVNA\S0022103122001251.html","","Traditional Match","Face evaluation; Lie detection; Response priming; Trustworthiness evaluation","","","","","","","","","","","","","","","","","","","","","","","","","","","","","","","","","","","","","","","","","","","","","",""
"BE26L8VF","journalArticle","2022","Kirmsse, Alexander; Zimmer, Hubert D.; Ecker, Ullrich K. H.","Task Demands Differentially Affect Processing of Intrinsic and                     Extrinsic Object Features in Working Memory","Experimental Psychology","","1618-3169","10.1027/1618-3169/a000572","https://econtent.hogrefe.com/doi/10.1027/1618-3169/a000572",". Some argue that visual working memory operates on                     integrated object representations. Here, we contend that obligatory feature                     integration occurs with intrinsic but not extrinsic object features. Working                     memory for shapes and colors was assessed using a change-detection task with a                     central test probe, while recording event-related potentials (ERPs). Color was                     either an intrinsic surface feature of a shape or connected to the shape via a                     proximal but spatially disjunct extrinsic frame. There were two types of test:                     The direct test required memory for shape and color; the indirect test required                     only shape memory. Study-test changes of color were therefore either                     task-relevant or task-irrelevant. We assessed performance costs and                     event-related potential (ERP) effects arising from color changes. In the direct                     test, performance was poorer for extrinsic than intrinsic stimuli; task-relevant                     color changes elicited enhanced frontal negativity (N2, FN400) for both                     intrinsic and extrinsic stimuli. In the indirect test, performance costs and ERP                     effects associated with irrelevant color change were larger for intrinsic than                     extrinsic stimuli. This suggests intrinsic information is more readily                     integrated into the working-memory representation and evaluated against the test                     probe. Findings imply that feature integration is not obligatory under all                     conditions but influenced by stimulus-driven and task-related focus of                     attention.","2022-11","2026-07-09 07:58:30","2026-07-17 06:24:53","2026-07-09 07:58:30","320-334","","6","69","","","","43","","","","Hogrefe Publishing","","","","","","","econtent.hogrefe.com (Atypon)","","","","C:\Users\moin\Zotero\storage\PFUNXT9P\Kirmsse et al. - 2022 - Task Demands Differentially Affect Processing of Intrinsic and                     Extrinsic Object.pdf","","Traditional Match","event-related potentials; working memory; feature binding; FN400; N2","","","","","","","","","","","","","","","","","","","","","","","","","","","","","","","","","","","","","","","","","","","","","",""
"47PSAH3B","journalArticle","2019","Noel, Jean-Paul; Faivre, Nathan; Magosso, Elisa; Blanke, Olaf; Alais, David; Wallace, Mark","Multisensory perceptual awareness: Categorical or graded?","Cortex","","0010-9452","10.1016/j.cortex.2019.05.018","https://www.sciencedirect.com/science/article/pii/S0010945219302291","Neural evidence suggests that mechanisms associated with conscious access (i.e., the ability to report on a conscious state) are “all-or-none”. Upon crossing some threshold, neural signals are globally broadcast throughout the brain and allow conscious reports. However, whether subjective experience (phenomenal consciousness) is categorical (i.e., transitioning abruptly from unconscious to conscious states) or graded (i.e., characterized by multiple intermediate states) remains an open question. To address this issue, we built a series of artificial neural networks containing distinct feedback connectivity from “multisensory” to “unisensory” cortices. In line with consciousness theories, we operationalized perceptual consciousness by the presence of feedback from higher-order nodes back to unisensory nodes which allow ‘neural ignition’ – a rapid, non-linear boost in response putatively leading to phenomenal consciousness. When simulating how these networks responded to unisensory and multisensory inputs, we found the fastest responses for multisensory presentations associated with multisensory feedback, and the slowest responses for multisensory presentations without feedback. Most interestingly, despite being built in line with “all-or-none” models of consciousness, multisensory stimuli associated with unisensory feedback (i.e., auditory or visual), and hence consistent with unisensory phenomenology according to theories of consciousness, generated intermediate reaction times. To extend these models to human perception and performance, we conducted extensive psychophysical testing in 29 subjects who each completed 10 h of a multisensory cue-congruency task. Consistent with the modeling results, we found that reaction times to multisensory cues reported as unisensory were intermediate between those of fully aware and fully unaware cues. These results support the existence of graded forms of phenomenological consciousness that can be instantiated by simple neural networks built in line with “all-or-none” models of consciousness.","2019-11-01","2026-07-09 07:43:45","2026-07-17 06:24:53","2026-07-09 07:43:45","169-180","","","120","","Cortex","Multisensory perceptual awareness","20","","","","","","","","","","","ScienceDirect","","","","C:\Users\moin\Zotero\storage\3WDNVUBD\S0010945219302291.html","","Traditional Match","Consciousness; Psychophysics; Multisensory; Global neuronal workspace; Neural networks","","","","","","","","","","","","","","","","","","","","","","","","","","","","","","","","","","","","","","","","","","","","","",""
"NGI87YY8","journalArticle","2023","Keating, Jennifer; Gerson, Sarah A.; Jones, Catherine R. G.; Vanderwert, Ross E.; Purcell, Catherine","Possible disrupted biological movement processing in Developmental Coordination Disorder","Cortex","","0010-9452","10.1016/j.cortex.2023.06.018","https://www.sciencedirect.com/science/article/pii/S0010945223001818","Aim There is emerging evidence that the Mirror Neuron System (MNS) might contribute to the motor learning difficulties characteristic of Developmental Coordination Disorder (DCD). This study aimed to identify whether MNS activity differed between children with and without DCD during action observation, action execution and during a non-action baseline. Methods Electroencephalography (EEG) was used to measure mu rhythm (a proxy for MNS activation) in 8-12-year-old children either with (n = 20) or without (n = 19) a diagnosis of DCD. The mu rhythm was recorded at rest and during five experimental conditions: (1) observation of gross motor and (2) fine motor actions; (3) execution of gross motor and (4) fine motor actions; and (5) non-biological movement. To address whether potential co-occurring traits of other neurodevelopmental conditions were associated with differences in mu rhythm, parents reported their child's attention and social communication skills. Mixed and repeated measure ANOVAs were conducted to examine differences in mu desynchronization and mu power respectively. Results The non-DCD group showed greater mu rhythm desynchronization than children with DCD (i.e., more MNS activity), with both groups demonstrating increasing desynchronization from observation of fine actions to execution of gross actions. However, we also found that the children with DCD had less mu power during the non-biological movement condition than the non-DCD children, although mu power did not differ between groups during the resting condition. Correlations between mu desynchronization and children's attention and motor skills showed that poorer attention and motor abilities were associated with reduced MNS activity. Conclusion Compared to children without DCD, the MNS in children with DCD did not distinguish between biological and non-biological movement. It is possible that the reduced specificity of the MNS in children with DCD is an underlying factor in the motor impairments observed in the disorder. The differential MNS activity could reflect broader atypical activity in perceptual networks that feed into the MNS in DCD.","2023-11-01","2026-07-09 07:32:28","2026-07-17 06:24:53","2026-07-09 07:32:28","1-13","","","168","","Cortex","","34","","","","","","","","","","","ScienceDirect","","","","C:\Users\moin\Zotero\storage\L8XLJDC7\S0010945223001818.html","","Traditional Match","Action execution; Action observation; Developmental coordination disorder; Mirror neuron system","","","","","","","","","","","","","","","","","","","","","","","","","","","","","","","","","","","","","","","","","","","","","",""
"QXTF5IIR","journalArticle","2023","Ten Brink, Antonia F.; van Heijst, Marlies; Portengen, Brendan L.; Naber, Marnix; Strauch, Christoph","Uncovering the (un)attended: Pupil light responses index persistent biases of spatial attention in neglect","Cortex","","0010-9452","10.1016/j.cortex.2023.06.008","https://www.sciencedirect.com/science/article/pii/S0010945223001673","Visuospatial neglect is a frequent and disabling disorder, mostly after stroke, that presents in impaired awareness to stimuli on one side of space. Neglect causes disability and functional dependence, even long after the injury. Improving measurements of the core attentional deficit might hold the key for better understanding of the condition and development of treatment. We present a rapid, pupillometry-based method that assesses automatic biases in (covert) attention, without requiring behavioral responses. We exploit the phenomenon that pupil light responses scale with the degree of covert attention to stimuli, and thereby reveal what draws (no) attention. Participants with left-sided neglect after right-sided lesions following stroke (n = 5), participants with hemianopia/quadrantanopia following stroke (n = 11), and controls (n = 22) were presented with two vertical bars, one of which was white and one of which was black, while fixating the center. We varied which brightness was left and right, respectively across trials. In line with the hypotheses, participants with neglect demonstrated biased pupil light responses to the brightness on the right side. Participants with hemianopia showed similar biases to intact parts of the visual field, whilst controls exhibited no bias. Together, this demonstrates that the pupil light response can reveal not only visual, but also attentional deficits. Strikingly, our pupillometry-based bias estimates were not in agreement with neuropsychological paper-and-pencil assessments conducted on the same day, but were with those administered in an earlier phase post-stroke. Potentially, we pick up on persistent biases in the covert attentional system that participants increasingly compensate for in classical neuropsychological tasks and everyday life. The here proposed method may not only find clinical application, but also advance theory and aid the development of successful restoration therapies by introducing a precise, longitudinally valid, and objective measurement that might not be affected by compensation.","2023-10-01","2026-07-06 12:49:23","2026-07-17 06:24:53","2026-07-06 12:49:23","101-114","","","167","","Cortex","Uncovering the (un)attended","22","","","","","","","","","","","ScienceDirect","","","","C:\Users\moin\Zotero\storage\ZZU7GDP7\S0010945223001673.html","","Traditional Match","Spatial attention; Hemianopia; Covert attention; Pupillometry; Unilateral neglect","","","","","","","","","","","","","","","","","","","","","","","","","","","","","","","","","","","","","","","","","","","","","",""
"L4NWBGPK","journalArticle","2023","Leiberg, Karoline; de Tisi, Jane; Duncan, John S.; Little, Bethany; Taylor, Peter N.; Vos, Sjoerd B.; Winston, Gavin P.; Mota, Bruno; Wang, Yujiang","Effects of anterior temporal lobe resection on cortical morphology","Cortex","","0010-9452","10.1016/j.cortex.2023.04.018","https://www.sciencedirect.com/science/article/pii/S0010945223001351","Neuroimaging can capture brain restructuring after anterior temporal lobe resection (ATLR), a surgical procedure to treat drug-resistant temporal lobe epilepsy (TLE). Here, we examine the effects of this surgery on brain morphology measured in recently-proposed independent variables. We studied 101 individuals with TLE (55 left, 46 right onset) who underwent ATLR. For each individual we considered one pre-surgical MRI and one follow-up MRI 2–13 months after surgery. We used a surface-based method to locally compute traditional morphological variables, and the independent measures K, I, and S, where K measures white matter tension, I captures isometric scaling, and S contains the remaining information about cortical shape. A normative model trained on data from 924 healthy controls was used to debias the data and account for healthy ageing effects occurring during scans. A SurfStat random field theory clustering approach assessed changes across the cortex caused by ATLR. Compared to preoperative data, surgery had marked effects on all morphological measures. Ipsilateral effects were located in the orbitofrontal and inferior frontal gyri, the pre- and postcentral gyri and supramarginal gyrus, and the lateral occipital gyrus and lingual cortex. Contralateral effects were in the lateral occipital gyrus, and inferior frontal gyrus and frontal pole. The restructuring following ATLR is reflected in widespread morphological changes, mainly in regions near the resection, but also remotely in regions that are structurally connected to the anterior temporal lobe. The causes could include mechanical effects, Wallerian degeneration, or compensatory plasticity. The study of independent measures revealed additional effects compared to traditional measures.","2023-09-01","2026-07-06 12:28:02","2026-07-17 06:24:53","2026-07-06 12:28:02","233-242","","","166","","Cortex","","26","","","","","","","","","","","ScienceDirect","","","","C:\Users\moin\Zotero\storage\GFUQD3LU\S0010945223001351.html","","Traditional Match","Cortical morphology; Epilepsy surgery; Structural MRI; Temporal lobe epilepsy","","","","","","","","","","","","","","","","","","","","","","","","","","","","","","","","","","","","","","","","","","","","","",""
"3QT8TFPA","journalArticle","2025","Santos, David; Ghodsinia, Arsham; Requero, Blanca; Gonçalves, Dilney; Briñol, Pablo; Petty, Richard E.","Certainty improves the predictive validity of Honesty-Humility and Dark Triad traits on cheating behavior","Journal of Experimental Social Psychology","","0022-1031","10.1016/j.jesp.2024.104694","https://www.sciencedirect.com/science/article/pii/S0022103124001070","This research examined the extent to which certainty can strengthen the relationship between individual differences and cheating behavior. In the first two studies, participants completed the Honesty-Humility or the Dark Triad scales. Then, they rated the certainty they had in their responses to each of those two inventories. In the third study, participants completed both scales within the same experimental design and were randomly assigned to a certainty vs. doubt condition. As the dependent variables, we used different cheating outcomes across studies. As predicted, the link between these two traits and cheating behavior was greater for participants with higher levels of certainty in their responses to the inventories (Studies 1 and 2) or for those assigned to the certainty (vs. doubt) condition (Study 3). Incorporating the certainty with which individuals hold their traits contributes to enhancing the predictive validity of personality measures relevant to cheating.","2025-01-01","2026-07-06 12:09:07","2026-07-17 06:24:53","2026-07-06 12:09:07","104694","","","116","","Journal of Experimental Social Psychology","","52","","","","","","","","","","","ScienceDirect","","","","C:\Users\moin\Zotero\storage\MPQ3QDGF\S0022103124001070.html","","Traditional Match","Dark Triad; personality; certainty; cheating; Honesty-humility; meta-cognition","","","","","","","","","","","","","","","","","","","","","","","","","","","","","","","","","","","","","","","","","","","","","",""
"TMRW8L9P","journalArticle","2025","Fajkowska, Małgorzata; Alessandri, Guido; Cyniak-Cieciura, Maria; Dobrowolski, Paweł; Filosa, Lorenzo; Popiel, Agnieszka; Zawadzki, Bogdan","Personality (in)coherence and protective/vulnerability factors in the context of prolonged stress","Journal of Research in Personality","","0092-6566","10.1016/j.jrp.2025.104668","https://www.sciencedirect.com/science/article/pii/S009265662500100X","Our study examined (a) how latent personality profiles based on temperament, anxiety, and depression types and (b) related stress-protective (higher well-being and lower psychological inflexibility) and stress-vulnerability (lower well-being and higher psychological inflexibility) factors (c) are associated with experienced COVID-19 stressors. Participants (N = 1278, 840 women and 437 men, aged 18–71) completed the short form of Anxiety and Depression Questionnaire (ADQ-SF), the Formal Characteristics of Behavior − Temperament Markers Inventory (FCB-TMI), the Positive Mental Health scale (PMH), the Satisfaction with Life Scale (SWLS), the Acceptance and Action Questionnaire-II (AAQ-II), and a questionnaire assessing stressors related to the COVID-19 pandemic. An 8-profile solution was chosen when constructing latent personality profiles. Our results indicate that the sanguine temperament (within coherent/incoherent personality structures, associated or not with affective types) is a protective factor under prolonged stress. A cumulative effect related to the occurrence of two or more affective types in incoherent melancholics and incoherent phlegmatics made them the most vulnerable to experiencing a low level of well-being, a high level of psychological inflexibility, and a high level of prolonged stress. Differences and similarities in the identified types were explained by the dominating elements in their structures and their functions in stimulation processing.","2025-12-01","2026-07-03 06:46:52","2026-07-17 06:24:53","2026-07-03 06:46:52","104668","","","119","","Journal of Research in Personality","","60","","","","","","","","","","","ScienceDirect","","","","C:\Users\moin\Zotero\storage\LB78UEB4\S009265662500100X.html","","Traditional Match","COVID-19 pandemic; Personality (in)coherence; Prolonged stress; Stress protective/vulnerability factors","","","","","","","","","","","","","","","","","","","","","","","","","","","","","","","","","","","","","","","","","","","","","",""
"HE4XRPN9","journalArticle","2024","Emadi Andani, Mehran; Barbiani, Diletta; Bonetto, Marco; Menegaldo, Rudy; Villa-Sánchez, Bernardo; Fiorio, Mirta","Preserving the placebo effect after disclosure: A new perspective on non-deceptive placebos","British Journal of Psychology","","2044-8295","10.1111/bjop.12696","https://onlinelibrary.wiley.com/doi/abs/10.1111/bjop.12696","The present study explores whether a particular style of placebo disclosure could serve as a tool to foster a renewed trust in one's own inherent resources and elicit a meaningful placebo effect. In a motor performance task, two placebo groups received inert transcutaneous electrical nerve stimulation (TENS) in each of four sessions along with information on its force-enhancing properties. Before the final session, one of the placebo groups was informed about the placebo, which was portrayed as a means to unleash an inherent potential. Along with force, we systematically monitored task-specific self-efficacy to test whether this variable would be differentially modulated in the two placebo groups. Compared to two control groups, placebo groups showed higher force and self-efficacy in the last session. No differences in self-efficacy were observed in the placebo groups even after revealing the placebo procedure, suggesting that the disclosure was effective in ‘safeguarding’ individuals' self-efficacy. These findings may have important implications, paving the way for the use of placebos that not only are ethically permissible but also support individuals' self-efficacy.","2024","2026-07-09 12:01:23","2026-07-17 06:24:45","2026-07-09 12:01:23","437-453","","3","115","","","Preserving the placebo effect after disclosure","6","","","","","","en","© 2024 The Author(s). British Journal of Psychology published by John Wiley & Sons Ltd on behalf of The British Psychological Society.","","","","Wiley Online Library","","_eprint: https://bpspsychub.onlinelibrary.wiley.com/doi/pdf/10.1111/bjop.12696","","C:\Users\moin\Zotero\storage\3LTR6HDR\Emadi Andani et al. - 2024 - Preserving the placebo effect after disclosure A new perspective on non-deceptive placebos.pdf","","Traditional Match","disclosure; self-efficacy; maximum voluntary force; placebo effect; verbal suggestions","","","","","","","","","","","","","","","","","","","","","","","","","","","","","","","","","","","","","","","","","","","","","",""
"SSUERGTP","journalArticle","2020","Jensen, Anne; Merz, Simon; Spence, Charles; Frings, Christian","Interference of irrelevant information in multisensory selection depends on attentional set","Attention, Perception, & Psychophysics","","1943-393X","10.3758/s13414-019-01848-8","https://doi.org/10.3758/s13414-019-01848-8","In the multisensory world in which we live, certain objects and events are of more relevance than others. In the laboratory, this broadly equates to the distinction between targets and distractors. In selection situations like the flanker task, the evidence suggests that the processing of multisensory distractors is influenced by attention. Here, multisensory distractor processing was investigated by modulating attentional set in three experiments in a flanker interference task, in which the targets were unisensory while the distractors were multisensory. Attentional set was modulated by making the target modality either predictable or unpredictable (Experiments 1 vs. 2, respectively). In Experiment 3, this manipulation was implemented on a within-experiment basis. Furthermore, the third experiment compared audiovisual distractors (used in all experiments) with distractors with one feature in a neutral modality (i.e., touch), that never appeared as the target modality in the flanker task. The results demonstrate that there was no interference from the response-compatible crossmodal distractor feature when the target modality was predictable (i.e., blocked). However, when the modality was varied on a trial-by-trial basis, this crossmodal feature significantly influenced information processing. By contrast, a multisensory distractor with a neutral crossmodal feature never influenced behavior. This finding suggests that the processing of multisensory distractors depends on attentional set. When the target modality varies randomly, participants include features from both modalities in their attentional set and the irrelevant crossmodal feature, now part of the set, influences information processing. In contrast, interference from the crossmodal distractor feature does not occur when it is not part of the attentional set.","2020-04-01","2026-07-14 07:54:24","2026-07-17 06:24:45","2026-07-14 07:54:24","1176-1195","","3","82","","Atten Percept Psychophys","","1","","","","","","en","","","","","Springer Link","","","","C:\Users\moin\Zotero\storage\EZ379CYU\Jensen et al. - 2020 - Interference of irrelevant information in multisensory selection depends on attentional set.pdf","","Traditional Match","Attentional set; Distractor processing; Multisensory perception; Multisensory selection","","","","","","","","","","","","","","","","","","","","","","","","","","","","","","","","","","","","","","","","","","","","","",""
"H7DJLGJ6","journalArticle","2022","Butter, Sarah; McGlinchey, Emily; Berry, Emma; Armour, Cherie","Psychological, social, and situational factors associated with COVID-19 vaccination intentions: A study of UK key workers and non-key workers","British Journal of Health Psychology","","2044-8287","10.1111/bjhp.12530","https://onlinelibrary.wiley.com/doi/abs/10.1111/bjhp.12530","Objectives Vaccine hesitancy is a growing concern and threat to public health. This research will begin to examine the relative influence of relevant psychological, social, and situational factors on intent to engage with a hypothetical COVID-19 vaccine among key workers and non-key workers. Design Cross-sectional. Methods The study utilized a sample of UK adults who completed the 1-month follow-up of The COVID-19 Psychological Wellbeing Study during April/May 2020 and indicated having not been previously diagnosed with COVID-19 (key workers n = 584; not key workers n = 1,021). These groups were compared in relation to their intentions to vaccinate, perceived risk of infection, and symptom severity. Binary logistic regression was used to examine predictors of vaccine hesitancy. Results Overall, 74.2% of the sample (76.2% key workers, 73.1% non-key workers) indicated they would accept a COVID-19 vaccine in future. Key workers (in particular health and social care workers) had a higher perceived risk of becoming infected in the coming months. For key workers, being female and perceiving oneself as having relatively low infection risk in the next 6 months was associated with increased likelihood of vaccine hesitancy. For non-key workers, however, being aged 25–54, having a low or average income and not knowing someone diagnosed with COVID-19 were associated with hesitancy. Conclusions The proportion of individuals willing to accept a vaccine is encouraging but there is much room for improvement. Given the unique predictors of vaccine hesitancy in each group, public health campaigns may benefit from targeted messaging.","2022","2026-07-14 06:47:16","2026-07-17 06:24:45","2026-07-14 06:47:16","13-29","","1","27","","","Psychological, social, and situational factors associated with COVID-19 vaccination intentions","4","","","","","","en","© 2021 The Authors. British Journal of Health Psychology published by John Wiley & Sons Ltd on behalf of British Psychological Society.","","","","Wiley Online Library","","_eprint: https://bpspsychub.onlinelibrary.wiley.com/doi/pdf/10.1111/bjhp.12530","","C:\Users\moin\Zotero\storage\QK778XB7\Butter et al. - 2022 - Psychological, social, and situational factors associated with COVID-19 vaccination intentions A st.pdf; C:\Users\moin\Zotero\storage\W8GYAWAI\bjhp.html","","Traditional Match","COVID-19; coronavirus; health behaviours; hesitancy; perceived risk; symptom severity; vaccine","","","","","","","","","","","","","","","","","","","","","","","","","","","","","","","","","","","","","","","","","","","","","",""
"SAACSQZK","journalArticle","2021","Rychlowska, Magdalena; van der Schalk, Job; Niedenthal, Paula; Martin, Jared; Carpenter, Stephanie M.; Manstead, Antony S. R.","Dominance, reward, and affiliation smiles modulate the meaning of uncooperative or untrustworthy behaviour","Cognition and Emotion","","0269-9931","10.1080/02699931.2021.1948391","https://doi.org/10.1080/02699931.2021.1948391","We investigated the effects of different types of smiles on the perception of uncooperative or untrustworthy behaviour. In five studies, participants assigned to one group played an economic game with a representative of another group. In an initial round, the representative acted uncooperatively by favouring their group and then displayed a dominance, reward, or affiliation smile. Participants rated the motives of the representative and played a second round of the game with a different member of the same outgroup. Following uncooperative or untrustworthy behaviour, affiliation smiles communicated less positivity and superiority, and a greater desire to both repair the relationship between groups and change the uncooperative decision than reward or dominance smiles. Perceptions of a desire to repair the relationship and to change the decision were associated with trust and cooperation in a subsequent round of the game. Together, these findings show that smiles that are subtly different in their morphology can convey different messages and highlight the importance of these expressions in influencing the perceptions of others’ intentions.","2021-10-03","2026-07-13 08:51:07","2026-07-17 06:24:45","2026-07-13 08:51:07","1281-1301","","7","35","","","","9","","","","Routledge","","","","","","","Taylor and Francis+NEJM","","_eprint: https://doi.org/10.1080/02699931.2021.1948391","","C:\Users\moin\Zotero\storage\89XK35VK\Rychlowska et al. - 2021 - Dominance, reward, and affiliation smiles modulate the meaning of uncooperative or untrustworthy beh.pdf","","Traditional Match","decision-making; trust; groups; facial expression; Smile","","","","","","","","","","","","","","","","","","","","","","","","","","","","","","","","","","","","","","","","","","","","","",""
"YC7ARG76","journalArticle","2021","Mukherjee, Sumitava; Srinivasan, Narayanan","Hedonic impacts of gains versus losses of time: are we loss averse?","Cognition and Emotion","","0269-9931","10.1080/02699931.2021.1907741","https://doi.org/10.1080/02699931.2021.1907741","A large part of our daily activities involves judging the psychological value of time. This study tested a previously less explored aspect about whether people are loss averse for time – i.e. do losses of time loom larger than corresponding gains? Using comparative hedonic judgments, the impact of prospective gains versus losses of time was examined for common contexts like waiting and local travel based on suggestions by typical navigation apps. The magnitude of time was varied without an explicit reference point (experiment 1) and with a clear reference without any overt consequence (experiment 2). The contextual nature of outcome along with magnitude was also manipulated (experiment 3). Prospective gains loomed as larger or equal to losses for low magnitudes while there was a trend of losses to loom larger than gains only for high magnitudes of time. These results weaken the empirical evidence for loss aversion and highlight its magnitude-dependent nature thus presenting a nuanced perspective to the affective psychology of time.","2021-07-04","2026-07-13 08:24:53","2026-07-17 06:24:45","2026-07-13 08:24:53","1049-1055","","5","35","","","Hedonic impacts of gains versus losses of time","10","","","","Routledge","","","","","","","Taylor and Francis+NEJM","","_eprint: https://doi.org/10.1080/02699931.2021.1907741","","C:\Users\moin\Zotero\storage\BYZAYMD8\Mukherjee and Srinivasan - 2021 - Hedonic impacts of gains versus losses of time are we loss averse.pdf","","Traditional Match","emotion; gains versus losses; loss aversion; magnitude; Psychology of time","","","","","","","","","","","","","","","","","","","","","","","","","","","","","","","","","","","","","","","","","","","","","",""
"69D3L6I5","journalArticle","2022","Helmich, Marieke A.; Wichers, Marieke; Peeters, Frenk; Snippe, Evelien","Daily dynamics of negative affect: indicators of rate of response to treatment and remission from depression?","Cognition and Emotion","","0269-9931","10.1080/02699931.2022.2129593","https://doi.org/10.1080/02699931.2022.2129593","More instability (MSSD) and variability (SD) of negative affect (NA) have been related to current and future depressive symptoms. We investigated whether NA instability and variability were predictive of the rate of symptom improvement during treatment and of reaching remission status. Forty-six individuals with major depressive disorder completed six days of ecological momentary assessments (10 beeps/day) before starting a combination of pharmacotherapy and supportive therapy. During and after treatment, the Hamilton Depression Rating Scale (HDRS) diagnostic interview was performed monthly for 18 months. The rate of change in HDRS scores over five months (during treatment) and remission status (HDRS ≤ 7) over eighteen months were predicted by the SD, MSSD and Mean of NA, and relevant baseline predictors. Higher Mean NA and baseline symptom severity, but not NA variability or instability, predicted stronger depressive symptom reduction during treatment. Higher odds of remitting were only associated with lower Mean NA. Higher mean NA may indicate more room for improvement and thus for a steeper rate of symptom change, while lower mean NA levels may imply that remission status is more readily reached. To resolve the inconclusive findings for instability and variability as predictors of symptom improvement replication in larger samples is required.","2022-11-17","2026-07-13 07:16:58","2026-07-17 06:24:45","2026-07-13 07:16:58","1594-1604","","8","36","","","Daily dynamics of negative affect","8","","","","Routledge","","","","","","","Taylor and Francis+NEJM","","_eprint: https://doi.org/10.1080/02699931.2022.2129593","","C:\Users\moin\Zotero\storage\CDMPW32D\Helmich et al. - 2022 - Daily dynamics of negative affect indicators of rate of response to treatment and remission from de.pdf","","Traditional Match","experience sampling method; destabilisation; emotion dynamics; Symptom improvement; treatment response","","","","","","","","","","","","","","","","","","","","","","","","","","","","","","","","","","","","","","","","","","","","","",""
"6CREAWYS","journalArticle","2024","Wheeler, Melissa A.; Wilson, Samuel G.; Baes, Naomi; Demsar, Vlad","A search for commonalities in defining the common good: Using folk theories to unlock shared conceptions","British Journal of Social Psychology","","2044-8309","10.1111/bjso.12713","https://onlinelibrary.wiley.com/doi/abs/10.1111/bjso.12713","Throughout the course of scholarly history, some concepts have been notoriously hard to define. The ‘common good’ is one such concept. While the common good has a long and contested scholarly history, social psychology research on folk theories – lay beliefs that represent an individual's informal and subjective understanding of the world – may provide a key for unlocking this nebulous concept. In the current paper, we analysed lay definitions of the common good using the linguistic inquiry and word count's meaning extraction method. From a nationally representative Australian sample of open-ended text responses (n = 14,303), we uncovered a consistent conceptual structure, with nine themes corresponding to three core aspects: (i) outcomes and objects, (ii) principles and processes and (iii) stakeholders and beneficiaries. From this, we developed a working definition of the folk concept of the common good: ‘achieving the best possible outcome for the largest number of people, which is underpinned by decision-making that is ethically and morally sound and varies by the context in which the decisions are made’. A working definition benefits the academic community and society more broadly, particularly when diverse stakeholders come together to act for the common good to address shared challenges.","2024","2026-07-13 06:42:33","2026-07-17 06:24:45","2026-07-13 06:42:33","956-974","","2","63","","","A search for commonalities in defining the common good","7","","","","","","en","© 2024 The Authors. British Journal of Social Psychology published by John Wiley & Sons Ltd on behalf of British Psychological Society.","","","","Wiley Online Library","","_eprint: https://bpspsychub.onlinelibrary.wiley.com/doi/pdf/10.1111/bjso.12713","","C:\Users\moin\Zotero\storage\TYKHF6NK\Wheeler et al. - 2024 - A search for commonalities in defining the common good Using folk theories to unlock shared concept.pdf","","Traditional Match","folk theories; morality; common good; language and discourse; LIWC; political party preference","","","","","","","","","","","","","","","","","","","","","","","","","","","","","","","","","","","","","","","","","","","","","",""
"93W7HAM9","journalArticle","2024","Xu, Lei; Cai, Biye; Yue, Chunlin; Wang, Aijun","Multisensory working memory capture of attention","Attention, Perception, & Psychophysics","","1943-393X","10.3758/s13414-024-02960-0","https://doi.org/10.3758/s13414-024-02960-0","During visual search, representations in working memory (WM) can guide the deployment of attention toward memory-matching visual input. Although previous studies have demonstrated that multisensory interactions facilitate WM and visual search, it remains unclear whether multisensory interaction influences attentional capture by WM. To address this issue, the present study adopted a dual-task paradigm, pairing a visual search task with a WM task, in which the memory modality was manipulated to be either visual or audiovisual. The results revealed that memory-driven attentional capture was observed under the visual and the audiovisual condition. Additionally, the capture effects and response time (RT) costs under the audiovisual condition were weaker than those under the visual condition, even on the trials with the earliest RTs. Furthermore, RT benefits under the audiovisual condition were comparable with those under the visual condition. These findings suggest that multisensory interactions can enhance cognitive control, leading to robust strategic effects and improved search performance. In this process, cognitive control tends to suppress the attentional capture by WM-matching distractors rather than enhance the attentional capture by WM-matching targets. The present study offers new insights into the influence of multisensory interactions on attentional capture by WM.","2024-10-01","2026-07-12 20:14:44","2026-07-17 06:24:45","2026-07-12 20:14:44","2363-2373","","7","86","","Atten Percept Psychophys","","2","","","","","","en","","","","","Springer Link","","","","C:\Users\moin\Zotero\storage\WRHB8AA2\Xu et al. - 2024 - Multisensory working memory capture of attention.pdf","","Traditional Match","Working memory; Attentional capture; Cognitive control; Visual search; Multisensory interaction","","","","","","","","","","","","","","","","","","","","","","","","","","","","","","","","","","","","","","","","","","","","","",""
"RA2C39P2","journalArticle","2023","Widlund, Anna; Tuominen, Heta; Korhonen, Johan","Reciprocal effects of mathematics performance, school engagement and burnout during adolescence","British Journal of Educational Psychology","","2044-8279","10.1111/bjep.12548","https://onlinelibrary.wiley.com/doi/abs/10.1111/bjep.12548","Background Transitioning into adolescence while simultaneously facing greater academic demands as the level of education increases often entails both academic challenges and general declines in students' school-related well-being. Still, however, relatively little is known about the causal relationship between students' academic well-being (i.e., school engagement and burnout) and their performance during the adolescent years. Aims This study examined longitudinal relations between adolescents' mathematics performance, school engagement and burnout (exhaustion, cynicism and inadequacy) across lower secondary education. Sample Data came from a longitudinal research project, following Finnish lower secondary school (grades 7–9) students (N = 1131) over 4 years (2016–2019). Methods Students completed standardized mathematics tests and self-report measures of school engagement and burnout at four time points, twice within both 7th and 9th grade. A random intercept cross-lagged panel model (RI-CLPM) was used to examine pathways between engagement, burnout and mathematics performance over time. Results Higher mathematics performance increased students' engagement and lowered their exhaustion and cynicism over time, whereas both engagement and exhaustion predicted higher performance. Negative relations were also found from inadequacy and cynicism on students' mathematics performance. Furthermore, school burnout predicted engagement both positively (from exhaustion) and negatively (from cynicism and inadequacy) within and between the school years, whereas engagement only predicted cynicism and inadequacy negatively within 7th grade. Conclusions Findings suggest that the overall relation between students' mathematics performance, engagement and burnout is rather reciprocal, but also, that the relations become more prominent over time, demonstrating the importance of supporting both learning and well-being in school.","2023","2026-07-12 19:58:59","2026-07-17 06:24:45","2026-07-12 19:58:59","183-197","","1","93","","","","3","","","","","","en","© 2022 The Authors. British Journal of Educational Psychology published by John Wiley & Sons Ltd on behalf of British Psychological Society.","","","","Wiley Online Library","","_eprint: https://bpspsychub.onlinelibrary.wiley.com/doi/pdf/10.1111/bjep.12548","","C:\Users\moin\Zotero\storage\67VLL74J\Widlund et al. - 2023 - Reciprocal effects of mathematics performance, school engagement and burnout during adolescence.pdf; C:\Users\moin\Zotero\storage\RVR79MKX\bjep.html","","Traditional Match","school engagement; cross-lagged panel model; longitudinal relations; mathematics performance; school burnout","","","","","","","","","","","","","","","","","","","","","","","","","","","","","","","","","","","","","","","","","","","","","",""
"6NSR968V","journalArticle","2025","Shani, Maor; Böttcher, Melina","How to make gluten-free friends: A quasi-experimental study on the psychosocial benefits of celiac camps","British Journal of Health Psychology","","2044-8287","10.1111/bjhp.70027","https://onlinelibrary.wiley.com/doi/abs/10.1111/bjhp.70027","Objectives Youth with Celiac Disease (CD) face social challenges, yet the benefits of specialized camps are under-researched. This study evaluated a week-long celiac camp's impact on social integration, illness identity, health management and health-related quality of life (HRQOL). Design A quasi-experimental waitlist design was used. Methods One hundred eleven youth with CD (ages 8–16, 65% female) were assigned to a one-week camp in Switzerland (intervention; n = 66; 41 children aged 8–12 years and 25 adolescents aged 13–16 years) or a waitlist comparison group (n = 45; 34 children and 11 adolescents). Pre- and post-camp surveys assessed psychosocial outcomes, including friendships, illness identity and peer support (adolescents only), dietary adherence, perceived competence, subjective well-being and age-adapted HRQOL. Linear mixed models were used to analyse intervention effects. Results Compared to the control group, camp participation significantly increased friendships with peers with CD and promoted a more adaptive illness identity among adolescents, especially for novice attendees. No effects were found for dietary adherence or perceived competence. Unexpectedly, campers reported a short-term worsening in the HRQOL domains of enjoyment (among children) and uncertainty (among adolescents) compared to the control, more strongly among novice campers. Conclusions Celiac camps effectively foster social integration and positive illness identity development. However, the short-term impact on HRQOL is complex and may reflect a challenging “re-entry” to daily life after a highly supportive experience. These findings highlight the benefits of celiac camps while stressing the need for longitudinal research to understand and optimize their long-term impact.","2025","2026-07-10 17:41:06","2026-07-17 06:24:45","2026-07-10 17:41:06","e70027","","4","30","","","How to make gluten-free friends","5","","","","","","en","© 2025 The Author(s). British Journal of Health Psychology published by John Wiley & Sons Ltd on behalf of British Psychological Society.","","","","Wiley Online Library","","_eprint: https://bpspsychub.onlinelibrary.wiley.com/doi/pdf/10.1111/bjhp.70027","","C:\Users\moin\Zotero\storage\CYR3RULM\Shani and Böttcher - 2025 - How to make gluten-free friends A quasi-experimental study on the psychosocial benefits of celiac c.pdf","","Traditional Match","peer support; celiac disease; chronic illness; health-related quality of life; illness identity; summer camps","","","","","","","","","","","","","","","","","","","","","","","","","","","","","","","","","","","","","","","","","","","","","",""
"JZ2NZIN5","journalArticle","2022","Mygind, Lærke; Elsborg, Peter; Schipperijn, Jasper; Boruff, Bryan; Lum, Jarrad A. G.; Bølling, Mads; Flensborg-Madsen, Trine; Bentsen, Peter; Enticott, Peter G.; Christian, Hayley","Is vegetation cover in key behaviour settings important for early childhood socioemotional function? A preregistered, cross-sectional study","Developmental Science","","1467-7687","10.1111/desc.13200","https://onlinelibrary.wiley.com/doi/abs/10.1111/desc.13200","The environmental influences on early childhood development are understudied. The association between vegetation cover (i.e., trees, shrubs, grassed areas) in four key behaviour settings and socioemotional functioning was investigated in 1196 young children (2–5 years). Emotional difficulties were inversely associated with vegetation cover in the home yard (OR: 0.81 [0.69—0.96]) and neighbourhood (OR: 0.79 [0.67–0.94]), but not in early childhood education and care (ECEC) centre outdoor areas or the ECEC neighbourhood. The higher odds of emotional difficulties associated with lower levels of maternal education was reduced with higher percentages of home yard vegetation cover. There was no evidence of mediation of the relationship between emotional difficulties and vegetation cover by time spent playing outside the home, day or nighttime sleep duration, or physical activity. We found no associations between vegetation cover and conduct, hyperactivity and inattention, peer difficulties, or prosocial behaviours. A video abstract of this article can be viewed at https://www.youtube.com/watch?v=J3HeEiIjVZc","2022","2026-07-13 09:05:06","2026-07-17 06:23:48","2026-07-13 09:05:06","e13200","","3","25","","","Is vegetation cover in key behaviour settings important for early childhood socioemotional function?","38","","","","","","en","© 2021 John Wiley & Sons Ltd.","","","","Wiley Online Library","","_eprint: https://onlinelibrary.wiley.com/doi/pdf/10.1111/desc.13200","","C:\Users\moin\Zotero\storage\S7VHRXK4\Mygind et al. - 2022 - Is vegetation cover in key behaviour settings important for early childhood socioemotional function.pdf; C:\Users\moin\Zotero\storage\QTNM8Q9R\desc.html","","Preregistered Match","socioecology; wellbeing; daycare; kindergarten; nature; outdoor play","","","","","","","","","","","","","","","","","","","","","","","","","","","","","","","","","","","","","","","","","","","","","",""
"6S3S4PH8","journalArticle","2010","Durisko, Corrine; Fiez, Julie A.","Functional activation in the cerebellum during working memory and simple speech tasks","Cortex","","0010-9452","10.1016/j.cortex.2009.09.009","https://www.sciencedirect.com/science/article/pii/S001094520900272X","Verbal working memory is the ability to temporarily store and manipulate verbal information. This study tested the predictions of a neuroanatomical model of how the cerebellum contributes to verbal working memory (Desmond et al., 1997). In this model, a large bilateral region in the superior cerebellum is associated with articulatory rehearsal and a right-lateralized region in the inferior cerebellum is associated with the correction of errors within the working memory system. The Desmond et al. (1997) model was based on neuroimaging findings using item recognition tasks and comparisons between working memory and covert rehearsal tasks, whereas in this functional magnetic resonance imaging (fMRI) study we used a delayed serial recall (DSR) task because it relies more heavily on articulatory rehearsal, and our comparison tasks included both overt and covert speech tasks. Our results provide some support for the Desmond et al. (1997) model. In particular, we found multiple activation foci within the superior and inferior sectors of the cerebellum and evidence that these regions show different patterns of activation across working memory and speech tasks. However, the specific patterns of activation were not fully consistent with those reported by Desmond et al. (1997). Namely, our results indicate that activation in the superior sector should be functionally subdivided into a medial focus involved in speech processing and a lateral focus more specific to verbal working memory; the results also indicate that activation in the inferior sector is not uniquely right lateralized. These complex findings speak to the need for future studies to consider the speech-motor aspects of tasks, to investigate the functional significance of adjacent peaks of activation within large regions of cerebellar activation, and to use analysis procedures that support regional distinctions through direct statistical tests. Such studies would help to refine our understanding of how the cerebellum contributes to speech and verbal working memory.","2010-07-01","2026-07-16 12:57:20","2026-07-16 12:57:43","2026-07-16 12:57:20","896-906","","7","46","","Cortex","","30","","","","","","","","","","","ScienceDirect","","","","C:\Users\moin\Zotero\storage\WXB9H54W\Durisko and Fiez - 2010 - Functional activation in the cerebellum during working memory and simple speech tasks.pdf","","Traditional 2010","Speech production; Cerebellum; Verbal working memory","","","","","","","","","","","","","","","","","","","","","","","","","","","","","","","","","","","","","","","","","","","","","",""
"GLBHIKVJ","journalArticle","2010","Stine-Morrow, Elizabeth A. L.; Noh, Soo Rim; Shake, Matthew C.","Age Differences in the Effects of Conceptual Integration Training on Resource Allocation in Sentence Processing","Quarterly Journal of Experimental Psychology","","1747-0218, 1747-0226","10.1080/17470210903330983","https://journals.sagepub.com/doi/10.1080/17470210903330983","This research examined age differences in the accommodation of reading strategies as a consequence of explicit instruction in conceptual integration. In Experiment 1, young, middle-aged, and older adults read sentences for delayed recall using a moving-window method. Readers in an experimental group received instruction in making conceptual links during reading while readers in a control group were simply encouraged to allocate effort. Regression analysis to decompose word-by-word reading times in each condition isolated the time allocated to conceptual processing at the point in the text at which new concepts were introduced, as well as at clause and sentence boundaries. While younger adults responded to instructions by differentially allocating effort to sentence wrap-up, older adults allocated effort to intrasentence wrap-up and on new concepts as they were introduced, suggesting that older readers optimized their allocation of effort to linguistic computations for textbase construction within their processing capacity. Experiment 2 verified that conceptual integration training improved immediate recall among older readers as a consequence of engendering allocation to conceptual processing.","2010-07","2026-07-16 12:43:50","2026-07-16 12:43:56","2026-07-16 12:43:50","1430-1455","","7","63","","Quarterly Journal of Experimental Psychology","","100","","","","","","en","https://journals.sagepub.com/page/policies/text-and-data-mining-license","","","","DOI.org (Crossref)","","","","C:\Users\moin\Zotero\storage\J9B22TCN\Stine-Morrow et al. - 2010 - Age Differences in the Effects of Conceptual Integration Training on Resource Allocation in Sentence.pdf","","Traditional 2010","","","","","","","","","","","","","","","","","","","","","","","","","","","","","","","","","","","","","","","","","","","","","","",""
"NDE8WSUH","journalArticle","2010","Mercer, Tom; McKeown, Denis","Rapid Communication: Interference in Short-Term Auditory Memory","Quarterly Journal of Experimental Psychology","","1747-0218, 1747-0226","10.1080/17470211003802467","https://journals.sagepub.com/doi/10.1080/17470211003802467","Although interference is a well-established forgetting function in short-term auditory memory, an adequate understanding of its underlying mechanisms and time course has yet to be attained. The present study therefore aimed to explore these issues in memory for timbre. Listeners compared standard and comparison complex tones, having distinct timbres (four components varying in frequency), over a 4.7-s retention interval and made a same–different response. This interval either was silent or included one of 15 distractor tones occurring 0 ms, 100 ms, or 1,200 ms after the standard. These distractors varied in the extent to which the frequencies of their component tones were shared with the standard. Performance in comparing the two tones was significantly impaired by distractors composed of novel frequencies, regardless of the temporal position at which the distractor occurred. These results were fully compatible with the recent timbre memory model (McKeown & Wellsted, 2009) and suggested that interference in auditory memory operates via a feature-overwriting mechanism.","2010-07","2026-07-16 12:42:01","2026-07-16 12:42:06","2026-07-16 12:42:01","1256-1265","","7","63","","Quarterly Journal of Experimental Psychology","Rapid Communication","99","","","","","","en","https://journals.sagepub.com/page/policies/text-and-data-mining-license","","","","DOI.org (Crossref)","","","","C:\Users\moin\Zotero\storage\V44BTYRY\Mercer and McKeown - 2010 - Rapid Communication Interference in Short-Term Auditory Memory.pdf","","Traditional 2010","","","","","","","","","","","","","","","","","","","","","","","","","","","","","","","","","","","","","","","","","","","","","","",""
"BCVAELFI","journalArticle","2010","Luo, Chunming; Lupiáñez, Juan; Funes, María Jesús; Fu, Xiaolan","Modulation of spatial Stroop by object-based attention but not by space-based attention","Quarterly Journal of Experimental Psychology","","1747-0218, 1747-0226","10.1080/17470210903004638","https://journals.sagepub.com/doi/10.1080/17470210903004638","Earlier studies have shown that the spatial Stroop effect systematically decreases when a peripheral precue is presented at the same location as the target, compared to an uncued location condition. In this study, two experiments were conducted to explore whether the cueing modulation of spatial Stroop is object based and/or space based. In Experiment 1, we found evidence favouring the view that the cueing modulation of the spatial Stroop effect is entirely object based, as no differences were found in conflict reduction for the same-location and same-object conditions. In Experiment 2, the cue was predictive, and a similar object-based modulation of spatial Stroop was still observed. However, the direction of such modulation was affected by the rectangles’ orientation. Overall, the pattern of results obtained favours the object-integration (Lupiáñez & Milliken, 1999; Lupiáñez, Milliken, Solano, Weaver, & Tipper, 2001) and referential-coding accounts (Danziger, Kingstone, & Ward, 2001) and seems to provide evidence against the attention-shift account (Rubichi, Nicoletti, Iani, & Umilta, 1997; Stoffer, 1991).","2010-03","2026-07-16 12:41:11","2026-07-16 12:41:17","2026-07-16 12:41:11","516-530","","3","63","","Quarterly Journal of Experimental Psychology","","98","","","","","","en","https://journals.sagepub.com/page/policies/text-and-data-mining-license","","","","DOI.org (Crossref)","","","","C:\Users\moin\Zotero\storage\MKBPPCGY\Luo et al. - 2010 - Modulation of spatial Stroop by object-based attention but not by space-based attention.pdf","","Traditional 2010","","","","","","","","","","","","","","","","","","","","","","","","","","","","","","","","","","","","","","","","","","","","","","",""
"HPU9GG9S","journalArticle","2010","Rakow, Tim; Newell, Ben R.; Zougkou, Konstantina","The Role of Working Memory in Information Acquisition and Decision Making: Lessons from the Binary Prediction Task","Quarterly Journal of Experimental Psychology","","1747-0218, 1747-0226","10.1080/17470210903357945","https://journals.sagepub.com/doi/10.1080/17470210903357945","The effects of memory constraints upon information acquisition and decision making were examined in two experiments using binary prediction tasks, where participants observe outcomes for two options before deciding which one to bet upon. Our studies extend previous investigations to the case where participants learn the structure of the task through observation, but where information acquisition is separated from the task of prediction. Participants with higher cognitive capacity (larger memory span or higher intelligence) were more likely to adopt the “maximizing” strategy (always selecting the more frequent alternative). This finding conflicts with some recent investigations of similar tasks, a contrast that implies that the presence of feedback on choices may be important in determining the strategic actions of high-capacity individuals. Participants selecting the optimal strategy were in turn more efficient in their data acquisition. The behaviour of participants adopting suboptimal choice strategies was consistent with prediction based upon a “narrow window of experience”—that is, seeking to match the characteristics of small samples of observations.","2010-07","2026-07-16 12:39:39","2026-07-16 12:39:44","2026-07-16 12:39:39","1335-1360","","7","63","","Quarterly Journal of Experimental Psychology","The Role of Working Memory in Information Acquisition and Decision Making","97","","","","","","en","https://journals.sagepub.com/page/policies/text-and-data-mining-license","","","","DOI.org (Crossref)","","","","C:\Users\moin\Zotero\storage\JF6IWEIV\Rakow et al. - 2010 - The Role of Working Memory in Information Acquisition and Decision Making Lessons from the Binary P.pdf","","Traditional 2010","","","","","","","","","","","","","","","","","","","","","","","","","","","","","","","","","","","","","","","","","","","","","","",""
"TLYLDNR5","journalArticle","2010","Kappenman, Emily S.; Luck, Steven J.","The effects of electrode impedance on data quality and statistical significance in ERP recordings","Psychophysiology","","00485772, 14698986","10.1111/j.1469-8986.2010.01009.x","https://onlinelibrary.wiley.com/doi/10.1111/j.1469-8986.2010.01009.x","","2010-03","2026-07-16 12:37:51","2026-07-16 12:37:56","2026-07-16 12:37:51","","","","","","","","96","","","","","","en","http://doi.wiley.com/10.1002/tdm_license_1.1","","","","DOI.org (Crossref)","","","","C:\Users\moin\Zotero\storage\TXL48V83\Kappenman and Luck - 2010 - The effects of electrode impedance on data quality and statistical significance in ERP recordings.pdf","","Traditional 2010","","","","","","","","","","","","","","","","","","","","","","","","","","","","","","","","","","","","","","","","","","","","","","",""
"KXFXRA4R","journalArticle","2010","Sass, Sarah M.; Heller, Wendy; Stewart, Jennifer L.; Silton, Rebecca Levin; Edgar, J. Christopher; Fisher, Joscelyn E.; Miller, Gregory A.","Time course of attentional bias in anxiety: Emotion and gender specificity","Psychophysiology","","00485772, 14698986","10.1111/j.1469-8986.2009.00926.x","https://onlinelibrary.wiley.com/doi/10.1111/j.1469-8986.2009.00926.x","","2010-03","2026-07-16 12:36:12","2026-07-16 12:36:20","2026-07-16 12:36:12","247-259","","2","47","","","Time course of attentional bias in anxiety","95","","","","","","en","http://doi.wiley.com/10.1002/tdm_license_1.1","","","","DOI.org (Crossref)","","","","C:\Users\moin\Zotero\storage\9FT2KDAZ\Sass et al. - 2010 - Time course of attentional bias in anxiety Emotion and gender specificity.pdf","","Traditional 2010","","","","","","","","","","","","","","","","","","","","","","","","","","","","","","","","","","","","","","","","","","","","","","",""
"7U6VECHJ","journalArticle","2010","Calmels, Claire; Hars, Magaly; Jarry, Gilbert; Stam, Cornelis J.","Non-linear EEG synchronization during observation: Effects of instructions and expertise","Psychophysiology","","00485772, 14698986","10.1111/j.1469-8986.2010.00985.x","https://onlinelibrary.wiley.com/doi/10.1111/j.1469-8986.2010.00985.x","","2010-02","2026-07-16 12:32:51","2026-07-16 12:32:59","2026-07-16 12:32:51","","","","","","","Non-linear EEG synchronization during observation","94","","","","","","en","http://doi.wiley.com/10.1002/tdm_license_1.1","","","","DOI.org (Crossref)","","","","C:\Users\moin\Zotero\storage\DY75PBTS\Calmels et al. - 2010 - Non-linear EEG synchronization during observation Effects of instructions and expertise.pdf","","Traditional 2010","","","","","","","","","","","","","","","","","","","","","","","","","","","","","","","","","","","","","","","","","","","","","","",""
"VE7S6ZTW","journalArticle","2010","Czernochowski, Daniela; Nessler, Doreen; Friedman, David","On why not to rush older adults-relying on reactive cognitive control can effectively reduce errors at the expense of slowed responses","Psychophysiology","","00485772, 14698986","10.1111/j.1469-8986.2009.00973.x","https://onlinelibrary.wiley.com/doi/10.1111/j.1469-8986.2009.00973.x","","2010-01","2026-07-16 12:31:24","2026-07-16 12:31:32","2026-07-16 12:31:24","","","","","","","","93","","","","","","en","http://doi.wiley.com/10.1002/tdm_license_1.1","","","","DOI.org (Crossref)","","","","C:\Users\moin\Zotero\storage\X2DF32KW\Czernochowski et al. - 2010 - On why not to rush older adults-relying on reactive cognitive control can effectively reduce errors.pdf","","Traditional 2010","","","","","","","","","","","","","","","","","","","","","","","","","","","","","","","","","","","","","","","","","","","","","","",""
"N7GDLL2Z","journalArticle","2010","Herbert, Beate M.; Pollatos, Olga; Flor, Herta; Enck, Paul; Schandry, Rainer","Cardiac awareness and autonomic cardiac reactivity during emotional picture viewing and mental stress","Psychophysiology","","00485772, 14698986","10.1111/j.1469-8986.2009.00931.x","https://onlinelibrary.wiley.com/doi/10.1111/j.1469-8986.2009.00931.x","","2010-03","2026-07-16 12:30:05","2026-07-16 12:30:13","2026-07-16 12:30:05","342-354","","2","47","","","","92","","","","","","en","http://doi.wiley.com/10.1002/tdm_license_1.1","","","","DOI.org (Crossref)","","","","C:\Users\moin\Zotero\storage\JM8IMQLC\Herbert et al. - 2010 - Cardiac awareness and autonomic cardiac reactivity during emotional picture viewing and mental stres.pdf","","Traditional 2010","","","","","","","","","","","","","","","","","","","","","","","","","","","","","","","","","","","","","","","","","","","","","","",""
"FKJ48YAP","journalArticle","2010","Jesse, Alexandra; Massaro, Dominic W.","Seeing a singer helps comprehension of the song’s lyrics","Psychonomic Bulletin & Review","","1069-9384, 1531-5320","10.3758/PBR.17.3.323","http://link.springer.com/10.3758/PBR.17.3.323","","2010-06","2026-07-16 12:27:47","2026-07-16 12:27:58","2026-07-16 12:27:47","323-328","","3","17","","Psychonomic Bulletin & Review","","91","","","","","","en","http://www.springer.com/tdm","","","","DOI.org (Crossref)","","","","C:\Users\moin\Zotero\storage\YM4NBY9J\Jesse and Massaro - 2010 - Seeing a singer helps comprehension of the song’s lyrics.pdf","","Traditional 2010","","","","","","","","","","","","","","","","","","","","","","","","","","","","","","","","","","","","","","","","","","","","","","",""
"XJ7569SB","journalArticle","2010","Mitterer, Holger; Jesse, Alexandra","Correlation versus causation in multisensory perception","Psychonomic Bulletin & Review","","1069-9384, 1531-5320","10.3758/PBR.17.3.329","http://link.springer.com/10.3758/PBR.17.3.329","","2010-06","2026-07-16 11:59:09","2026-07-16 11:59:23","2026-07-16 11:59:09","329-334","","3","17","","Psychonomic Bulletin & Review","","90","","","","","","en","http://www.springer.com/tdm","","","","DOI.org (Crossref)","","","","C:\Users\moin\Zotero\storage\5GGA2KST\Mitterer and Jesse - 2010 - Correlation versus causation in multisensory perception.pdf","","Traditional 2010","","","","","","","","","","","","","","","","","","","","","","","","","","","","","","","","","","","","","","","","","","","","","","",""
"8D2838MS","journalArticle","2010","Stanley, Damian M.; Cumming, Jennifer","Are we having fun yet? Testing the effects of imagery use on the affective and enjoyment responses to acute moderate exercise","Psychology of Sport and Exercise","","14690292","10.1016/j.psychsport.2010.06.010","https://linkinghub.elsevier.com/retrieve/pii/S1469029210000877","","2010-11","2026-07-16 11:56:30","2026-07-16 11:56:38","2026-07-16 11:56:30","582-590","","6","11","","Psychology of Sport and Exercise","Are we having fun yet?","89","","","","","","en","https://www.elsevier.com/tdm/userlicense/1.0/","","","","DOI.org (Crossref)","","","","C:\Users\moin\Zotero\storage\V7RJYINA\Stanley and Cumming - 2010 - Are we having fun yet Testing the effects of imagery use on the affective and enjoyment responses t.pdf","","Traditional 2010","","","","","","","","","","","","","","","","","","","","","","","","","","","","","","","","","","","","","","","","","","","","","","",""
"W4TMXYAS","journalArticle","2010","Gunn, Rachel L.; Smith, Gregory T.","Risk factors for elementary school drinking: Pubertal status, personality, and alcohol expectancies concurrently predict fifth grade alcohol consumption.","Psychology of Addictive Behaviors","","1939-1501, 0893-164X","10.1037/a0020334","https://doi.apa.org/doi/10.1037/a0020334","","2010-12","2026-07-16 11:52:45","2026-07-16 11:52:56","2026-07-16 11:52:45","617-627","","4","24","","Psychology of Addictive Behaviors","Risk factors for elementary school drinking","87","","","","","","en","","","","","DOI.org (Crossref)","","","","C:\Users\moin\Zotero\storage\8ALMZR96\Gunn and Smith - 2010 - Risk factors for elementary school drinking Pubertal status, personality, and alcohol expectancies.pdf","","Traditional 2010","","","","","","","","","","","","","","","","","","","","","","","","","","","","","","","","","","","","","","","","","","","","","","",""
"TJUHF4ZQ","journalArticle","2010","Armeli, Stephen; Conner, Tamlin S.; Cullum, Jerry; Tennen, Howard","A longitudinal analysis of drinking motives moderating the negative affect-drinking association among college students.","Psychology of Addictive Behaviors","","1939-1501, 0893-164X","10.1037/a0017530","https://doi.apa.org/doi/10.1037/a0017530","","2010-03","2026-07-16 11:50:42","2026-07-16 11:50:58","2026-07-16 11:50:42","38-47","","1","24","","Psychology of Addictive Behaviors","","86","","","","","","en","","","","","DOI.org (Crossref)","","","","C:\Users\moin\Zotero\storage\RJSXI7GS\Armeli et al. - 2010 - A longitudinal analysis of drinking motives moderating the negative affect-drinking association amon.pdf","","Traditional 2010","","","","","","","","","","","","","","","","","","","","","","","","","","","","","","","","","","","","","","","","","","","","","","",""
"T3R973L9","journalArticle","2010","Palfai, Tibor P.; Ostafin, Brian D.","Action identification of drinking and self-control.","Psychology of Addictive Behaviors","","1939-1501, 0893-164X","10.1037/a0018249","https://doi.apa.org/doi/10.1037/a0018249","","2010-03","2026-07-16 11:48:40","2026-07-16 11:48:47","2026-07-16 11:48:40","145-150","","1","24","","Psychology of Addictive Behaviors","","85","","","","","","en","","","","","DOI.org (Crossref)","","","","C:\Users\moin\Zotero\storage\Z9WXUHYH\Palfai and Ostafin - 2010 - Action identification of drinking and self-control..pdf","","Traditional 2010","","","","","","","","","","","","","","","","","","","","","","","","","","","","","","","","","","","","","","","","","","","","","","",""
"44MXRWVU","journalArticle","2011","Churchill, Sue; Jessop, Donna Catherine","Too impulsive for implementation intentions? Evidence that impulsivity moderates the effectiveness of an implementation intention intervention","Psychology & Health","","0887-0446","10.1080/08870441003611536","https://doi.org/10.1080/08870441003611536","Objective: The reported research explored whether impulsivity moderated the effectiveness of an implementation intention prompt to increase fruit and vegetable consumption. Design: The study employed a prospective experimental design. At Time 1, participants completed a measure of impulsivity. At Time 2, participants in the experimental condition formed implementation intentions to increase their fruit and vegetable intake by two extra portions daily over the following 7 days. Participants in the control condition performed an equivalent neutral task. At Time 3, participants reported their fruit and vegetable consumption over the preceding 7 days. Results: The impulsivity dimension urgency moderated the effectiveness of the implementation intention intervention. Implementation intention formation only prompted fruit and vegetable consumption amongst those with low levels of urgency. Implementation intention formation did not increase consumption amongst those high in urgency. Conclusion: The findings suggest that implementation intention interventions may fail to promote goal attainment for those high in impulsivity.","2011-05-01","2026-07-16 11:46:34","2026-07-16 11:46:41","2026-07-16 11:46:34","517-530","","5","26","","","Too impulsive for implementation intentions?","82","","","","Routledge","","","","","","","Taylor and Francis+NEJM","","_eprint: https://doi.org/10.1080/08870441003611536","","C:\Users\moin\Zotero\storage\MSEMFCIU\Churchill and Jessop - 2011 - Too impulsive for implementation intentions Evidence that impulsivity moderates the effectiveness o.pdf","","Traditional 2010","implementation intentions; fruit and vegetable consumption; impulsivity","","","","","","","","","","","","","","","","","","","","","","","","","","","","","","","","","","","","","","","","","","","","","",""
"VMULX32M","journalArticle","2011","Dittner, Antonia J.; Rimes, Katharine; Thorpe, Susan","Negative perfectionism increases the risk of fatigue following a period of stress","Psychology & Health","","0887-0446","10.1080/08870440903225892","https://doi.org/10.1080/08870440903225892","Cognitive-behavioural models of excessive fatigue suggest that people who believe that failure to meet high standards indicates unacceptability to others (a form of ‘negative perfectionism’) are at risk of fatigue after a period of illness or stress. The present study investigates this using a prospective design and possible mediating factors between such beliefs and fatigue were also investigated. Undergraduate students completed questionnaires at the beginning of the academic year (time 1; n = 436) and again following a time of academic pressure, 16 weeks later (time 2; n = 206). Participants were significantly more fatigued at time 2 than at time 1. Negative perfectionism was positively associated with all measures of fatigue and predicted subsequent levels of physical fatigue after controlling for time 1 fatigue. Time 1 negative perfectionism was not associated with time 2 perfectionist studying behaviours, distress about academic work or specific health behaviours, but was associated with time 2 depression. Results also indicated that time 2 depression may account for the relationship between baseline negative perfectionism and subsequent fatigue. This is the first prospective study to demonstrate a significant relationship between perfectionism and subsequent fatigue.","2011-03-01","2026-07-16 11:45:29","2026-07-16 11:45:43","2026-07-16 11:45:29","253-268","","3","26","","","","83","","","","Routledge","","","","","","","Taylor and Francis+NEJM","","_eprint: https://doi.org/10.1080/08870440903225892","","C:\Users\moin\Zotero\storage\6R7XVQIB\Dittner et al. - 2011 - Negative perfectionism increases the risk of fatigue following a period of stress.pdf","","Traditional 2010","depression; perfectionism; chronic fatigue; chronic fatigue syndrome; cognitive behavioural; fatigue","","","","","","","","","","","","","","","","","","","","","","","","","","","","","","","","","","","","","","","","","","","","","",""
"9H6LEV5N","journalArticle","2011","Jellesma, Francine C.; Rieffe, C.; Meerum Terwogt, Mark; Westenberg, P.M.","Children's sense of coherence and trait emotional intelligence: A longitudinal study exploring the development of somatic complaints","Psychology & Health","","0887-0446","10.1080/08870440903411021","https://doi.org/10.1080/08870440903411021","The objective of this study was to investigate the prospective relationships between sense of coherence, trait emotional intelligence and children's somatic complaints. The study included four waves of data collection with six months in between each wave. Participants were 324 girls and 393 boys (mean age = 10 years and 3 months, SD = 8.5 months) at the first time of data collection. The children filled out self-report questionnaires concerning their somatic complaints, sense of coherence and trait emotional intelligence. Multilevel model analyses were carried out that included cross-sectional and longitudinal effects of sense of coherence and trait emotional intelligence on children's somatic complaints. The results showed that higher levels of trait emotional intelligence and a stronger sense of coherence were associated with fewer somatic complaints in children. These relationships seemed to be bidirectional.","2011-03-01","2026-07-16 11:42:54","2026-07-16 11:43:01","2026-07-16 11:42:54","307-320","","3","26","","","Children's sense of coherence and trait emotional intelligence","84","","","","Routledge","","","","","","","Taylor and Francis+NEJM","","_eprint: https://doi.org/10.1080/08870440903411021","","C:\Users\moin\Zotero\storage\5E9A9GJC\Jellesma et al. - 2011 - Children's sense of coherence and trait emotional intelligence A longitudinal study exploring the d.pdf","","Traditional 2010","stress; adolescents; children; physical complaint","","","","","","","","","","","","","","","","","","","","","","","","","","","","","","","","","","","","","","","","","","","","","",""
"NIEL6J8H","journalArticle","2010","Sakai, Tetsuya; Isarida, Toshiko K.; Isarida, Takeo","Context-dependent effects of background colour in free recall with spatially grouped words","Memory","","0965-8211, 1464-0686","10.1080/09658211.2010.508748","http://www.tandfonline.com/doi/abs/10.1080/09658211.2010.508748","","2010-10","2026-07-15 13:25:26","2026-07-15 13:25:33","2026-07-15 13:25:26","743-753","","7","18","","Memory","","70","","","","","","en","","","","","DOI.org (Crossref)","","","","C:\Users\moin\Zotero\storage\JIWWCUJJ\Sakai et al. - 2010 - Context-dependent effects of background colour in free recall with spatially grouped words.pdf","","Traditional 2010","","","","","","","","","","","","","","","","","","","","","","","","","","","","","","","","","","","","","","","","","","","","","","",""
"IVRKK7YW","journalArticle","2010","Sheldon, Signy A. M.; Moscovitch, Morris","Recollective performance advantages for implicit memory tasks","Memory","","0965-8211, 1464-0686","10.1080/09658211.2010.499876","http://www.tandfonline.com/doi/abs/10.1080/09658211.2010.499876","","2010-10","2026-07-15 13:24:01","2026-07-15 13:24:07","2026-07-15 13:24:01","681-697","","7","18","","Memory","","69","","","","","","en","","","","","DOI.org (Crossref)","","","","C:\Users\moin\Zotero\storage\S9LKDB22\Sheldon and Moscovitch - 2010 - Recollective performance advantages for implicit memory tasks.pdf","","Traditional 2010","","","","","","","","","","","","","","","","","","","","","","","","","","","","","","","","","","","","","","","","","","","","","","",""
"U3MBAJBE","journalArticle","2010","Hanslmayr, Simon; Leipold, Philipp; Bäuml, Karl-Heinz","Anticipation boosts forgetting of voluntarily suppressed memories","Memory","","0965-8211, 1464-0686","10.1080/09658210903476548","http://www.tandfonline.com/doi/abs/10.1080/09658210903476548","","2010-04","2026-07-15 13:23:00","2026-07-15 13:23:06","2026-07-15 13:23:00","252-257","","3","18","","Memory","","68","","","","","","en","","","","","DOI.org (Crossref)","","","","C:\Users\moin\Zotero\storage\XSV9H4PG\Hanslmayr et al. - 2010 - Anticipation boosts forgetting of voluntarily suppressed memories.pdf","","Traditional 2010","","","","","","","","","","","","","","","","","","","","","","","","","","","","","","","","","","","","","","","","","","","","","","",""
"3PL5GZ5Y","journalArticle","2010","Roach, Jason","Home is where the heart lies? A study of false address giving to police","Legal and Criminological Psychology","","1355-3259, 2044-8333","10.1348/135532509X466344","https://bpspsychub.onlinelibrary.wiley.com/doi/10.1348/135532509X466344","Purpose.               The purpose of the present paper is to identify the cognitive processes associated with the construction of a false address, and explore how this can be used to identify and trace those who give a false address to police. It is hypothesized that most people find it difficult to spontaneously fabricate an entire false address. As a consequence they provide identifiable clues as to the real address being concealed.                                         Methods.               A quasi‐experimental research design was employed where 142 students were first asked to generate a false address and second to analyse it to ascertain how random they considered it to be.                                         Results.               Participants, overwhelmingly, stated that the false addresses generated contained elements of truth which could be used to identify their real place of residence. Although most participants appeared capable of generating bona fide false postcodes, comparison with an official UK postcode list identified over 60% did not actually exist.                                         Conclusion.               People generally rely on pre‐existing address knowledge as opposed to random generation, with the latter appearing more cognitively effortful. As such, they often unwittingly provide clues to the real address being concealed, therefore, affording increased possibilities in identifying them as liars at point of contact and in tracing them after the fact.","2010-09","2026-07-15 13:20:51","2026-07-15 13:20:57","2026-07-15 13:20:51","209-220","","2","15","","Legal Criminol Psychol","Home is where the heart lies?","67","","","","","","en","http://onlinelibrary.wiley.com/termsAndConditions#vor","","","","DOI.org (Crossref)","","","","C:\Users\moin\Zotero\storage\IA89NMYM\Roach - 2010 - Home is where the heart lies A study of false address giving to police.pdf","","Traditional 2010","","","","","","","","","","","","","","","","","","","","","","","","","","","","","","","","","","","","","","","","","","","","","","",""
"GIW6HX9F","journalArticle","2010","Redlich, Allison D.; Summers, Alicia; Hoover, Steven","Self-reported false confessions and false guilty pleas among offenders with mental illness.","Law and Human Behavior","","1573-661X, 0147-7307","10.1007/s10979-009-9194-8","https://doi.apa.org/doi/10.1007/s10979-009-9194-8","","2010-02","2026-07-15 13:18:54","2026-07-15 13:18:59","2026-07-15 13:18:54","79-90","","1","34","","Law and Human Behavior","","66","","","","","","en","","","","","DOI.org (Crossref)","","","","C:\Users\moin\Zotero\storage\WYS834AR\Redlich et al. - 2010 - Self-reported false confessions and false guilty pleas among offenders with mental illness..pdf","","Traditional 2010","","","","","","","","","","","","","","","","","","","","","","","","","","","","","","","","","","","","","","","","","","","","","","",""
"XLVP58QZ","journalArticle","2009","Camilleri, Adrian R.; Newell, Ben R.","The role of representation in experience-based choice","Judgment and Decision Making","","1930-2975","10.1017/S1930297500001315","https://www.cambridge.org/core/journals/judgment-and-decision-making/article/role-of-representation-in-experiencebased-choice/794BEE2D9EFFA833F0E02DFA7EC97DEE","Recently it has been observed that different choices can be made about structurally identical risky decisions depending on whether information about outcomes and their probabilities is learned by description or from experience. Current evidence is equivocal with respect to whether this choice “gap” is entirely an artefact of biased samples. The current experiment investigates whether a representational bias exists at the point of encoding by examining choice in light of decision makers’ mental representations of the alternatives, measured with both verbal and nonverbal judgment probes. We found that, when estimates were gauged by the nonverbal probe, participants presented with information in description format (as opposed to experience) had a greater tendency to overestimate rare events and underestimate common events. The choice gap, however, remained even when accounting for this judgment distortion and the effects of sampling bias. Indeed, participants’ estimation of the outcome distribution did not mediate their subsequent choice. It appears that experience-based choices may derive from a process that does not explicitly use probability information.","2009-12","2026-07-15 13:13:04","2026-07-15 13:13:15","2026-07-15 13:13:04","518-529","","7","4","","","","64","","","","","","en","","","","","Cambridge University Press","","","","C:\Users\moin\Zotero\storage\XZ7JMSNY\Camilleri and Newell - 2009 - The role of representation in experience-based choice.pdf","","Traditional 2010","uncertainty; judgment; decision making; decision from experience; description-experience gap; probability; representation","","","","","","","","","","","","","","","","","","","","","","","","","","","","","","","","","","","","","","","","","","","","","",""
"EIMVIQD4","journalArticle","2010","Terracciano, Antonio; McCrae, Robert R.; Costa, Paul T.","Intra-individual change in personality stability and age","Journal of Research in Personality","","00926566","10.1016/j.jrp.2009.09.006","https://linkinghub.elsevier.com/retrieve/pii/S0092656609002025","","2010-02","2026-07-15 13:08:10","2026-07-15 13:08:16","2026-07-15 13:08:10","31-37","","1","44","","Journal of Research in Personality","","63","","","","","","en","https://www.elsevier.com/tdm/userlicense/1.0/","","","","DOI.org (Crossref)","","","","C:\Users\moin\Zotero\storage\XAYVTYDR\Terracciano et al. - 2010 - Intra-individual change in personality stability and age.pdf","","Traditional 2010","","","","","","","","","","","","","","","","","","","","","","","","","","","","","","","","","","","","","","","","","","","","","","",""
"3BD9YDSB","journalArticle","2010","Stroud, Catherine B.; Durbin, C. Emily; Saigal, Seema D.; Knobloch-Fedders, Lynne M.","Normal and abnormal personality traits are associated with marital satisfaction for both men and women: An Actor–Partner Interdependence Model analysis","Journal of Research in Personality","","00926566","10.1016/j.jrp.2010.05.011","https://linkinghub.elsevier.com/retrieve/pii/S0092656610000826","","2010-08","2026-07-15 13:07:22","2026-07-15 13:07:36","2026-07-15 13:07:22","466-477","","4","44","","Journal of Research in Personality","Normal and abnormal personality traits are associated with marital satisfaction for both men and women","62","","","","","","en","https://www.elsevier.com/tdm/userlicense/1.0/","","","","DOI.org (Crossref)","","","","C:\Users\moin\Zotero\storage\6HQ5SXMU\Stroud et al. - 2010 - Normal and abnormal personality traits are associated with marital satisfaction for both men and wom.pdf","","Traditional 2010","","","","","","","","","","","","","","","","","","","","","","","","","","","","","","","","","","","","","","","","","","","","","","",""
"2HTCKZ3A","journalArticle","2010","Carver, Charles S.; Sinclair, Sungchoon; Johnson, Sheri L.","Authentic and hubristic pride: Differential relations to aspects of goal regulation, affect, and self-control","Journal of Research in Personality","","00926566","10.1016/j.jrp.2010.09.004","https://linkinghub.elsevier.com/retrieve/pii/S0092656610001236","","2010-12","2026-07-15 13:06:13","2026-07-15 13:06:19","2026-07-15 13:06:13","698-703","","6","44","","Journal of Research in Personality","Authentic and hubristic pride","61","","","","","","en","https://www.elsevier.com/tdm/userlicense/1.0/","","","","DOI.org (Crossref)","","","","C:\Users\moin\Zotero\storage\J28P69X4\Carver et al. - 2010 - Authentic and hubristic pride Differential relations to aspects of goal regulation, affect, and sel.pdf","","Traditional 2010","","","","","","","","","","","","","","","","","","","","","","","","","","","","","","","","","","","","","","","","","","","","","","",""
"42T3466W","journalArticle","2010","Shaw, Tyler H.; Matthews, Gerald; Warm, Joel S.; Finomore, Victor S.; Silverman, Leanne; Costa, Paul T.","Individual differences in vigilance: Personality, ability and states of stress","Journal of Research in Personality","","00926566","10.1016/j.jrp.2010.02.007","https://linkinghub.elsevier.com/retrieve/pii/S009265661000053X","","2010-06","2026-07-15 12:51:41","2026-07-15 12:51:46","2026-07-15 12:51:41","297-308","","3","44","","Journal of Research in Personality","Individual differences in vigilance","60","","","","","","en","","","","","DOI.org (Crossref)","","","","C:\Users\moin\Zotero\storage\WSH7R5F3\Shaw et al. - 2010 - Individual differences in vigilance Personality, ability and states of stress.pdf","","Traditional 2010","","","","","","","","","","","","","","","","","","","","","","","","","","","","","","","","","","","","","","","","","","","","","","",""
"EXDJFNQK","journalArticle","2010","Turan, Bulent; Horowitz, Leonard M.","The motive for support and the identification of responsive partners","Journal of Research in Personality","","00926566","10.1016/j.jrp.2010.03.007","https://linkinghub.elsevier.com/retrieve/pii/S0092656610000516","","2010-06","2026-07-15 12:50:45","2026-07-15 12:50:51","2026-07-15 12:50:45","342-352","","3","44","","Journal of Research in Personality","","59","","","","","","en","","","","","DOI.org (Crossref)","","","","C:\Users\moin\Zotero\storage\8R5FA4HW\Turan and Horowitz - 2010 - The motive for support and the identification of responsive partners.pdf","","Traditional 2010","","","","","","","","","","","","","","","","","","","","","","","","","","","","","","","","","","","","","","","","","","","","","","",""
"DAK9DSW9","journalArticle","2010","Wirth, James H.; Lynam, Donald R.; Williams, Kipling D.","When social pain is not automatic: Personality disorder traits buffer ostracism’s immediate negative impact","Journal of Research in Personality","","00926566","10.1016/j.jrp.2010.03.001","https://linkinghub.elsevier.com/retrieve/pii/S0092656610000322","","2010-06","2026-07-15 12:49:31","2026-07-15 12:49:39","2026-07-15 12:49:31","397-401","","3","44","","Journal of Research in Personality","When social pain is not automatic","58","","","","","","en","","","","","DOI.org (Crossref)","","","","C:\Users\moin\Zotero\storage\DX5ZBJIB\Wirth et al. - 2010 - When social pain is not automatic Personality disorder traits buffer ostracism’s immediate negative.pdf","","Traditional 2010","","","","","","","","","","","","","","","","","","","","","","","","","","","","","","","","","","","","","","","","","","","","","","",""
"YBI9DBQ2","journalArticle","2010","Rule, Nicholas O.; Garrett, James V.; Ambady, Nalini","Places and faces: Geographic environment influences the ingroup memory advantage.","Journal of Personality and Social Psychology","","1939-1315, 0022-3514","10.1037/a0018589","https://doi.apa.org/doi/10.1037/a0018589","","2010-03","2026-07-15 12:47:11","2026-07-15 12:47:17","2026-07-15 12:47:11","343-355","","3","98","","Journal of Personality and Social Psychology","Places and faces","57","","","","","","en","","","","","DOI.org (Crossref)","","","","C:\Users\moin\Zotero\storage\G5NPUPPZ\Rule et al. - 2010 - Places and faces Geographic environment influences the ingroup memory advantage..pdf","","Traditional 2010","","","","","","","","","","","","","","","","","","","","","","","","","","","","","","","","","","","","","","","","","","","","","","",""
"J78HELWM","journalArticle","2010","Bernstein, Michael J.; Sacco, Donald F.; Brown, Christina M.; Young, Steven G.; Claypool, Heather M.","A preference for genuine smiles following social exclusion","Journal of Experimental Social Psychology","","0022-1031","10.1016/j.jesp.2009.08.010","https://www.sciencedirect.com/science/article/pii/S0022103109002133","Research indicates that rejected individuals are better than others at discriminating between genuine (Duchenne) and deceptive (non-Duchenne) smiles (i.e., true versus false signals of affiliative opportunity). We hypothesized that rejected individuals would show a greater preference to work with individuals displaying Duchenne versus non-Duchenne smiles. To test this, participants wrote essays about experiences of inclusion, exclusion, or mundane events. They then saw a series of 20 videos of smiling individuals (10 with Duchenne and 10 with non-Duchenne smiles). Participants then indicated how much they would like to work with each target. Analyses revealed that compared to included and control participants, excluded individuals showed a greater preference to work with individuals displaying “real” as opposed to “fake” smiles. This effect was partially mediated by threats to “relational needs” (Williams, 2007) and fully mediated by threats to self-esteem. These results suggest that exclusion yields adaptive responses that could facilitate reconnection with others.","2010-01-01","2026-07-15 12:45:44","2026-07-15 12:45:58","2026-07-15 12:45:44","196-199","","1","46","","Journal of Experimental Social Psychology","","56","","","","","","","","","","","ScienceDirect","","","","C:\Users\moin\Zotero\storage\HILNYU64\Bernstein et al. - 2010 - A preference for genuine smiles following social exclusion.pdf","","Traditional 2010","Emotions; Ostracism; Social exclusion; Face perception; Smiles","","","","","","","","","","","","","","","","","","","","","","","","","","","","","","","","","","","","","","","","","","","","","",""
"M8WFUJMF","journalArticle","2010","Wilson, John Paul; Hugenberg, Kurt","When under threat, we all look the same: Distinctiveness threat induces ingroup homogeneity in face memory","Journal of Experimental Social Psychology","","0022-1031","10.1016/j.jesp.2010.07.005","https://www.sciencedirect.com/science/article/pii/S0022103110001563","The current research investigated the well-established outgroup homogeneity effect in face memory (worse recognition for outgroup faces than ingroup faces). Because past research has shown that group distinctiveness threat can enhance ingroup homogeneity, of interest in the current research was whether distinctiveness threat affects face recognition. Across two studies, we found that threatening White American participants’ ethnic distinctiveness led to a reduction in same-race face recognition. In other words, distinctiveness threat created ingroup homogeneity in face memory. In both studies, distinctiveness threat led Whites’ same-race recognition to drop to cross-race levels. Implications were discussed in terms of how the structure of intergroup relations may drive intergroup differences in face memory.","2010-11-01","2026-07-15 12:44:39","2026-07-15 12:44:53","2026-07-15 12:44:39","1004-1010","","6","46","","Journal of Experimental Social Psychology","When under threat, we all look the same","55","","","","","","","","","","","ScienceDirect","","","","C:\Users\moin\Zotero\storage\PWWUDEJL\Wilson and Hugenberg - 2010 - When under threat, we all look the same Distinctiveness threat induces ingroup homogeneity in face.pdf","","Traditional 2010","Social identity; Intergroup relations; Social cognition; Person perception; Intergroup processes","","","","","","","","","","","","","","","","","","","","","","","","","","","","","","","","","","","","","","","","","","","","","",""
"S3GT88LS","journalArticle","2010","Morewedge, Carey K.; Gilbert, Daniel T.; Myrseth, Kristian Ove R.; Kassam, Karim S.; Wilson, Timothy D.","Consuming experience: Why affective forecasters overestimate comparative value","Journal of Experimental Social Psychology","","0022-1031","10.1016/j.jesp.2010.07.010","https://www.sciencedirect.com/science/article/pii/S0022103110001617","The hedonic value of an outcome can be influenced by the alternatives to which it is compared, which is why people expect to be happier with outcomes that maximize comparative value (e.g., the best of several mediocre alternatives) than with outcomes that maximize absolute value (e.g., the worst of several excellent alternatives). The results of five experiments suggest that affective forecasters overestimate the importance of comparative value because forecasters do not realize that comparison requires cognitive resources, and that experiences consume more cognitive resources than do forecasts. In other words, because forecasters overestimate the extent to which they will be able to think about what they did not get while experiencing what they got.","2010-11-01","2026-07-15 12:43:20","2026-07-15 12:43:34","2026-07-15 12:43:20","986-992","","6","46","","Journal of Experimental Social Psychology","Consuming experience","54","","","","","","","","","","","ScienceDirect","","","","C:\Users\moin\Zotero\storage\HGGGZ5FF\Morewedge et al. - 2010 - Consuming experience Why affective forecasters overestimate comparative value.pdf","","Traditional 2010","Attention; Affective forecasting; Comparison; Contrast effect; Judgment and decision making","","","","","","","","","","","","","","","","","","","","","","","","","","","","","","","","","","","","","","","","","","","","","",""
"NHGAQ4ZK","journalArticle","2010","Fishbach, Ayelet; Zhang, Ying; Trope, Yaacov","Counteractive evaluation: Asymmetric shifts in the implicit value of conflicting motivations","Journal of Experimental Social Psychology","","0022-1031","10.1016/j.jesp.2009.09.008","https://www.sciencedirect.com/science/article/pii/S0022103109002297","Four studies investigate asymmetric shifts in the implicit value of goal and temptation that pose a self-control dilemma. We find that accessible goals reduce the implicit positive valence of tempting alternatives, whereas accessible temptations increase the implicit positive valence of goal alternatives. We observe these asymmetric shifts across two self-regulatory domains: healthful food consumption (vs. indulgence) and the pursuit of academic excellence (vs. leisure). These findings suggest that two conflicting motivations can exert opposite influence on each other’s implicit evaluation.","2010-01-01","2026-07-15 12:41:55","2026-07-15 12:42:21","2026-07-15 12:41:55","29-38","","1","46","","Journal of Experimental Social Psychology","Counteractive evaluation","53","","","","","","","","","","","ScienceDirect","","","","C:\Users\moin\Zotero\storage\M3QQY52A\Fishbach et al. - 2010 - Counteractive evaluation Asymmetric shifts in the implicit value of conflicting motivations.pdf","","Traditional 2010","Goal; Implicit evaluation; Self-control; Temptation","","","","","","","","","","","","","","","","","","","","","","","","","","","","","","","","","","","","","","","","","","","","","",""
"LIYQYS9X","journalArticle","2010","Parks-Stamm, Elizabeth J.; Oettingen, Gabriele; Gollwitzer, Peter M.","Making sense of one’s actions in an explanatory vacuum: The interpretation of nonconscious goal striving","Journal of Experimental Social Psychology","","0022-1031","10.1016/j.jesp.2010.02.004","https://www.sciencedirect.com/science/article/pii/S0022103110000314","Previous research has found that performing norm-violating behaviors based on a nonconsciously-activated goal elicits negative affect (Oettingen, Grant, Smith, Skinner, & Gollwitzer, 2006). In the present research we explored whether this negative affect is eliminated when an earlier conscious goal with congruent behavioral effects can be used to explain the norm-violating behavior. Our findings suggest that applicable conscious goals are indeed used to interpret nonconsciously-activated goal striving (Study 1), and that this interpretation occurs reflexively rather than reflectively (Study 2), with implications for interpersonal behavior (Study 3). The role of social norms, applicable conscious goals, and negative affect in the interpretation of nonconscious goal pursuit is discussed.","2010-05-01","2026-07-15 12:40:58","2026-07-15 12:41:11","2026-07-15 12:40:58","531-542","","3","46","","Journal of Experimental Social Psychology","Making sense of one’s actions in an explanatory vacuum","52","","","","","","","","","","","ScienceDirect","","","","C:\Users\moin\Zotero\storage\6LMMQ8Q9\Parks-Stamm et al. - 2010 - Making sense of one’s actions in an explanatory vacuum The interpretation of nonconscious goal stri.pdf","","Traditional 2010","Social norms; Automatic; Explanatory vacuum; Nonconscious goals","","","","","","","","","","","","","","","","","","","","","","","","","","","","","","","","","","","","","","","","","","","","","",""
"UV5SURYZ","journalArticle","2010","Toma, Claudia; Yzerbyt, Vincent; Corneille, Olivier","Anticipated cooperation vs. competition moderates interpersonal projection","Journal of Experimental Social Psychology","","0022-1031","10.1016/j.jesp.2009.11.005","https://www.sciencedirect.com/science/article/pii/S0022103109002960","Two experiments investigated the impact of anticipated interdependence on people’s projection of their characteristics onto an unknown target. After participants had rated themselves on a list of personality traits, they were led to expect a situation of cooperation or competition with another participant and rated this participant on the same list of traits. In both experiments, projection of self-attributed traits was stronger under cooperation than competition. This effect was independent of trait valence, whether defined a priori (Experiment 1) or as an idiosyncratic measure (Experiment 2). Experiment 2 also revealed that the moderation of interpersonal projection by interdependence was not driven by changes in participants’ self-representation. These findings suggest that the anticipated interdependence context influences the way we perceive similarity with unknown others. We discuss possible cognitive and motivational mechanisms underlying this effect.","2010-03-01","2026-07-15 12:04:07","2026-07-15 12:04:19","2026-07-15 12:04:07","375-381","","2","46","","Journal of Experimental Social Psychology","","50","","","","","","","","","","","ScienceDirect","","","","C:\Users\moin\Zotero\storage\A493A25A\Toma et al. - 2010 - Anticipated cooperation vs. competition moderates interpersonal projection.pdf","","Traditional 2010","Interdependence; Interpersonal projection; Multi-level analysis; Self-representation","","","","","","","","","","","","","","","","","","","","","","","","","","","","","","","","","","","","","","","","","","","","","",""
"V767EEXZ","journalArticle","2010","Husnu, Senel; Crisp, Richard J.","Elaboration enhances the imagined contact effect","Journal of Experimental Social Psychology","","0022-1031","10.1016/j.jesp.2010.05.014","https://www.sciencedirect.com/science/article/pii/S0022103110001307","Recent studies have shown that imagining intergroup contact can improve attitudes held toward a range of social groups. We extended research on imagined contact by testing an elaborated task variant designed specifically to enhance future contact intentions. In three experiments imagined contact heightened intentions, elaborated imagery enhanced this effect, and these enhancements were attributable to both reduced intergroup anxiety and an increase in the reported vividness of the imagined scenario. Furthermore, prior contact enhanced the vividness with which imagined scenarios were envisaged, with concurrent benefits for future contact intentions. Results also supported the notion that elaboration creates a more accessible contact script upon which to base future judgments of intention. We discuss the implications of these findings for a developing model of imagined contact effects.","2010-11-01","2026-07-15 12:02:55","2026-07-15 12:03:12","2026-07-15 12:02:55","943-950","","6","46","","Journal of Experimental Social Psychology","","49","","","","","","","","","","","ScienceDirect","","","","C:\Users\moin\Zotero\storage\9VEZM9HG\Husnu and Crisp - 2010 - Elaboration enhances the imagined contact effect.pdf","","Traditional 2010","Prejudice; Imagined contact; Intergroup bias; Intergroup contact","","","","","","","","","","","","","","","","","","","","","","","","","","","","","","","","","","","","","","","","","","","","","",""
"3YRZWGNG","journalArticle","2010","Murakami, Hiroki; Matsunaga, Masahiro; Ohira, Hideki","Phasic heart rate responses for anticipated threat situations","International Journal of Psychophysiology","","0167-8760","10.1016/j.ijpsycho.2010.03.012","https://www.sciencedirect.com/science/article/pii/S0167876010000814","The effects of anticipated threat situations and the valence of the stimuli on the deceleration of the phasic heart rate (HR) were investigated in a single experiment using an S1–S2 paradigm. There were certain S1 cues that were always expected to be followed by neutral pictures (S2 stimuli), and uncertain S1 cues that had a 50% probability of being followed by neutral or unpleasant pictures (S2 stimuli). Greater phasic HR deceleration was observed for S2 stimuli following uncertain S1 cues than for S2 stimuli following certain S1 cues, regardless of the valence of the S2 stimuli. This result suggests that an anticipated threat situation in which participants anticipate facing potentially unpleasant stimuli leads to the allocation of more attentional resources. Additionally, correlation analyses revealed that highly anxious individuals tended to show greater HR deceleration in response to unpleasant stimuli, possibly reflecting maladaptive attentional bias for threat stimuli.","2010-07-01","2026-07-15 12:00:24","2026-07-15 12:00:42","2026-07-15 12:00:24","21-25","","1","77","","International Journal of Psychophysiology","","48","","","","","","","","","","","ScienceDirect","","","","C:\Users\moin\Zotero\storage\7ANZ42J8\Murakami et al. - 2010 - Phasic heart rate responses for anticipated threat situations.pdf","","Traditional 2010","Anxiety; Emotion; Anticipation; Autonomic; Heart rate; Orienting response","","","","","","","","","","","","","","","","","","","","","","","","","","","","","","","","","","","","","","","","","","","","","",""
"UAUD2RXY","journalArticle","2010","Okamura, Hisayoshi; Tsuda, Akira; Yajima, Jumpei; Mark, Hamer; Horiuchi, Satoshi; Toyoshima, Natsuki; Matsuishi, Toyojirou","Short sleeping time and psychobiological responses to acute stress","International Journal of Psychophysiology","","0167-8760","10.1016/j.ijpsycho.2010.07.010","https://www.sciencedirect.com/science/article/pii/S0167876010006690","The aim of this study was to examine the association between self-reported sleeping time and psychobiological stress responses [3-Methoxy-4-hydroxyphenylglycol (MHPG) and Secretory immunoglobulin A (IgA), perceived stress responses]. Thirty seven healthy men and women were recruited, and participants were divided according to the habitual number of hours of sleep as follows: adequate sleepers (AS) (6–8h sleep per night regularly) (N=22) and short sleepers (SS) (less than 5h sleep per night regularly) (N=15). Salivary MHPG, s-IgA and perceived stress were measured at baseline, immediately after task and recovery period. An increase in free-MHPG during the task period was observed in AS although free-MHPG increased only after the task period in SS. The level of s-IgA in both groups significantly increased during the task period, and quickly returned to a basal level during the recovery period. The results show that less than 5h of sleep was associated with different responsiveness to the Stroop color word conflict task compared to sufficient sleep, especially in the NA system.","2010-12-01","2026-07-15 11:59:22","2026-07-15 11:59:34","2026-07-15 11:59:22","209-214","","3","78","","International Journal of Psychophysiology","","47","","","","","","","","","","","ScienceDirect","","","","C:\Users\moin\Zotero\storage\4E9WLN6R\Okamura et al. - 2010 - Short sleeping time and psychobiological responses to acute stress.pdf","","Traditional 2010","Mental stress test; MHPG; Psychobiological stress responses; s-IgA; Sleeping hours","","","","","","","","","","","","","","","","","","","","","","","","","","","","","","","","","","","","","","","","","","","","","",""
"6UJ85N8P","journalArticle","2010","Delvenne, Jean-François; Cleeremans, Axel; Laloyaux, Cédric","Feature Bindings Are Maintained in Visual Short-Term Memory Without Sustained Focused Attention","Experimental Psychology","","1618-3169, 2190-5142","10.1027/1618-3169/a000014","https://econtent.hogrefe.com/doi/10.1027/1618-3169/a000014","Does the maintenance of feature bindings in visual short-term memory (VSTM) require sustained focused attention? This issue was investigated in three experiments, in which memory for single features (i.e., colors or shapes) was compared with memory for feature bindings (i.e., the link between the color and shape of an object). Attention was manipulated during the memory retention interval with a retro-cue, which allows attention to be directed and focused on a subset of memory items. The retro-cue was presented 700 ms after the offset of the memory display and 700 ms before the onset of the test display. If the maintenance of feature bindings – but not of individual features – in memory requires sustained focused attention, the retro-cue should not affect memory performance. Contrary to this prediction, we found that both memory for feature bindings and memory for individual features were equally improved by the retro-cue. Therefore, this finding does not support the view that the sustained focused attention is needed to properly maintain feature bindings in VSTM.","2010-11-01","2026-07-15 11:52:57","2026-07-15 11:57:54","2026-07-15 11:52:57","108-116","","2","57","","Experimental Psychology","","43","","","","","","en","","","","","DOI.org (Crossref)","","","","C:\Users\moin\Zotero\storage\5BV3KLBN\Delvenne et al. - 2010 - Feature Bindings Are Maintained in Visual Short-Term Memory Without Sustained Focused Attention.pdf","","Traditional 2010","","","","","","","","","","","","","","","","","","","","","","","","","","","","","","","","","","","","","","","","","","","","","","",""
"HJYZY2TD","journalArticle","2010","Leflot, Geertje; Onghena, Patrick; Colpin, Hilde","Teacher–child interactions: relations with children's self‐concept in second grade","Infant and Child Development","","1522-7227, 1522-7219","10.1002/icd.672","https://onlinelibrary.wiley.com/doi/10.1002/icd.672","Abstract             This study examined whether teacher–child interactions characterized by teacher involvement, structure, and autonomy support at the beginning of second grade predicted children's global, academic, social, and behavioural self‐concept at the end of second grade. The study was conducted in 30 second grade classrooms with 570 children and their teachers. Data included teacher reports of teacher–child interactions and child reports of self‐concept. Results showed that, when controlling for the initial level of self‐concept, children's social self‐concept was predicted by teacher involvement, structure, and autonomy support. In addition, teacher autonomy support predicted high academic self‐concept. Finally, these teacher–child interaction characteristics did not contribute to the behavioural and global self‐concept. The results were similar for boys and girls. Copyright © 2010 John Wiley & Sons, Ltd.","2010-07","2026-07-15 11:57:45","2026-07-15 11:57:53","2026-07-15 11:57:45","385-405","","4","19","","Infant and Child Development","Teacher–child interactions","46","","","","","","en","","","","","DOI.org (Crossref)","","","","C:\Users\moin\Zotero\storage\UXL77WGE\Leflot et al. - 2010 - Teacher–child interactions relations with children's self‐concept in second grade.pdf","","Traditional 2010","","","","","","","","","","","","","","","","","","","","","","","","","","","","","","","","","","","","","","","","","","","","","","",""
"AFE3YGL5","journalArticle","2010","Van Der Bruggen, Corine O.; Stams, Geert Jan J. M.; Bögels, Susan M.; Paulussen‐Hoogeboom, Marja C.","Parenting behaviour as a mediator between young children's negative emotionality and their anxiety/depression","Infant and Child Development","","1522-7227, 1522-7219","10.1002/icd.665","https://onlinelibrary.wiley.com/doi/10.1002/icd.665","Abstract             The goal of this longitudinal study was to examine observed paternal and maternal control (psychological control and autonomy granting) and support (rejection and emotional warmth) as mediators of the relation between children's negative emotionality at 3.5 years of age and depression and anxiety problems at 4.5 years. For 35 children, 60‐min unstructured parent–child interactions were rated at 4.5 years. Results indicated that maternal rejection mediated the relation between children's negative emotionality and their later anxiety/depression. Higher levels of child negative emotionality predicted more psychological control in mothers, but did not predict any parenting behaviours in fathers. Higher levels of paternal autonomy granting were associated with more child anxiety/depression. Unexpectedly, however, more maternal emotional warmth was related to higher levels of child anxiety/depression. The findings offer new insights to guide future research on the (mediating) role of parenting behaviours in the relation between children's negative emotionality and their internalizing problems. Copyright © 2010 John Wiley & Sons, Ltd.","2010-07","2026-07-15 11:56:25","2026-07-15 11:56:34","2026-07-15 11:56:25","354-365","","4","19","","Infant and Child Development","","45","","","","","","en","","","","","DOI.org (Crossref)","","","","C:\Users\moin\Zotero\storage\MPABTNK2\Van Der Bruggen et al. - 2010 - Parenting behaviour as a mediator between young children's negative emotionality and their anxietyd.pdf","","Traditional 2010","","","","","","","","","","","","","","","","","","","","","","","","","","","","","","","","","","","","","","","","","","","","","","",""
"2ZCPUVKE","journalArticle","2010","Yagmurlu, Bilge; Altan, Ozge","Maternal socialization and child temperament as predictors of emotion regulation in Turkish preschoolers","Infant and Child Development","","1522-7227, 1522-7219","10.1002/icd.646","https://onlinelibrary.wiley.com/doi/10.1002/icd.646","Abstract                            This study investigated the role of maternal socialization and temperament in Turkish preschool children's emotion regulation. Participants consisted of 145 preschoolers (79 boys, 69 girls;               M               age               = 62 months), their mothers, and daycare teachers from middle‐high socioeconomic suburbs of Istanbul. Maternal child‐rearing practices and emotion socialization behaviours were examined together as interconnected constituents of parenting in relation to emotion regulation skills in young children. Mothers completed a set of questionnaires that measured their child's emotion regulation and temperament as well as their own emotion socialization and child‐rearing behaviours. Teachers also completed a scale that measured the child's ability to regulate emotions. Hierarchical regression analysis showed that child's reactivity negatively and persistence positively predicted emotion regulation. The interaction of maternal responsiveness and child approach–withdrawal also significantly predicted emotion regulation. Simple slope tests were conducted slicing the data in both directions. In the first instance, for children low in Approach, the simple slope of Responsiveness on emotion regulation score was significantly positive. In contrast, for children high in Approach, the simple slope of Responsiveness on emotion regulation score was not significant. In the second instance, for mothers average in Responsiveness, the simple slope of Approach on emotion regulation score was significantly positive. In contrast, for mothers high in Responsiveness, the simple slope of Approach on emotion regulation was not significant. These findings were considered within an interactional model in which positive parenting and inhibited temperament are significant predictors of emotion regulation in Turkish preschoolers. Copyright © 2009 John Wiley & Sons, Ltd.","2010-05","2026-07-15 11:54:36","2026-07-15 11:54:44","2026-07-15 11:54:36","275-296","","3","19","","Infant and Child Development","","44","","","","","","en","","","","","DOI.org (Crossref)","","","","C:\Users\moin\Zotero\storage\XGAXR6XC\Yagmurlu and Altan - 2010 - Maternal socialization and child temperament as predictors of emotion regulation in Turkish preschoo.pdf","","Traditional 2010","","","","","","","","","","","","","","","","","","","","","","","","","","","","","","","","","","","","","","","","","","","","","","",""
"ZKZKDMM7","journalArticle","2010","DeBruine, Lisa M.; Jones, Benedict C.; Tybur, Joshua M.; Lieberman, Debra; Griskevicius, Vladas","Women's preferences for masculinity in male faces are predicted by pathogen disgust, but not by moral or sexual disgust","Evolution and Human Behavior","","1090-5138","10.1016/j.evolhumbehav.2009.09.003","https://www.sciencedirect.com/science/article/pii/S1090513809000907","Because women's preferences for male masculinity reflect tradeoffs between the benefits of greater genetic health and the costs of lower paternal investment, variables that affect the importance of these costs and benefits also affect masculinity preferences. Concern about disease and pathogens may be one such variable. Here we show that disgust sensitivity in the pathogen domain is positively correlated with facial masculinity preferences, but disgust sensitivity in the moral and sexual domains is not. Our findings present novel evidence that systematic variation in women's preferences for masculine men reflects factors that influence how women resolve the tradeoff between the benefits and costs associated with choosing a masculine partner.","2010-01-01","2026-07-15 11:49:21","2026-07-15 11:49:33","2026-07-15 11:49:21","69-74","","1","31","","Evolution and Human Behavior","","42","","","","","","","","","","","ScienceDirect","","","","C:\Users\moin\Zotero\storage\VEUUR8GV\DeBruine et al. - 2010 - Women's preferences for masculinity in male faces are predicted by pathogen disgust, but not by mora.pdf","","Traditional 2010","Masculinity; Individual differences; Disgust; Pathogens","","","","","","","","","","","","","","","","","","","","","","","","","","","","","","","","","","","","","","","","","","","","","",""
"N7WZTP6R","journalArticle","2010","Litman, Jordan A.; Lunsford, George D.","Incurious Motives to Seek Information about Potential Threats","European Journal of Personality","","0890-2070, 1099-0984","10.1002/per.766","https://journals.sagepub.com/doi/10.1002/per.766","In Study 1, 20 incurious worry reduction motive (IWRM) items were administered to 280 participants along with curiosity and worry scales. With factor analysis, two six–item scales were developed: focus on distress (IWRM–FD) and focus on relief (IWRM–FR). IWRM–FD was associated with wanting positive news about threats, whereas IWRM–FR was related to wanting negative news to be free from further worry. Neither the curiosity nor worry scales predicted wanting information. In Study 2, the IWRM scales were administered to 170 participants along with a coping inventory. IWRM–FD correlated with avoidant–coping, whereas IWRM–FR was associated positively with active–coping and advice–seeking. The results suggest that IWRM–FD reflects a desire to minimize distress, whereas IWRM–FR motivates identifying and dealing directly with problems. Copyright © 2010 John Wiley & Sons, Ltd.","2010-12","2026-07-15 11:48:09","2026-07-15 11:48:14","2026-07-15 11:48:09","639-655","","8","24","","Eur J Pers","","41","","","","","","en","https://journals.sagepub.com/page/policies/text-and-data-mining-license","","","","DOI.org (Crossref)","","","","C:\Users\moin\Zotero\storage\XP9Z2QUT\Litman and Lunsford - 2010 - Incurious Motives to Seek Information about Potential Threats.pdf","","Traditional 2010","","","","","","","","","","","","","","","","","","","","","","","","","","","","","","","","","","","","","","","","","","","","","","",""
"9DFK5XG3","journalArticle","2010","Houdé, Olivier; Rossi, Sandrine; Lubin, Amélie; Joliot, Marc","Mapping numerical processing, reading, and executive functions in the developing brain: an fMRI meta‐analysis of 52 studies including 842 children","Developmental Science","","1363-755X, 1467-7687","10.1111/j.1467-7687.2009.00938.x","https://onlinelibrary.wiley.com/doi/10.1111/j.1467-7687.2009.00938.x","Abstract             Tracing the connections from brain functions to children’s cognitive development and education is a major goal of modern neuroscience. We performed the first meta‐analysis of functional magnetic resonance imaging (fMRI) data obtained over the past decade (1999–2008) on more than 800 children and adolescents in three core systems of cognitive development and school learning: numerical abilities, reading, and executive functions (i.e. cognitive control). We ran Activation Likelihood Estimation (ALE) meta‐analyses to obtain regions of reliable activity across all the studies. The results indicate that, unlike results usually reported for adults, children primarily engage the frontal cortex when solving numerical tasks. With age, there may be a shift from reliance on the frontal cortex to reliance on the parietal cortex. In contrast, the frontal, temporo‐parietal and occipito‐temporal regions at work during reading in children are very similar to those reported in adults. The executive frontal regions are also consistent with the imaging literature on cognitive control in adults, but the developmental comparison between children and adolescents demonstrates a key role of the anterior insular cortex (AIC) with an additional right AIC involvement in adolescents.","2010-11","2026-07-15 11:24:00","2026-07-15 11:24:05","2026-07-15 11:24:00","876-885","","6","13","","Developmental Science","Mapping numerical processing, reading, and executive functions in the developing brain","40","","","","","","en","http://onlinelibrary.wiley.com/termsAndConditions#vor","","","","DOI.org (Crossref)","","","","C:\Users\moin\Zotero\storage\I8A2IWBV\Houdé et al. - 2010 - Mapping numerical processing, reading, and executive functions in the developing brain an fMRI meta.pdf","","Traditional 2010","","","","","","","","","","","","","","","","","","","","","","","","","","","","","","","","","","","","","","","","","","","","","","",""
"Z3I2PMMK","journalArticle","2010","Basu, Madhavi; Krishnan, Ananthanarayan; Weber‐Fox, Christine","Brainstem correlates of temporal auditory processing in children with specific language impairment","Developmental Science","","1363-755X, 1467-7687","10.1111/j.1467-7687.2009.00849.x","https://onlinelibrary.wiley.com/doi/10.1111/j.1467-7687.2009.00849.x","Abstract             Deficits in identification and discrimination of sounds with short inter‐stimulus intervals or short formant transitions in children with specific language impairment (SLI) have been taken to reflect an underlying temporal auditory processing deficit. Using the sustained frequency following response (FFR) and the onset auditory brainstem responses (ABR) we evaluated if children with SLI show abnormalities at the brainstem level consistent with a temporal processing deficit. To this end, the neural encoding of tonal sweeps, as reflected in the FFR, for different rates of frequency change, and the effects of reducing inter‐stimulus interval on the ABR components were evaluated in 10 4–11‐year‐old SLI children and their age‐matched controls. Results for the SLI group showed degraded FFR phase‐locked neural activity that failed to faithfully track the frequency change presented in the tonal sweeps, particularly at the faster sweep rates. SLI children also showed longer latencies for waves III and V of the ABR and a greater prolongation of wave III at high stimulus rates (>30/sec), suggesting greater susceptibility to neural adaptation. These results taken together appear to suggest a disruption in the temporal pattern of phase‐locked neural activity necessary to encode rapid frequency change and an increased susceptibility to desynchronizing factors related to faster rates of stimulus presentation in children with SLI.","2010-01","2026-07-15 11:21:38","2026-07-15 11:21:46","2026-07-15 11:21:38","77-91","","1","13","","Developmental Science","","39","","","","","","en","http://onlinelibrary.wiley.com/termsAndConditions#vor","","","","DOI.org (Crossref)","","","","C:\Users\moin\Zotero\storage\UNQFQ9H4\Basu et al. - 2010 - Brainstem correlates of temporal auditory processing in children with specific language impairment.pdf","","Traditional 2010","","","","","","","","","","","","","","","","","","","","","","","","","","","","","","","","","","","","","","","","","","","","","","",""
"JHKV66YN","journalArticle","2010","Lew, Adina R.; Gibbons, Bryony; Murphy, Caroline; Gavin Bremner, J.","Use of geometry for spatial reorientation in children applies only to symmetric spaces","Developmental Science","","1363-755X, 1467-7687","10.1111/j.1467-7687.2009.00904.x","https://onlinelibrary.wiley.com/doi/10.1111/j.1467-7687.2009.00904.x","Abstract             Proponents of the geometric module hypothesis argue that following disorientation, many species reorient by use of macro‐environment geometry. It is suggested that attention to the surface layout geometry of natural terrain features may have been selected for over evolutionary time due to the enduring and unambiguous location information it provides. Paradoxically, however, tests of the hypothesis have been exclusively conducted in symmetric (hence ‘unnatural’ and geometrically ambiguous) environments. The present series of studies examines reorientation by 18‐month–3‐year‐old children in a rectangular versus irregular quadrilateral enclosure (Study 1), a rectangular versus irregular quadrilateral array (Study 2) and an isosceles versus irregular triangular array (Study 3). Children were successful in symmetric but not asymmetric environments, casting doubt on the functional argument for an empirical basis of the geometric module hypothesis.","2010-05","2026-07-15 11:20:13","2026-07-15 11:20:24","2026-07-15 11:20:13","490-498","","3","13","","Developmental Science","","38","","","","","","en","http://onlinelibrary.wiley.com/termsAndConditions#vor","","","","DOI.org (Crossref)","","","","C:\Users\moin\Zotero\storage\HMFVJVIJ\Lew et al. - 2010 - Use of geometry for spatial reorientation in children applies only to symmetric spaces.pdf","","Traditional 2010","","","","","","","","","","","","","","","","","","","","","","","","","","","","","","","","","","","","","","","","","","","","","","",""
"7MYDUPYL","journalArticle","2010","Zanto, Theodore P.; Hennigan, Kelly; Östberg, Mattias; Clapp, Wesley C.; Gazzaley, Adam","Predictive knowledge of stimulus relevance does not influence top-down suppression of irrelevant information in older adults","Cortex","","0010-9452","10.1016/j.cortex.2009.08.003","https://www.sciencedirect.com/science/article/pii/S0010945209002457","Our ability to focus attention on task-relevant stimuli and ignore irrelevant distractions is reflected by differential enhancement and suppression of neural activity in sensory cortices. Previous research has shown that older adults exhibit a deficit in suppressing task-irrelevant information, the magnitude of which is associated with a decline in working memory performance. However, it remains unclear if a failure to suppress is a reflection of an inability of older adults to rapidly assess the relevance of information upon stimulus presentation when they are not aware of the relevance beforehand. To address this, we recorded the electroencephalogram (EEG) in healthy older participants (aged 60—80 years) while they performed two different versions of a selective face/scene working memory task, both with and without prior knowledge as to when relevant and irrelevant stimuli would appear. Each trial contained two faces and two scenes presented sequentially followed by a 9sec delay and a probe stimulus. Participants were given the following instructions: remember faces (ignore scenes), remember scenes (ignore faces), remember the xth and yth stimuli (where x and y could be 1st, 2nd, 3rd or 4th), or passively view all stimuli. Working memory performance remained consistent regardless of task instructions. Enhanced neural activity was observed at posterior electrodes to attended stimuli, while neural responses that reflected the suppression of irrelevant stimuli was absent for both tasks. The lack of significant suppression at early stages of visual processing was revealed by P1 amplitude and N1 latency modulation indices. These results reveal that prior knowledge of stimulus relevance does not modify early neural processing during stimulus encoding and does not improve working memory performance in older adults. These results suggest that the inability to suppress irrelevant information early in the visual processing stream by older adults is related to mechanisms specific to top-down suppression.","2010-04-01","2026-07-15 11:10:41","2026-07-15 11:10:57","2026-07-15 11:10:41","564-574","","4","46","","Cortex","","35","","","","","","","","","","","ScienceDirect","","","","C:\Users\moin\Zotero\storage\IHRK3KHB\Zanto et al. - 2010 - Predictive knowledge of stimulus relevance does not influence top-down suppression of irrelevant inf.pdf","","Traditional 2010","Aging; Working memory; EEG; Selective attention; Suppression","","","","","","","","","","","","","","","","","","","","","","","","","","","","","","","","","","","","","","","","","","","","","",""
"EAPDE7E7","journalArticle","2010","Granek, Joshua A.; Gorbet, Diana J.; Sergio, Lauren E.","Extensive video-game experience alters cortical networks for complex visuomotor transformations","Cortex","","0010-9452","10.1016/j.cortex.2009.10.009","https://www.sciencedirect.com/science/article/pii/S0010945209002846","Using event-related functional magnetic resonance imaging (fMRI), we examined the effect of video-game experience on the neural control of increasingly complex visuomotor tasks. Previously, skilled individuals have demonstrated the use of a more efficient movement control brain network, including the prefrontal, premotor, primary sensorimotor and parietal cortices. Our results extend and generalize this finding by documenting additional prefrontal cortex activity in experienced video gamers planning for complex eye-hand coordination tasks that are distinct from actual video-game play. These changes in activation between non-gamers and extensive gamers are putatively related to the increased online control and spatial attention required for complex visually guided reaching. These data suggest that the basic cortical network for processing complex visually guided reaching is altered by extensive video-game play.","2010-10-01","2026-07-15 11:09:00","2026-07-15 11:09:14","2026-07-15 11:09:00","1165-1177","","9","46","","Cortex","","22","","","","","","","","","","","ScienceDirect","","","","C:\Users\moin\Zotero\storage\3IPEXJUC\Granek et al. - 2010 - Extensive video-game experience alters cortical networks for complex visuomotor transformations.pdf","","Traditional 2010","fMRI; Eye-hand coordination; Human cortex; Reaching; Skill","","","","","","","","","","","","","","","","","","","","","","","","","","","","","","","","","","","","","","","","","","","","","",""
"7Y82CIHS","journalArticle","2010","Rimrodt, Sheryl L.; Peterson, Daniel J.; Denckla, Martha B.; Kaufmann, Walter E.; Cutting, Laurie E.","White matter microstructural differences linked to left perisylvian language network in children with dyslexia","Cortex","","0010-9452","10.1016/j.cortex.2009.07.008","https://www.sciencedirect.com/science/article/pii/S0010945209002226","Studies of dyslexia using diffusion tensor imaging (DTI) have reported fractional anisotropy (FA) differences in left inferior frontal gyrus (LIFG) and left temporo-parietal white matter, suggesting that impaired reading is associated with atypical white matter microstructure in these regions. These anomalies might reflect abnormalities in the left perisylvian language network, long implicated in dyslexia. While DTI investigations frequently report analyses on multiple tensor-derived measures (e.g., FA, orientation, tractography), it is uncommon to integrate analyses to examine the relationships between atypical findings. For the present study, semi-automated techniques were applied to DTI data in an integrated fashion to examine white matter microstructure in 14 children with dyslexia and 17 typically developing readers (ages 7–16 years). Correlations of DTI metrics (FA and fiber orientation) to reading skill (accuracy and speed) and to probabilistic tractography maps of the left perisylvian language tracts were examined. Consistent with previous reports, our findings suggest FA decreases in dyslexia in LIFG and left temporo-parietal white matter. The LIFG FA finding overlaps an area showing differences in fiber orientation in an anterior left perisylvian language pathway. Additionally, a positive correlation of FA to reading speed was found in a posterior circuit previously associated with activation on functional imaging during reading tasks. Overall, integrating results from several complementary semi-automated analyses reveals evidence linking atypical white matter microstructure in dyslexia to atypical fiber orientation in circuits implicated in reading including the left perisylvian language network.","2010-06-01","2026-07-15 11:07:34","2026-07-15 11:07:46","2026-07-15 11:07:34","739-749","","6","46","","Cortex","","23","","","","","","","","","","","ScienceDirect","","","","C:\Users\moin\Zotero\storage\6GTPJB9T\Rimrodt et al. - 2010 - White matter microstructural differences linked to left perisylvian language network in children wit.pdf","","Traditional 2010","Diffusion tensor imaging; Dyslexia; Fractional anisotropy; Left inferior frontal gyrus; Perisylvian language network","","","","","","","","","","","","","","","","","","","","","","","","","","","","","","","","","","","","","","","","","","","","","",""
"5IT4ZJYM","journalArticle","2010","Leppänen, Paavo H. T.; Hämäläinen, Jarmo A.; Salminen, Hanne K.; Eklund, Kenneth M.; Guttorm, Tomi K.; Lohvansuu, Kaisa; Puolakanaho, Anne; Lyytinen, Heikki","Newborn brain event-related potentials revealing atypical processing of sound frequency and the subsequent association with later literacy skills in children with familial dyslexia","Cortex","","0010-9452","10.1016/j.cortex.2010.06.003","https://www.sciencedirect.com/science/article/pii/S0010945210001759","The role played by an auditory-processing deficit in dyslexia has been debated for several decades. In a longitudinal study using brain event-related potentials (ERPs) we investigated 1) whether dyslexic children with familial risk background would show atypical pitch processing from birth and 2) how these newborn ERPs later relate to these same children’s pre-reading cognitive skills and literacy outcomes. Auditory ERPs were measured at birth for tones varying in pitch and presented in an oddball paradigm (1100Hz, 12%, and 1000Hz, 88%). The brain responses of the typically reading control group children (TRC group, N=25) showed clear differentiation between the frequencies, while those of the group of reading disability with familial risk (RDFR, 8 children) and the group of typical readers with familial risk (TRFR, 14 children) did not differentiate between the tones. The ERPs of the latter two groups differed from those of the TRC group. However, the two risk groups also showed a differential hemispheric ERP pattern. Furthermore, newborn ERPs reflecting passive change detection were associated with phonological skills and letter knowledge prior to school age and with phoneme duration perception, reading speed (RS) and spelling accuracy in the 2nd grade of school. The early obligatory response was associated with more general pre-school language skills, as well as with RS and reading accuracy (RA). Results suggest that a proportion of dyslexic readers with familial risk background are affected by atypical auditory processing. This is already present at birth and also relates to pre-reading phonological processing and speech perception. These early differences in auditory processing could later affect phonological representations and reading development. However, atypical auditory processing is unlikely to suffice as a sole explanation for dyslexia but rather as one risk factor, dependent on the genetic profile of the child.","2010-11-01","2026-07-15 11:05:24","2026-07-15 11:05:41","2026-07-15 11:05:24","1362-1376","","10","46","","Cortex","","33","","","","","","","","","","","ScienceDirect","","","","C:\Users\moin\Zotero\storage\YSRHTW3U\Leppänen et al. - 2010 - Newborn brain event-related potentials revealing atypical processing of sound frequency and the subs.pdf","","Traditional 2010","Dyslexia; Auditory processing; Cognitive skills; Event-related potentials (ERPs); Infant","","","","","","","","","","","","","","","","","","","","","","","","","","","","","","","","","","","","","","","","","","","","","",""
"5AAW3Z6T","journalArticle","2010","Stoodley, Catherine J.; Schmahmann, Jeremy D.","Evidence for topographic organization in the cerebellum of motor control versus cognitive and affective processing","Cortex","","0010-9452","10.1016/j.cortex.2009.11.008","https://www.sciencedirect.com/science/article/pii/S0010945209003268","Patients with cerebellar damage often present with the cerebellar motor syndrome of dysmetria, dysarthria and ataxia, yet cerebellar lesions can also result in the cerebellar cognitive affective syndrome (CCAS), including executive, visual spatial, and linguistic impairments, and affective dysregulation. We have hypothesized that there is topographic organization in the human cerebellum such that the anterior lobe and lobule VIII contain the representation of the sensorimotor cerebellum; lobules VI and VII of the posterior lobe comprise the cognitive cerebellum; and the posterior vermis is the anatomical substrate of the limbic cerebellum. Here we analyze anatomical, functional neuroimaging, and clinical data to test this hypothesis. We find converging lines of evidence supporting regional organization of motor, cognitive, and limbic behaviors in the cerebellum. The cerebellar motor syndrome results when lesions involve the anterior lobe and parts of lobule VI, interrupting cerebellar communication with cerebral and spinal motor systems. Cognitive impairments occur when posterior lobe lesions affect lobules VI and VII (including Crus I, Crus II, and lobule VIIB), disrupting cerebellar modulation of cognitive loops with cerebral association cortices. Neuropsychiatric disorders manifest when vermis lesions deprive cerebro-cerebellar-limbic loops of cerebellar input. We consider this functional topography to be a consequence of the differential arrangement of connections of the cerebellum with the spinal cord, brainstem, and cerebral hemispheres, reflecting cerebellar incorporation into the distributed neural circuits subserving movement, cognition, and emotion. These observations provide testable hypotheses for future investigations.","2010-07-01","2026-07-15 10:58:22","2026-07-15 11:04:15","2026-07-15 10:58:22","831-844","","7","46","","Cortex","","20","","","","","","","","","","","ScienceDirect","","","","C:\Users\moin\Zotero\storage\WQCWY3BG\Stoodley and Schmahmann - 2010 - Evidence for topographic organization in the cerebellum of motor control versus cognitive and affect.pdf","","Traditional 2010","Cognition; Connections; Dysmetria; Imaging; Limbic; Motor","","","","","","","","","","","","","","","","","","","","","","","","","","","","","","","","","","","","","","","","","","","","","",""
"ZHMRAF7I","journalArticle","2010","Angelelli, Paola; Notarnicola, Alessandra; Judica, Anna; Zoccolotti, Pierluigi; Luzzatti, Claudio","Spelling impairments in Italian dyslexic children: Phenomenological changes in primary school","Cortex","","0010-9452","10.1016/j.cortex.2010.06.015","https://www.sciencedirect.com/science/article/pii/S0010945210001875","Introduction Although spelling difficulties are constantly associated with developmental dyslexia, they have been largely neglected by the majority of studies in this area. This study analyzes spelling impairments in developmental dyslexia across school grades in Italian, a language with high grapheme-to-phoneme correspondence. Methods The performances of 33 Italian dyslexic children attending Grades 3 and 5 were compared with those of age-matched control participants. Writing abilities were investigated through a spelling test that included regular words with one-sound-to-one-letter correspondence, regular words requiring the application of context-sensitive conversion rules, words with unpredictable transcription and nonwords with one-sound-to-one-letter correspondence. Results Both accuracy and error analyses indicate that the spelling impairment assumes different characteristics at different grades: Grade 3 children showed an undifferentiated spelling deficit (involving regular words, regular nonwords and words with unpredictable spelling), whereas the fifth graders were prevalently impaired in writing words with unpredictable transcription. The error analysis confirms these results, with third graders producing a high rate of all types of errors (i.e., phonologically plausible, simple and context-sensitive conversion errors), whereas most errors committed by fifth graders were phonologically plausible. Conclusions Results are coherent with the hypothesis that dyslexic children learning a shallow orthography suffer from delayed acquisition and some fragility of the sub-word level routine, together with a severe and long-lasting deficit of orthographic lexical acquisition.","2010-11-01","2026-07-15 11:03:53","2026-07-15 11:04:10","2026-07-15 11:03:53","1299-1311","","10","46","","Cortex","Spelling impairments in Italian dyslexic children","27","","","","","","","","","","","ScienceDirect","","","","C:\Users\moin\Zotero\storage\TV6XSP6Z\Angelelli et al. - 2010 - Spelling impairments in Italian dyslexic children Phenomenological changes in primary school.pdf","","Traditional 2010","Development; Dyslexia; Dysgraphia; Orthography","","","","","","","","","","","","","","","","","","","","","","","","","","","","","","","","","","","","","","","","","","","","","",""
"2KVRTHIX","journalArticle","2010","Tavano, Alessandro; Borgatti, Renato","Evidence for a link among cognition, language and emotion in cerebellar malformations","Cortex","","0010-9452","10.1016/j.cortex.2009.07.017","https://www.sciencedirect.com/science/article/pii/S0010945209002585","We compared the neurobehavioral profiles of children with Joubert syndrome (JS participants), a rare autosomal recessive condition characterized on magnetic resonance imaging (MRI) by hypoplasia of the cerebellar vermis and midbrain–hindbrain malformations, and children with malformations confined to the cerebellar vermis and one or both hemispheres (Cerebellar malformations – CM participants). We aimed at investigating the influence of anatomo-clinical similarities (vermian malformation) and differences (intact cerebellar hemispheres vs sparing of the pons, respectively) with respect to cognitive, linguistic and emotional development, assuming as a reference framework the Cerebellar Cognitive Affective Syndrome (CCAS). Results show that severe to moderate mental retardation is infrequent in JS children, while it is present in more than half the sample of CM children. Affect development was generally preserved in JS, in high-functioning CM individuals and also in some of the CM children with moderate mental retardation, which raised questions as to the role of a cerebellar vermis lesion in determining affect disorders. Further, cognitive and linguistic profiles on both intellectual and neuropsychological evaluations provided evidence for distinct patterns of peaks and valleys in the two groups, with JS children being significantly more impaired in language and verbal working memory and CM individuals showing a significant impairment of executive functions and emotional development. The overall evidence provides support for an important role of cerebellar structures per se in shaping emotional, cognitive and linguistic development, when vermian lesions are associated to cerebellar hemispheric lesions. Cerebellar vermis and brainstem lesions instead appear to have a major impact on motor-related skills, including oro-motor abilities and verbal working memory.","2010-07-01","2026-07-15 10:55:22","2026-07-15 10:55:36","2026-07-15 10:55:22","907-918","","7","46","","Cortex","","37","","","","","","","","","","","ScienceDirect","","","","C:\Users\moin\Zotero\storage\5S79GD3W\Tavano and Borgatti - 2010 - Evidence for a link among cognition, language and emotion in cerebellar malformations.pdf","","Traditional 2010","Language; Cognition; Emotion; Cerebellum; Cerebellar Cognitive Affective Syndrome; Joubert syndrome; Malformation","","","","","","","","","","","","","","","","","","","","","","","","","","","","","","","","","","","","","","","","","","","","","",""
"F6PX3I46","journalArticle","2010","van Kessel, Marlies E.; van Nes, Ilse J. W.; Brouwer, Wiebo H.; Geurts, Alexander C. H.; Fasotti, Luciano","Visuospatial asymmetry and non-spatial attention in subacute stroke patients with and without neglect","Cortex","","0010-9452","10.1016/j.cortex.2009.06.004","https://www.sciencedirect.com/science/article/pii/S0010945209001853","Asymmetry in performance and an association with non-lateralized attention are often mentioned as two important aspects of the clinical manifestation of visuospatial neglect. Both these aspects were investigated in 21 left (LH) and 24 right hemisphere (RH) stroke patients and in 20 healthy subjects. The letter and star cancellation subtests of the Behavioural Inattention Task (BIT) and a computerized visual reaction time task (CVRT) with stimuli presented either left, central or right in extrapersonal space were administered. In LH patients, the calculation of BIT asymmetry scores allowed a better distinction between patients with and without neglect than raw omission scores. However, in RH patients, raw and asymmetry scores led to similar classifications. In the CVRT, raw and asymmetry scores for the number of omissions also produced identical classifications. Thus, the computation of asymmetry scores for omissions did not substantially refine the diagnosis of neglect. On the other hand, more patients were classified as neglect patients by using CVRT reaction time (RT) asymmetry scores than by using BIT or CVRT omission scores. Ipsilesional RT's were chosen as a measure of general, non-lateralized attention. The ipsilesional RT's of the LH and RH patients did not differ from the healthy subjects' lateral RT's. However, within the RH group, patients with both RT asymmetries and BIT scores above cut-off level showed longer ipsilesional RT's than patients with defective RT asymmetries but normal BIT scores. This supports the idea of an interaction between lateralized and non-lateralized attentional components in neglect, in which the presence of general attentional deficits exacerbates the severity of neglect symptoms. RT tasks may contribute to the detection of asymmetries in visuospatial attention in patients with subclinical neglect symptoms, who might compensate for their lateralized deficit in paper-and-pencil tasks employing intact general attention.","2010-05-01","2026-07-15 10:53:07","2026-07-15 10:53:19","2026-07-15 10:53:07","602-612","","5","46","","Cortex","","24","","","","","","","","","","","ScienceDirect","","","","C:\Users\moin\Zotero\storage\A4SDBLAZ\van Kessel et al. - 2010 - Visuospatial asymmetry and non-spatial attention in subacute stroke patients with and without neglec.pdf","","Traditional 2010","Behavioural Inattention Task; General attention; Hemi-inattention; Reaction time task","","","","","","","","","","","","","","","","","","","","","","","","","","","","","","","","","","","","","","","","","","","","","",""
"587YBBD6","journalArticle","2010","Osorio, Alexandra; Fay, Séverine; Pouthas, Viviane; Ballesteros, Soledad","Ageing affects brain activity in highly educated older adults: An ERP study using a word-stem priming task","Cortex","","0010-9452","10.1016/j.cortex.2009.09.003","https://www.sciencedirect.com/science/article/pii/S0010945209002652","In this event-related evoked potentials (ERP) study, the neural correlates of a group of highly educated older adults were compared with those of a group of young adults while performing a word-stem completion priming task under semantic and lexical encoding conditions. The results revealed that both age groups exhibited robust priming. The older participants showed better performance than the young adults. Both groups exhibited ERP repetition effects at posterior sites, but only the older adults showed additional frontal activity. The results suggest that highly performing older adults compensate for their lower level of parieto-occipital functioning, reflected by smaller P300 amplitude at posterior sites, by recruiting frontal sites as a mode of brain adaptation.","2010-04-01","2026-07-15 10:51:33","2026-07-15 10:51:46","2026-07-15 10:51:33","522-534","","4","46","","Cortex","Ageing affects brain activity in highly educated older adults","21","","","","","","","","","","","ScienceDirect","","","","C:\Users\moin\Zotero\storage\5AMBFNJU\Osorio et al. - 2010 - Ageing affects brain activity in highly educated older adults An ERP study using a word-stem primin.pdf","","Traditional 2010","Awareness; Ageing; Event-related potential (ERP); Repetition priming; Word-stem priming","","","","","","","","","","","","","","","","","","","","","","","","","","","","","","","","","","","","","","","","","","","","","",""
"XV9RCYPJ","journalArticle","2010","Fahim, Cherine; Yoon, Uicheul; Das, Samir; Lyttelton, Oliver; Chen, John; Arnaoutelis, Rozie; Rouleau, Guy; Sandor, Paul; Frey, Kirk; Brandner, Catherine; Evans, Alan C.","Somatosensory–motor bodily representation cortical thinning in Tourette: Effects of tic severity, age and gender","Cortex","","0010-9452","10.1016/j.cortex.2009.06.008","https://www.sciencedirect.com/science/article/pii/S0010945209001865","Introduction Tourette syndrome (TS) implicates the disinhibition of the cortico-striatal-thalamic-cortical circuitry (CSTC). Previous studies used a volumetric approach to investigate this circuitry with inconsistent findings. Cortical thickness may represent a more reliable measure than volume due to the low variability in the cytoarchitectural structure of the grey matter. Methods 66 magnetic resonance imaging scans were acquired from 34 TS subjects (age range 10–25, mean 17.19±4.1) and 32 normal controls (NC) (age range 10–20, mean 16.33±3.56). Brain morphology was assessed using the fully automated CIVET pipeline at the Montreal Neurological Institute. Results We report (1) significant cortical thinning in the fronto-parietal and somatosensory–motor cortices in TS relative to NC (p<.05); (2) TS boys showed thinner cortex relative to TS girls in the fronto-parietal cortical regions (p<.05); (3) significant decrease in the fronto-parietal mean cortical thickness in TS subjects with age relative to NC and in the pre-central cortex in TS boys relative to TS girls; (4) significant negative correlations between tic severity and the somatosensory–motor cortical thickness. Conclusions TS revealed important thinning in brain regions particularly involved in the somatosensory/motor bodily representations which may play an important role in tics. Our findings are in agreement with Leckman et al. (1991) hypothesis stating that facial tics would be associated with dysfunction in an orofacial subset of the motor circuit, eye blinking with the occulo-motor circuit, whereas lack of inhibition to a dysfunction in the prefrontal cortex. Gender and age differences may reflect differential etiological factors, which have significant clinical relevance in TS and should be considered in developing and using diagnostic and therapeutic interventions.","2010-06-01","2026-07-15 10:50:27","2026-07-15 10:50:42","2026-07-15 10:50:27","750-760","","6","46","","Cortex","Somatosensory–motor bodily representation cortical thinning in Tourette","26","","","","","","","","","","","ScienceDirect","","","","C:\Users\moin\Zotero\storage\K2TLRH5T\Fahim et al. - 2010 - Somatosensory–motor bodily representation cortical thinning in Tourette Effects of tic severity, ag.pdf","","Traditional 2010","Age; Gender; Neuroimaging; Cortical thickness; Magnetic resonance imaging; Tourette syndrome","","","","","","","","","","","","","","","","","","","","","","","","","","","","","","","","","","","","","","","","","","","","","",""
"N299MBW7","journalArticle","2010","Willcutt, Erik G.; Betjemann, Rebecca S.; McGrath, Lauren M.; Chhabildas, Nomita A.; Olson, Richard K.; DeFries, John C.; Pennington, Bruce F.","Etiology and neuropsychology of comorbidity between RD and ADHD: The case for multiple-deficit models","Cortex","","0010-9452","10.1016/j.cortex.2010.06.009","https://www.sciencedirect.com/science/article/pii/S0010945210001814","Introduction Attention-deficit/hyperactivity disorder (ADHD) and reading disability (RD) are complex childhood disorders that frequently co-occur, but the etiology of this comorbidity remains unknown. Method Participants were 457 twin pairs from the Colorado Learning Disabilities Research Center (CLDRC) twin study, an ongoing study of the etiology of RD, ADHD, and related disorders. Phenotypic analyses compared groups with and without RD and ADHD on composite measures of six cognitive domains. Twin analyses were then used to test the etiology of the relations between the disorders and any cognitive weaknesses. Results Phenotypic analyses supported the hypothesis that both RD and ADHD arise from multiple cognitive deficits rather than a single primary cognitive deficit. RD was associated independently with weaknesses on measures of phoneme awareness, verbal reasoning, and working memory, whereas ADHD was independently associated with a heritable weakness in inhibitory control. RD and ADHD share a common cognitive deficit in processing speed, and twin analyses indicated that this shared weakness is primarily due to common genetic influences that increase susceptibility to both disorders. Conclusions Individual differences in processing speed are influenced by genes that also increase risk for RD, ADHD, and their comorbidity. These results suggest that processing speed measures may be useful for future molecular genetic studies of the etiology of comorbidity between RD and ADHD.","2010-11-01","2026-07-15 10:48:22","2026-07-15 10:48:37","2026-07-15 10:48:22","1345-1361","","10","46","","Cortex","Etiology and neuropsychology of comorbidity between RD and ADHD","34","","","","","","","","","","","ScienceDirect","","","","C:\Users\moin\Zotero\storage\INX7DSD5\Willcutt et al. - 2010 - Etiology and neuropsychology of comorbidity between RD and ADHD The case for multiple-deficit model.pdf","","Traditional 2010","Genetics; ADHD; Executive functions; Comorbidity; Reading disability","","","","","","","","","","","","","","","","","","","","","","","","","","","","","","","","","","","","","","","","","","","","","",""
"8BG69XYG","journalArticle","2010","West, Robert; Schwarb, Hillary; Johnson, Brandy N.","The influence of age and individual differences in executive function on stimulus processing in the oddball task","Cortex","","0010-9452","10.1016/j.cortex.2009.08.001","https://www.sciencedirect.com/science/article/pii/S0010945209002433","Studies examining the effects of aging in the oddball task have consistently revealed an age-related change in the topography of the P3 component. Specifically, in younger adults the amplitude of this component is greatest over the parietal region of the scalp while in older adults the P3 is more evenly distributed over the parietal and frontal regions of the scalp. In the current study, Partial Least Squares (PLS) analysis was used to examine the effects of age on the full time course and topography of the event-related brain potentials (ERPs) elicited during the oddball task; and to consider the influence of individual differences in executive function on age-related differences in the oddball task. Aging and individual differences appeared to have relatively little effect on the P3b that distinguished oddball stimulus from standards. The age-related “anterior shift” in the P3 appeared to result from the stronger expression of the novelty P3 in older adults relative to younger adults, as this effect was seen for both oddball and novel stimuli relative to standard stimuli. Additionally, the effect of age interacted with variation in executive function, with the novelty P3 being elicited for novel and oddball stimuli in the low executive older adults and only for novel stimuli in the high executive older adults. These findings lead to the suggestion that the age-related anterior shift in the P3 may result from the failure of older adults with lower executive functions to habituate to the oddball stimulus.","2010-04-01","2026-07-15 09:11:27","2026-07-15 09:11:42","2026-07-15 09:11:27","550-563","","4","46","","Cortex","","19","","","","","","","","","","","ScienceDirect","","","","C:\Users\moin\Zotero\storage\9XXL7PMD\West et al. - 2010 - The influence of age and individual differences in executive function on stimulus processing in the.pdf","","Traditional 2010","ERPs; Executive function; Novelty P3; Oddball task; P3b","","","","","","","","","","","","","","","","","","","","","","","","","","","","","","","","","","","","","","","","","","","","","",""
"AHUCL7WT","journalArticle","2010","Park, Ji-Young; Gu, Bon-Mi; Kang, Do-Hyung; Shin, Yong-Wook; Choi, Chi-Hoon; Lee, Jong-Min; Kwon, Jun Soo","Integration of cross-modal emotional information in the human brain: An fMRI study","Cortex","","0010-9452","10.1016/j.cortex.2008.06.008","https://www.sciencedirect.com/science/article/pii/S001094520800172X","The interaction of information derived from the voice and facial expression of a speaker contributes to the interpretation of the emotional state of the speaker and to the formation of inferences about information that may have been merely implied in the verbal communication. Therefore, we investigated the brain processes responsible for the integration of emotional information originating from different sources. Although several studies have reported possible sites for integration, further investigation using a neutral emotional condition is required to locate emotion-specific networks. Using functional magnetic resonance imaging (fMRI), we explored the brain regions involved in the integration of emotional information from different modalities in comparison to those involved in integrating emotionally neutral information. There was significant activation in the superior temporal gyrus (STG); inferior frontal gyrus (IFG); and parahippocampal gyrus, including the amygdala, under the bimodal versus the unimodal condition, irrespective of the emotional content. We confirmed the results of previous studies by finding that the bimodal emotional condition elicited strong activation in the left middle temporal gyrus (MTG), and we extended this finding to locate the effects of emotional factors by using a neutral condition in the experimental design. We found anger-specific activation in the posterior cingulate, fusiform gyrus, and cerebellum, whereas we found happiness-specific activation in the MTG, parahippocampal gyrus, hippocampus, claustrum, inferior parietal lobule, cuneus, middle frontal gyrus (MFG), IFG, and anterior cingulate. These emotion-specific activations suggest that each emotion uses a separate network to integrate bimodal information and shares a common network for cross-modal integration.","2010-02-01","2026-07-14 13:03:21","2026-07-14 13:32:16","2026-07-14 13:03:21","161-169","","2","46","","Cortex","Integration of cross-modal emotional information in the human brain","28","","","","","","","","","","","ScienceDirect","","","","C:\Users\moin\Zotero\storage\XZE2HKVA\S001094520800172X.html","","Traditional 2010","Interaction analysis; Emotion; Bimodal integration; Functional magnetic resonance imaging (fMRI)","","","","","","","","","","","","","","","","","","","","","","","","","","","","","","","","","","","","","","","","","","","","","",""
"FT97GK3J","journalArticle","2010","Cavézian, Céline; Gaudry, Isabelle; Perez, Céline; Coubard, Olivier; Doucet, Gaëlle; Peyrin, Carole; Marendaz, Christian; Obadia, Mickaël; Gout, Olivier; Chokron, Sylvie","Specific impairments in visual processing following lesion side in hemianopic patients","Cortex","","0010-9452","10.1016/j.cortex.2009.08.013","https://www.sciencedirect.com/science/article/pii/S0010945209002469","Introduction Following unilateral damage of the primary visual cortex one of the most common visual field defects observed is Homonymous Hemianopia (HH), a loss of vision of the contralesional hemifield in each eye. The ipsilesional (“intact”) part of the central visual field is often used to compensate for difficulties encountered in the peripheral hemianopic visual field. However, the quality of vision within the central visual field is not well-known. Methods To better describe and understand visual processing in hemianopia, two tasks were conducted with 25 healthy controls, six left hemianopes, and five right hemianopes. Filtered (in high, above 6 cycles/degree, or low, below 4 cycles/degree, spatial frequencies – HSF and LSF, respectively) and unfiltered natural scene images (5° of visual angle) were briefly presented (100msec) centrally on a computer screen. Participants were required either to respond when a natural scene was presented (yes/no detection task) or to indicate if the stimulus was a city or a highway (categorization task). Results The three groups showed similar accuracy levels but significant differences were observed in response times. More precisely, left hemianopes were impaired both in the detection and in the categorization tasks whereas right hemianopes were only impaired in the categorization task. However, the three groups had similar responses to spatial frequencies: HSF were processed more slowly than LSF. Conclusions Overall these results suggest that central vision is not intact in hemianopia. Lesion side selectively affects reaction times (RTs) in the detection and the categorization tasks, but does not seem to determine a specific deficit in spatial frequency processing.","2010-10-01","2026-07-14 13:07:07","2026-07-14 13:31:06","2026-07-14 13:07:07","1123-1131","","9","46","","Cortex","","25","","","","","","","","","","","ScienceDirect","","","","C:\Users\moin\Zotero\storage\Z4ESL3N9\S0010945209002469.html","","Traditional 2010","Categorization; Hemianopia; Detection; Natural scenes; Spatial frequencies","","","","","","","","","","","","","","","","","","","","","","","","","","","","","","","","","","","","","","","","","","","","","",""
"CXA76TXQ","journalArticle","2010","Georgiou, George K.; Protopapas, Athanassios; Papadopoulos, Timothy C.; Skaloumbakas, Christos; Parrila, Rauno","Auditory temporal processing and dyslexia in an orthographically consistent language","Cortex","","0010-9452","10.1016/j.cortex.2010.06.006","https://www.sciencedirect.com/science/article/pii/S0010945210001784","We examined two hypotheses relating auditory processing to dyslexia in Greek, an orthographically consistent language. Study I examined the “P-center” or “beat detection” hypothesis (Goswami et al., 2002) in a sample of Grade 6 dyslexics, Grade 6 chronological age (CA) controls, and Grade 4 reading age (RA) controls. Study II examined the “temporal processing,” or “rapid auditory processing” hypothesis (Tallal, 1980) in a sample of Grade 7 dyslexics, CA controls, and in two groups of CA matched children with low frequency discrimination or low tone sequencing performance. Both studies indicate that (a) as a group, dyslexic children did not perform significantly worse on auditory processing measures than the control groups; (b) measures of auditory processing mostly did not account for unique amount of variance in phonological processing, reading, or spelling; and (c) at an individual level of analysis, some of the dyslexic children experienced auditory temporal processing deficits. Implications on the importance of auditory processing in reading in orthographically consistent languages are discussed.","2010-11-01","2026-07-14 13:03:30","2026-07-14 13:30:27","2026-07-14 13:03:30","1330-1344","","10","46","","Cortex","","29","","","","","","","","","","","ScienceDirect","","","","C:\Users\moin\Zotero\storage\52V8P63P\S0010945210001784.html","","Traditional 2010","Dyslexia; Auditory temporal processing; Beat detection; Frequency discrimination; Orthographically consistent language","","","","","","","","","","","","","","","","","","","","","","","","","","","","","","","","","","","","","","","","","","","","","",""
"IZPGWJQC","journalArticle","2010","Lee, Yunjo; Duchaine, Bradley; Wilson, Hugh R.; Nakayama, Ken","Three cases of developmental prosopagnosia from one family: Detailed neuropsychological and psychophysical investigation of face processing","Cortex","","0010-9452","10.1016/j.cortex.2009.07.012","https://www.sciencedirect.com/science/article/pii/S001094520900224X","A number of reports have documented that developmental prosopagnosia (DP) can run in families, but the locus of the deficits in those cases remains unclear. We investigated the perceptual basis of three cases of DP from one family (67 year-old father FA, and two daughters, 39 year-old D1 and 34 year-old D2) by combining neuropsychological and psychophysical methods. Neuropsychological tests involving natural facial images demonstrated significant face recognition deficits in the three family members. All three members showed normal facial expression recognition and face detection, and two of them (D2, FA) performed well on within-class object recognition tasks. These individuals were then examined in a series of psychophysical experiments. Intermediate form vision preceding face perception was assessed with radial frequency (RF) patterns. Normal discrimination of RF patterns in these individuals indicates that their face recognition difficulties are higher in the cortical form vision hierarchy than the locus of contour shape processing. Psychophysical experiments requiring discrimination and memory for synthetic faces aimed to quantify their face processing abilities and systematically examine the representation of facial geometry across viewpoints. D1 showed deficits in perceiving geometric information from the face at a given view. D2's impairments seem to arise in later face processing stages involving transferring view-dependent descriptions into a view-invariant representation. FA performed poorly on face learning and recognition relative to the age-appropriate controls. These cases provide evidence for familial transmission of high-level visual recognition deficits with normal intermediate-level form vision.","2010-09-01","2026-07-14 13:07:17","2026-07-14 13:30:09","2026-07-14 13:07:17","949-964","","8","46","","Cortex","Three cases of developmental prosopagnosia from one family","31","","","","","","","","","","","ScienceDirect","","","","C:\Users\moin\Zotero\storage\3C6FGHKV\S001094520900224X.html","","Traditional 2010","Developmental prosopagnosia; Face processing; Familial prosopagnosia; Intermediate-level form vision; Synthetic faces","","","","","","","","","","","","","","","","","","","","","","","","","","","","","","","","","","","","","","","","","","","","","",""
"4BYYMEVH","journalArticle","2010","Davis, Emma E.; Pitchford, Nicola J.; Jaspan, Tim; McArthur, Donald; Walker, David","Development of cognitive and motor function following cerebellar tumour injury sustained in early childhood","Cortex","","0010-9452","10.1016/j.cortex.2009.10.001","https://www.sciencedirect.com/science/article/pii/S0010945209002767","We investigated the interrelation between cognitive and motor development and the role of the cerebellum in this relationship by examining performance in each of these domains in 15 children with injury to the cerebellum following tumour before 5 years of age and 242 typically developing control children aged 4–11 years. Each child was given a comprehensive standardised battery of cognitive and motor tests. Results showed depressed levels of performance for the cerebellar patients across both domains at the group level but considerable variation in individual profiles. However, a significant, positive correlation between cognitive and motor skill was found for both the patient and control group, suggesting these domains are developmentally linked. In addition, the effects of several potential moderating variables were explored. Results showed the most reliable predictors of outcome were age at diagnosis and tumour type/treatment. These results suggest that both cognitive and motor skill can be compromised following tumour in the cerebellum in early childhood leading to delayed, but qualitatively typical, development in both domains.","2010-07-01","2026-07-14 13:03:00","2026-07-14 13:29:49","2026-07-14 13:03:00","919-932","","7","46","","Cortex","","32","","","","","","","","","","","ScienceDirect","","","","C:\Users\moin\Zotero\storage\R399SGQ7\S0010945209002767.html","","Traditional 2010","Childhood; Cerebellum; Cognitive development; Motor development; Tumour","","","","","","","","","","","","","","","","","","","","","","","","","","","","","","","","","","","","","","","","","","","","","",""
"5NFSAXVP","journalArticle","2010","Reker, Maraike; Ohrmann, Patricia; Rauch, Astrid V.; Kugel, Harald; Bauer, Jochen; Dannlowski, Udo; Arolt, Volker; Heindel, Walter; Suslow, Thomas","Individual differences in alexithymia and brain response to masked emotion faces","Cortex","","0010-9452","10.1016/j.cortex.2009.05.008","https://www.sciencedirect.com/science/article/pii/S0010945209001555","Alexithymia is considered a dimensional personality trait that refers to a cluster of deficits in the recognition, differentiation, and verbalization of emotions. Research on the neurobiology of alexithymia has focused hitherto on impairments in the controlled processing of emotional information. In the present study automatic brain reactivity to facial emotion was investigated as a function of alexithymia (as assessed by the 20-Item Toronto Alexithymia Scale – TAS-20). During 3T fMRI scanning, pictures of sad, happy, and neutral facial expression masked by neutral faces were presented to 33 healthy women. A priori regions of interest in the whole brain analysis were cerebral structures that are known to be crucially involved in the emotion perception from the face. Independently from trait anxiety and depression TAS-20 alexithymia was negatively correlated with activation to masked sad and happy faces in several regions of interest (in particular, insula, superior temporal gyrus, middle occipital and parahippocampal gyrus). In addition, the TAS-20 score was negatively correlated with response of the left amygdala to masked sad faces. A reduced automatic reactivity of the amygdala and visual occipito-temporal areas could implicate less automated engagement in the encoding of emotional stimuli in high alexithymia. In addition, a low spontaneous insular and amygdalar responsivity in high alexithymia individuals could be related to an attenuation of basic emotional experiences which may contribute to problems in identifying and differentiating one's feelings.","2010-05-01","2026-07-14 13:03:11","2026-07-14 13:29:15","2026-07-14 13:03:11","658-667","","5","46","","Cortex","","36","","","","","","","","","","","ScienceDirect","","","","C:\Users\moin\Zotero\storage\G5VZPHBR\Reker et al. - 2010 - Individual differences in alexithymia and brain response to masked emotion faces.pdf","","Traditional 2010","Emotion; Alexithymia; Amygdala; Functional magnetic resonance imaging; Insula","","","","","","","","","","","","","","","","","","","","","","","","","","","","","","","","","","","","","","","","","","","","","",""
"JZPGK24B","journalArticle","2011","Eder, Andreas B.","Control of impulsive emotional behaviour through implementation intentions","Cognition and Emotion","","0269-9931","10.1080/02699931.2010.527493","https://doi.org/10.1080/02699931.2010.527493","Past research has established that people can strategically enhance or override impulsive emotional behaviour with implementation intentions (Eder, Rothermund, & Proctor, 2010). However, it is unclear whether emotional action tendencies change by intentional processes or by habit formation processes due to repeated enactment of the intention (or both). The present study shows that forming implementation intentions is sufficient to modulate emotional action tendencies. Participants received instructions about how to respond to positive and negative stimuli on evaluation trials but no such trials were actually presented. Results showed that merely intending to approach and avoid affective stimuli influenced emotional action tendencies in a modified affective Simon task in which affective valence was irrelevant. An affective Simon effect (i.e., faster reactions when the valence of the stimulus corresponded with the valence of the movement) was observed when participants intended evaluations with affectively congruent responses (i.e., positive–approach, negative–avoid); in contrast, the effect was reversed in direction when participants planned evaluations with incongruent responses (i.e., positive–avoid, negative–approach). Thus, implementation intentions can regulate implicit emotional responses even in the absence of possible habit formation processes. Implications for dual-system accounts of emotion regulation are discussed.","2011-04-01","2026-07-14 12:23:16","2026-07-14 13:27:48","2026-07-14 12:23:16","478-489","","3","25","","","","10","","","","Routledge","","","","","","","Taylor and Francis+NEJM","","_eprint: https://doi.org/10.1080/02699931.2010.527493","","C:\Users\moin\Zotero\storage\S7SFM4FY\Eder - 2011 - Control of impulsive emotional behaviour through implementation intentions.pdf","","Traditional 2010","Approach and avoidance; Automated emotion regulation; Implementation intention; Impulsive behaviour control; Reflective–impulsive model","","","","","","","","","","","","","","","","","","","","","","","","","","","","","","","","","","","","","","","","","","","","","",""
"C2AK7754","journalArticle","2010","Johnson, Kareem J.; Waugh, Christian E.; Fredrickson, Barbara L.","Smile to see the forest: Facially expressed positive emotions broaden cognition","Cognition and Emotion","","0269-9931","10.1080/02699930903384667","https://doi.org/10.1080/02699930903384667","The broaden hypothesis, part of Fredrickson's (1998, 2001) broaden-and-build theory, proposes that positive emotions lead to broadened cognitive states. Here, we present evidence that cognitive broadening can be produced by frequent facial expressions of positive emotion. Additionally, we present a novel method of using facial electromyography (EMG) to discriminate between Duchenne (genuine) and non-Duchenne (non-genuine) smiles. Across experiments, Duchenne smiles occurred more frequently during positive emotion inductions than neutral or negative inductions. Across experiments, Duchenne smiles correlated with self-reports of specific positive emotions. In Experiment 1, high frequencies of Duchenne smiles predicted increased attentional breadth on a global–local visual processing task. In Experiment 2, high frequencies of Duchenne smiles predicted increased attentional flexibility on a covert attentional orienting task. These data underscore the value of using multiple methods to measure emotional experience in studies of emotion and cognition.","2010-02-01","2026-07-14 12:25:33","2026-07-14 13:27:45","2026-07-14 12:25:33","299-321","","2","24","","","Smile to see the forest","9","","","","Routledge","","","","","","","Taylor and Francis+NEJM","","_eprint: https://doi.org/10.1080/02699930903384667","","C:\Users\moin\Zotero\storage\27V5G47N\Johnson et al. - 2010 - Smile to see the forest Facially expressed positive emotions broaden cognition.pdf","","Traditional 2010","Attentional orienting; Broaden-and-build theory; Duchenne smile; Global local; Holistic perception; Positive emotion","","","","","","","","","","","","","","","","","","","","","","","","","","","","","","","","","","","","","","","","","","","","","",""
"8SNMT2IP","journalArticle","2021","Silcox, Jack W; Payne, Brennan R.","The costs (and benefits) of effortful listening on context processing: A simultaneous electrophysiology, pupillometry, and behavioral study","Cortex","","0010-9452","10.1016/j.cortex.2021.06.007","https://www.sciencedirect.com/science/article/pii/S0010945221002203","There is an apparent disparity between the fields of cognitive audiology and cognitive electrophysiology as to how linguistic context is used when listening to perceptually challenging speech. To gain a clearer picture of how listening effort impacts context use, we conducted a pre-registered study to simultaneously examine electrophysiological, pupillometric, and behavioral responses when listening to sentences varying in contextual constraint and acoustic challenge in the same sample. Participants (N = 44) listened to sentences that were highly constraining and completed with expected or unexpected sentence-final words (“The prisoners were planning their escape/party”) or were low-constraint sentences with unexpected sentence-final words (“All day she thought about the party”). Sentences were presented either in quiet or with +3 dB SNR background noise. Pupillometry and EEG were simultaneously recorded and subsequent sentence recognition and word recall were measured. While the N400 expectancy effect was diminished by noise, suggesting impaired real-time context use, we simultaneously observed a beneficial effect of constraint on subsequent recognition memory for degraded speech. Importantly, analyses of trial-to-trial coupling between pupil dilation and N400 amplitude showed that when participants’ showed increased listening effort (i.e., greater pupil dilation), there was a subsequent recovery of the N400 effect, but at the same time, higher effort was related to poorer subsequent sentence recognition and word recall. Collectively, these findings suggest divergent effects of acoustic challenge and listening effort on context use: while noise impairs the rapid use of context to facilitate lexical semantic processing in general, this negative effect is attenuated when listeners show increased effort in response to noise. However, this effort-induced reliance on context for online word processing comes at the cost of poorer subsequent memory.","2021-09-01","2026-07-13 20:19:21","2026-07-14 13:25:33","2026-07-13 20:19:21","296-316","","","142","","Cortex","The costs (and benefits) of effortful listening on context processing","37","","","","","","","","","","","ScienceDirect","","","","C:\Users\moin\Zotero\storage\L3P9N39R\Silcox and Payne - 2021 - The costs (and benefits) of effortful listening on context processing A simultaneous electrophysiol.pdf","","Preregistered Match","Memory; Single-trial analysis; Listening effort; Pupillometry; Linguistic context; N400","","","","","","","","","","","","","","","","","","","","","","","","","","","","","","","","","","","","","","","","","","","","","",""
"7D9LKPZG","journalArticle","2023","Popova, Tsvetomila; Wiese, Holger","Developing familiarity during the first eight months of knowing a person: A longitudinal EEG study on face and identity learning","Cortex","","0010-9452","10.1016/j.cortex.2023.04.008","https://www.sciencedirect.com/science/article/pii/S0010945223001041","It is well-established that familiar and unfamiliar faces are processed differently, but surprisingly little is known about how familiarity builds up over time and how novel faces gradually become represented in the brain. Here, we used event-related brain potentials (ERPs) in a pre-registered, longitudinal study to examine the neural processes accompanying face and identity learning during the first eight months of knowing a person. Specifically, we examined how increasing real-life familiarity affects visual recognition (N250 Familiarity Effect) and the integration of person-related knowledge (Sustained Familiarity Effect, SFE). Sixteen first-year undergraduates were tested in three sessions, approximately one, five, and eight months after the start of the academic year, with highly variable “ambient” images of a new friend they had met at university and of an unfamiliar person. We observed clear ERP familiarity effects for the new friend after one month of familiarity. While there was an increase in the N250 effect over the course of the study, no change in the SFE was observed. These results suggest that visual face representations develop faster relative to the integration of identity-specific knowledge.","2023-08-01","2026-07-03 07:47:49","2026-07-14 13:25:10","2026-07-03 07:47:49","26-37","","","165","","Cortex","Developing familiarity during the first eight months of knowing a person","36","","","","","","","","","","","ScienceDirect","","","","C:\Users\moin\Zotero\storage\36IRD3KM\S0010945223001041.html","","Preregistered Match","Familiarity; Event-relates potentials; Face learning; N250; Person recognition; Sustained familiarity effect","","","","","","","","","","","","","","","","","","","","","","","","","","","","","","","","","","","","","","","","","","","","","",""
"M689ZZBM","journalArticle","2023","Zhang, Bohua; Meng, Zong; Li, Qing; Chen, Antao; Bodner, Glen E.","EEG-based univariate and multivariate analyses reveal that multiple processes contribute to the production effect in recognition","Cortex","","0010-9452","10.1016/j.cortex.2023.04.006","https://www.sciencedirect.com/science/article/pii/S0010945223000953","The production effect (PE) is the finding that reading words aloud rather than silently during study leads to improved memory. We used electroencephalography (EEG) techniques to detect the contributions of recollection, familiarity, and attentional processes to the PE in recognition memory, using Chinese stimuli. During the study phase, participants encoded each list item aloud, silently, or by performing a non-unique aloud (control) task. During the test phase, they made remember/know/new recognition judgments. We recorded EEG data in both phases. The behavioral results replicated the typical pattern with English stimuli: Recognition was better in the aloud condition than in the silent (and control) condition, and this PE was due to enhanced recollection and familiarity. At study, the amplitude of the P3b ERP component was greater in the aloud than in the silent/control conditions, suggesting that reading aloud increases attention or preparatory processing during the intention phase. At test, the recollection-based LPC old/new effect was largest in the aloud condition; however, the familiarity-based FN400 old/new effect was equivalent between the aloud condition and the silent/control conditions. Only the LPC effect correlated with the behavioral effect. Moreover, multivariate pattern analysis (MVPA) showed that accurate classification of items as ‘aloud’ versus ‘new’ mainly occurred in the later period of the recognition response, consistent with the LPC old/new effect. Our findings suggest that the within-subject PE in recognition memory reflects enhanced attention and distinctiveness, rather than increased memory strength. More broadly, our findings suggest that encoding strategies such as production enhance recollection more than familiarity.","2023-08-01","2026-07-09 07:32:17","2026-07-14 13:24:22","2026-07-09 07:32:17","57-69","","","165","","Cortex","","34","","","","","","","","","","","ScienceDirect","","","","C:\Users\moin\Zotero\storage\97PT427P\S0010945223000953.html","","Preregistered Match","Recognition memory; EEG (electroencephalography); MVPA (multivariate pattern analysis); Production effect; Recollection/familiarity","","","","","","","","","","","","","","","","","","","","","","","","","","","","","","","","","","","","","","","","","","","","","",""
"4GAZMDPE","journalArticle","2023","Martin, Antonio; Lane, Timothy J.; Hsu, Tzu-Yu","DLPFC-PPC-cTBS effects on metacognitive awareness","Cortex","","0010-9452","10.1016/j.cortex.2023.05.022","https://www.sciencedirect.com/science/article/pii/S001094522300165X","Background Neuroimaging and lesion studies suggested that the dorsolateral prefrontal and posterior parietal cortices mediate visual metacognitive awareness. The causal evidence provided by non-invasive brain stimulation, however, is inconsistent. Objective/hypothesis Here we revisit a major figure discrimination experiment adding a new Kanizsa figure task trying to resolve whether bilateral continuous theta-burst transcranial magnetic stimulation (cTBS) over these regions affects perceptual metacognition. Specifically, we tested whether subjective visibility ratings and/or metacognitive efficiency are lower when cTBS is applied to these two regions in comparison to an active control region. Methods A within-subjects design including three sessions spaced by one-week intervals was implemented. In each session, every participant was administered bilateral cTBS to either prefrontal, control or parietal cortices. Two concurrent tasks were performed, a real and an illusory figure task, stabilising objective performance with use of an adaptive staircase procedure. Results When performing the replicated task, cTBS was found insufficient to disrupt neither visibility ratings nor metacognitive efficiency. However, with use of Kanizsa style illusory figures, cTBS over the dorsolateral prefrontal, but not over the posterior parietal cortex, was observed to significantly diminish metacognitive efficiency. Conclusion(s) Real and illusory figure tasks demonstrated different cTBS effects. A possible explanation is the involvement of the prefrontal cortex in the creation of expectations, which is necessary for efficient metacognition. Failure to replicate previous findings for the real figure task, however, cannot be said to support, conclusively, the notion that these brain regions have a causal role in metacognitive awareness. This inconsistent finding may result from certain limitations of our study, thereby suggesting the need for yet further investigation.","2023-10-01","2026-07-09 09:06:32","2026-07-14 13:23:31","2026-07-09 09:06:32","41-50","","","167","","Cortex","","32","","","","","","","","","","","ScienceDirect","","","","C:\Users\moin\Zotero\storage\XWJMHSZ8\S001094522300165X.html","","Preregistered Match","Metacognition; Visual awareness; Continuous theta-burst transcranial magnetic stimulation (cTBS); Dorsal lateral prefrontal cortex (DLPFC); Posterior parietal cortex (PPC)","","","","","","","","","","","","","","","","","","","","","","","","","","","","","","","","","","","","","","","","","","","","","",""
"8288BWHI","journalArticle","2023","Bloch, Carola; Viswanathan, Shivakumar; Tepest, Ralf; Jording, Mathis; Falter-Wagner, Christine M.; Vogeley, Kai","Differentiated, rather than shared, strategies for time-coordinated action in social and non-social domains in autistic individuals","Cortex","","0010-9452","10.1016/j.cortex.2023.05.008","https://www.sciencedirect.com/science/article/pii/S0010945223001211","Autism spectrum disorder (ASD) is a neurodevelopmental condition with a highly heterogeneous adult phenotype that includes social and non-social behavioral characteristics. The link between the characteristics assignable to the different domains remains unresolved. One possibility is that social and non-social behaviors in autism are modulated by a common underlying deficit. However, here we report evidence supporting an alternative concept that is individual-centered rather than deficit-centered. Individuals are assumed to have a distinctive style in the strategies they adopt to perform social and non-social tasks with these styles presumably being structured differently between autistic individuals and typically-developed (TD) individuals. We tested this hypothesis for the execution of time-coordinated (synchronized) actions. Participants performed (i) a social task that required synchronized gaze and pointing actions to interact with another person, and (ii) a non-social task that required finger-tapping actions synchronized to periodic stimuli at different time-scales and sensory modalities. In both tasks, synchronization behavior differed between ASD and TD groups. However, a principal component analysis of individual behaviors across tasks revealed associations between social and non-social features for the TD persons but such cross–domain associations were strikingly absent for autistic individuals. The highly differentiated strategies between domains in ASD are inconsistent with a general synchronization deficit and instead highlight the individualized developmental heterogeneity in the acquisition of domain-specific behaviors. We propose a cognitive model to help disentangle individual-centered from deficit-centered effects in other domains. Our findings reinforce the importance to identify individually differentiated phenotypes to personalize autism therapies.","2023-09-01","2026-07-13 06:38:29","2026-07-14 13:22:56","2026-07-13 06:38:29","207-232","","","166","","Cortex","","31","","","","","","","","","","","ScienceDirect","","","","C:\Users\moin\Zotero\storage\L8SCQWUB\S0010945223001211.html","","Preregistered Match","Adults; Autism; Cross-domain; Neurodevelopmental conditions; Synchronization","","","","","","","","","","","","","","","","","","","","","","","","","","","","","","","","","","","","","","","","","","","","","",""
"WSDZJKQF","journalArticle","2020","Hoogeveen, Suzanne; Snoek, Lukas; van Elk, Michiel","Religious belief and cognitive conflict sensitivity: A preregistered fMRI study","Cortex","","0010-9452","10.1016/j.cortex.2020.04.011","https://www.sciencedirect.com/science/article/pii/S0010945220301532","In the current preregistered fMRI study, we investigated the relationship between religiosity and behavioral and neural mechanisms of conflict processing, as a conceptual replication of the study by Inzlicht et al., (2009). Participants (N=193) performed a gender-Stroop task and afterwards completed standardized measures to assess their religiosity. As expected, the task induced cognitive conflict at the behavioral level and at a neural level this was reflected in increased activity in the anterior cingulate cortex (ACC). However, individual differences in religiosity were not related to performance on the Stroop task as measured in accuracy and interference effects, nor to neural markers of response conflict (correct responses vs. errors) or informational conflict (congruent vs. incongruent stimuli). Overall, we obtained moderate to strong evidence in favor of the null hypotheses that religiosity is unrelated to cognitive conflict sensitivity. We discuss the implications for the neuroscience of religion and emphasize the importance of designing studies that more directly implicate religious concepts and behaviors in an ecologically valid manner.","2020-08-01","2026-07-09 09:13:34","2026-07-14 13:22:33","2026-07-09 09:13:34","247-265","","","129","","Cortex","Religious belief and cognitive conflict sensitivity","30","","","","","","","","","","","ScienceDirect","","","","C:\Users\moin\Zotero\storage\6NYLFQQS\Hoogeveen et al. - 2020 - Religious belief and cognitive conflict sensitivity A preregistered fMRI study.pdf","","Preregistered Match","Religiosity; Functional magnetic resonance imaging; Anterior cingulate cortex; Cognitive conflict","","","","","","","","","","","","","","","","","","","","","","","","","","","","","","","","","","","","","","","","","","","","","",""
"5XC5FVJ9","journalArticle","2025","Kluge, Annika; Levy, Jonathan","Extreme ingroup and outgroup perspectives counter-intuitively impact intergroup polarisation at the level of neural oscillations","Cortex","","0010-9452","10.1016/j.cortex.2024.12.020","https://www.sciencedirect.com/science/article/pii/S0010945225000097","A powerful example of affective polarisation occurred between vaccine-supporters and -opposers when vaccinations were implemented to counter the recent global pandemic. In this social neuroscience study, we scanned 121 vaccine-supporters using magnetoencephalography to evaluate three levels of polarisation: explicit, implicit, and neural — and then to test whether exposing people to extreme ingroup perspectives (following the paradoxical thinking principles) or extreme outgroup perspectives can modulate those levels of affective polarisation between vaccinated and unvaccinated individuals. We show that a neural proxy for intergroup polarisation, expressed as late prefrontal beta rhythm suppression, can detect subtle changes in affective polarisation. More specifically, we find that exposing vaccine-supporters to extreme ingroup (i.e., pro-vaccination) viewpoints leads to a decrease in this neural proxy of affective polarisation. Conversely, exposure to extreme outgroup (i.e., anti-vaccination) narratives increases polarisation, which in turn predicts a decrease in positive affect towards vaccine opposers almost one year later. Altogether, the results show that although it may seem intuitive to expose people to counter-arguments (i.e., extreme outgroup perspectives) to change their opinions, such an approach can backlash and increase polarisation instead. However, using subtler methods such as the paradoxical thinking intervention (i.e., extreme ingroup perspectives) for attitude change can have the desired effects and reduce intergroup polarisation.","2025-03-01","2026-07-13 07:00:13","2026-07-14 13:22:05","2026-07-13 07:00:13","250-262","","","184","","Cortex","","29","","","","","","","","","","","ScienceDirect","","","","C:\Users\moin\Zotero\storage\NSQBVJLC\S0010945225000097.html","","Preregistered Match","Magnetoencephalography; IAT; Affective polarisation; Covid-19 vaccination; Intergroup interventions; paradoxical thinking; Social neuroscience","","","","","","","","","","","","","","","","","","","","","","","","","","","","","","","","","","","","","","","","","","","","","",""
"65KRACJ9","journalArticle","2023","Jozranjbar, Bahareh; Kristjánsson, Árni; Starrfelt, Randi; Gerlach, Christian; Sigurdardottir, Heida Maria","Using representational similarity analysis to reveal category and process specificity in visual object recognition","Cortex","","0010-9452","10.1016/j.cortex.2023.05.012","https://www.sciencedirect.com/science/article/pii/S0010945223001387","Cross-condition comparisons on neurodevelopmental conditions are central in neurodiversity research. In the realm of visual perception, the performance of participants with different category-specific disorders such as developmental prosopagnosia (problems with faces) and dyslexia (problems with words) have contributed to understanding of perceptual processes involved in word and face recognition. Alterations in face and word recognition are present in several neurodiverse populations, and improved knowledge about their relationship may increase our understanding of this variability of impairment. The present study investigates organizing principles of visual object processing and their implications for developmental disorders of recognition. Some accounts suggest that distinct mechanisms are responsible for recognizing objects of different categories, while others propose that categories share or even compete for cortical resources. We took an individual differences approach to estimate the relationship between abilities in recognition. Neurotypical participants (N = 97 after outlier exclusion) performed a match-to-sample task with faces, houses, and pseudowords. Either individual features or feature configurations were manipulated. To estimate the separability of visual recognition mechanisms, we used representational similarity analysis (RSA) where correlational matrices for accuracy were compared to predicted data patterns. Recognition abilities separated into face recognition on one hand and house/pseudoword recognition on the other, indicating that face recognition may rely on relatively selective mechanisms in neurotypicals. We also found evidence for a general visual object recognition mechanism, while some combinations of category (faces, houses, words) and processing type (featural, configural) likely rely on additional mechanisms. Developmental conditions may therefore reflect combinations of impaired and intact aspects of specific and general visual object recognition mechanisms, where featural and configural processes for one object category separate from the featural or configural processing of another. More generally, RSA is a promising approach for advancing understanding of neurodiversity, including shared aspects and distinctions between neurodevelopmental conditions of visual recognition.","2023-09-01","2026-07-12 20:09:15","2026-07-14 13:21:40","2026-07-12 20:09:15","172-187","","","166","","Cortex","","28","","","","","","","","","","","ScienceDirect","","","","C:\Users\moin\Zotero\storage\Y34FU87J\S0010945223001387.html","","Preregistered Match","Reading; Face recognition; Object recognition; Visual recognition; Word recognition","","","","","","","","","","","","","","","","","","","","","","","","","","","","","","","","","","","","","","","","","","","","","",""
"5RV8BMG7","journalArticle","2024","Nolte, Collin; Michalska, Kalina J.; Nelson, Paige M.; Demir-Lira, Ӧ. Ece","Interactive roles of preterm-birth and socioeconomic status in cortical thickness of language-related brain structures: Findings from the Adolescent Brain Cognitive Development (ABCD) study","Cortex","","0010-9452","10.1016/j.cortex.2024.05.024","https://www.sciencedirect.com/science/article/pii/S0010945224002168","Preterm-born (PTB) children are at an elevated risk for neurocognitive difficulties in general and language difficulties more specifically. Environmental factors such as socio-economic status (SES) play a key role for Term children's language development. SES has been shown to predict PTB children's behavioral developmental trajectories, sometimes surpassing its role for Term children. However, the role of SES in the neurocognitive basis of PTB children's language development remains uncharted. Here, we aimed to evaluate the role of SES in the neural basis of PTB children's language performance. Leveraging the Adolescent Brain Cognitive Development (ABCD) Study, the largest longitudinal study of adolescent brain development and behavior to date, we showed that prematurity status (PTB versus Term) and multiple aspects of SES additively predict variability in cortical thickness, which is in turn related to children's receptive vocabulary performance. We did not find evidence to support the differential role of environmental factors for PTB versus Term children, underscoring that environmental factors are significant contributors to development of both Term and PTB children. Taken together, our results suggest that the environmental factors influencing language development might exhibit similarities across the full spectrum of gestational age.","2024-11-01","2026-07-06 12:27:44","2026-07-14 13:20:50","2026-07-06 12:27:44","1-17","","","180","","Cortex","Interactive roles of preterm-birth and socioeconomic status in cortical thickness of language-related brain structures","26","","","","","","","","","","","ScienceDirect","","","","C:\Users\moin\Zotero\storage\64PSE2AI\Nolte et al. - 2024 - Interactive roles of preterm-birth and socioeconomic status in cortical thickness of language-relate.pdf; C:\Users\moin\Zotero\storage\TFQBH3Q4\S0010945224002168.html","","Preregistered Match","Language; Cortical thickness; Preterm-birth; Socio-economic status","","","","","","","","","","","","","","","","","","","","","","","","","","","","","","","","","","","","","","","","","","","","","",""
"ZYEHU8VY","journalArticle","2020","Fabius, Jasper H.; Nijboer, Tanja C. W.; Fracasso, Alessio; Van der Stigchel, Stefan","Intra-saccadic displacement sensitivity after a lesion to the posterior parietal cortex","Cortex","","0010-9452","10.1016/j.cortex.2020.01.027","https://www.sciencedirect.com/science/article/pii/S0010945220300654","Visual perception is introspectively stable and continuous across eye movements. It has been hypothesized that displacements in retinal input caused by eye movements can be dissociated from displacements in the external world using extra-retinal information, such as a corollary discharge from the oculomotor system. The extra-retinal information can inform the visual system about an upcoming eye movement and accompanying displacements in retinal input. The parietal cortex has been hypothesized to be critically involved in integrating retinal and extra-retinal information. Two tasks have been widely used to assess the quality of this integration: double-step saccades and intra-saccadic displacements. Double-step saccades performed by patients with parietal cortex lesions seemed to show hypometric second saccades. However, recently idea has been refuted by demonstrating that patients with very similar lesions were able to perform the double step saccades, albeit taking multiple saccades to reach the saccade target. So, it seems that extra-retinal information is still available for saccade execution after a lesion to the parietal lobe. Here, we investigated whether extra-retinal signals are also available for perceptual judgements in nine patients with strokes affecting the posterior parietal cortex. We assessed perceptual continuity with the intra-saccadic displacement task. We exploited the increased sensitivity when a small temporal blank is introduced after saccade offset (blank effect). The blank effect is thought to reflect the availability of extra-retinal signals for perceptual judgements. Although patients exhibited a relative difference to control subjects, they still demonstrated the blank effect. The data suggest that a lesion to the posterior parietal cortex (PPC) alters the processing of extra-retinal signals but does not abolish their influence altogether.","2020-06-01","2026-07-13 07:24:26","2026-07-14 13:20:25","2026-07-13 07:24:26","108-119","","","127","","Cortex","","25","","","","","","","","","","","ScienceDirect","","","","C:\Users\moin\Zotero\storage\KHJ553ED\Fabius et al. - 2020 - Intra-saccadic displacement sensitivity after a lesion to the posterior parietal cortex.pdf","","Preregistered Match","Parietal cortex; Saccade; Stroke; Visual perception; Visual stability","","","","","","","","","","","","","","","","","","","","","","","","","","","","","","","","","","","","","","","","","","","","","",""
"J2UBNQZE","journalArticle","2025","Gardette, Jeremy; Besson, Gabriel; Baillet, Marion; Rizzolo, Lou; Narbutas, Justinas; Van Egroo, Maxime; Chylinski, Daphne; Maquet, Pierre; Salmon, Eric; Vandewalle, Gilles; Collette, Fabienne; Bastin, Christine","Individual differences in anterograde memory for details relate to posterior hippocampal volume","Cortex","","0010-9452","10.1016/j.cortex.2025.01.012","https://www.sciencedirect.com/science/article/pii/S0010945225000292","In recent years, there has been a growing interest in individual differences in autobiographical memory. The ability to recall details from personal past events correlates with the volume of specific hippocampal subfields in healthy adults. Although the posterior hippocampus is believed to process detailed memory representations independently of the memory's age, little is known about individual differences in the ability to recall newly encoded events in detail, and how these differences relate to hippocampal subregions. In this preregistered study, we scored the story recalls from 89 healthy middle-aged participants with a newly designed method that allows to distinguish information recalled in detail from gist recall (i.e., when only the general idea is recalled). After a 20-min delay, detailed information was transformed into gists, which is in line with recent evidence that gists can emerge rapidly after a new experience. In addition, we segmented the anterior and posterior hippocampal subfields CA1, CA2/3, dentate gyrus, and subiculum from high-resolution structural MRI. As predicted, the volume of the posterior hippocampus was positively correlated with the detail score but not with the gist score, yet this effect was significant in the right hemisphere only. We also observed trends towards associations between the detail score and specific subfields of the right posterior hippocampus, but none survived statistical correction for multiple comparisons. Finally, we found no evidence for the expected age-related increase in the use of gists over details. Taken together, these results suggest that the posterior hippocampus supports detail memory in the recall of both remote and newly acquired memories.","2025-04-01","2026-07-10 12:49:18","2026-07-14 13:20:04","2026-07-10 12:49:18","64-73","","","185","","Cortex","","24","","","","","","","","","","","ScienceDirect","","","","C:\Users\moin\Zotero\storage\AGNDGFBV\S0010945225000292.html; C:\Users\moin\Zotero\storage\V5L3KXUN\Gardette et al. - 2025 - Individual differences in anterograde memory for details relate to posterior hippocampal volume.pdf","","Preregistered Match","Individual differences; Detail memory; Gist; Hippocampus","","","","","","","","","","","","","","","","","","","","","","","","","","","","","","","","","","","","","","","","","","","","","",""
"FQBUMMIU","journalArticle","2021","Elshout, Joris A.; Van der Stigchel, Stefan; Nijboer, Tanja C. W.","Congruent movement training as a rehabilitation method to ameliorate symptoms of neglect–proof of concept","Cortex","","0010-9452","10.1016/j.cortex.2021.03.037","https://www.sciencedirect.com/science/article/pii/S0010945221002033","Stroke patients with visuospatial neglect (VSN) have difficulties responding to visual information located in the contralesional hemifield, affecting many daily life activities (ADL) such as eating, reading and mobility. Visual Scanning Therapy (VST) is widely used in clinical practice to ameliorate symptoms of VSN. Yet, not all patients benefit from this training and many training sessions are needed in order to achieve stable results. One potentially promising improvement to the VST is based on the theory that different effectors of the motor systems (e.g., eyes, hands) independently allocate attention during the programming of the movement (i.e., Pre Motor Theory of Attention (PMT)). Here, we studied this direct implementation of the PMT and tested whether a congruent movement training (CMT: congruent -i.e., executed at the same time to the same location-eye and pointing movements) is more effective to attenuate symptoms of neglect compared to VST. This study can be seen as a proof of concept. Attenuation of neglect symptoms was found in the CMT group after just 5 h of training in the subacute phase of neglect. In contrast, no training effects were found in the VST group. These findings indicate the potential of CMT which is a minimal –yet crucial-upgrade of the standard VST protocol that can be easily implemented in the clinic.","2021-09-01","2026-07-13 08:54:12","2026-07-14 13:17:16","2026-07-13 08:54:12","84-93","","","142","","Cortex","","23","","","","","","","","","","","ScienceDirect","","","","C:\Users\moin\Zotero\storage\X2PQJAUL\S0010945221002033.html","","Preregistered Match","Attention; Treatment; Congruent movements; Neglect; Visual scanning therapy","","","","","","","","","","","","","","","","","","","","","","","","","","","","","","","","","","","","","","","","","","","","","",""
"MY5HFI2T","journalArticle","2023","Turnbull, Adam; Anthony, Mia; Tadin, Duje; Porsteinsson, Anton P.; Heffner, Kathi; Lin, Feng V.","Effect of online tDCS to left somatomotor cortex on neuropsychiatric symptoms among older adults at risk for dementia","Cortex","","0010-9452","10.1016/j.cortex.2022.10.015","https://www.sciencedirect.com/science/article/pii/S0010945222003239","Background Neuropsychiatric symptoms (NPS) in mild cognitive impairment (MCI) cause distress to patients and caregivers, and accelerate progression to dementia. Transcranial direct current stimulation (tDCS) is a promising non-invasive treatment for NPS. Objective/hypothesis This pilot study assessed behavioral and neural effects of a 4-week anodal tDCS intervention targeting left sensorimotor cortex (LSMC: left precentral/postcentral gyri) during visual attention (compared to online sham tDCS), in 40 older adults (24 females, mean age = 71) with MCI. Methods A phase 0 double-blinded randomized control trial was conducted. NPS (patient-reported mood symptoms plus a caregiver-reported questionnaire) and fMRI were measured at baseline and immediately post-intervention. Results Generalized Estimating Equations found no significant group by time interactions for either NPS measure. However, there was evidence of decreased patient-reported NPS (Wald's χ2 = 3.80, p = .051), decreased LSMC activation during visual attention (Wald's χ2 = 2.93, p = .087), and increased LSMC-amygdala resting-state functional connectivity (rsFC; Wald's χ2 = 3.13, p = .077) in intervention group from pre-to post-intervention. Decrease in LSMC activation (Wald's χ2 = 9.20, p = .002) and increase in LSMC-amygdala rsFC (Wald's χ2 = 4.72, p = .030) related to decreased patient-reported NPS. Increased positive valence across sessions was significantly associated with intervention-related NPS improvement (Wald's χ2 = 22.92, p < .001). There were no findings for caregiver-reported NPS. Effects were stronger for left postcentral compared to left precentral gyrus. Conclusion We found tentative evidence that tDCS applied to LSMC during visual attention in older adults with MCI improved NPS via changes in LSMC activation and LSMC-amygdala rsFC, suggesting improved emotion regulation. Patient-reported NPS was more sensitive to these changes than caregiver-reports, and effects were strongest for left postcentral gyrus. Follow-up studies should perform precise mechanistic investigation and efficacy testing.","2023-02-01","2026-07-13 11:07:37","2026-07-14 13:16:38","2026-07-13 11:07:37","131-141","","","159","","Cortex","","22","","","","","","","","","","","ScienceDirect","","","","C:\Users\moin\Zotero\storage\AXGBADGD\S0010945222003239.html","","Preregistered Match","tDCS; Brain stimulation; Dementia; Non-pharmacological interventions","","","","","","","","","","","","","","","","","","","","","","","","","","","","","","","","","","","","","","","","","","","","","",""
"BTJZYSI7","journalArticle","2025","Chen, Gal R.; McMurray, Eyal H.; Hassin, Ran R.; Deouell, Leon Y.","Neural markers of speech processing during inattentional deafness☆","Cortex","","0010-9452","10.1016/j.cortex.2025.10.010","https://www.sciencedirect.com/science/article/pii/S0010945225002837","Cognitive scientists have long debated the capabilities of non-conscious perception, defined as the level of processing of external stimuli that people do not consciously experience. While much is known about non-conscious visual perception, the auditory modality has received less focus. Here, we examine the level of processing for audible and intelligible spoken words that participants did not notice while performing another difficult visual task. Using repeated occurrences of such inattentional deafness and awareness probes, we measure the non-conscious processing of undetected words. In two pre-registered EEG experiments (N = 67), detected words elicited a frontal followed by a parietal scalp positivity, compared to matched pseudowords. Undetected words, however, showed frontal positivity compared to pseudowords, which differed in distribution and latency from the response to detected words. An exploratory analysis revealed a behavioral interference of undetected words with visual task performance. Both markers of non-conscious processing were contingent on relevance, implying that auditory non-conscious processing is automatic yet goal-dependent. Overall, our results support flexible capabilities for non-conscious speech perception, consistent with the ability to integrate acoustic information over time.","2025-12-01","2026-07-13 06:30:55","2026-07-14 13:16:12","2026-07-13 06:30:55","144-159","","","193","","Cortex","","21","","","","","","","","","","","ScienceDirect","","","","C:\Users\moin\Zotero\storage\4E3BLDHJ\Chen et al. - 2025 - Neural markers of speech processing during inattentional deafness☆.pdf","","Preregistered Match","Consciousness; EEG; Speech perception; Auditory awareness; Unconscious perception","","","","","","","","","","","","","","","","","","","","","","","","","","","","","","","","","","","","","","","","","","","","","",""
"WDKV97S6","journalArticle","2019","Weisberg, Steven M.; Newcombe, Nora S.; Chatterjee, Anjan","Everyday taxi drivers: Do better navigators have larger hippocampi?","Cortex","","0010-9452","10.1016/j.cortex.2018.12.024","https://www.sciencedirect.com/science/article/pii/S0010945219300371","Work with non-human animals and human navigation experts (London taxi drivers) suggests that the size of the hippocampus, particularly the right posterior hippocampus in humans, relates to navigation expertise. Similar observations, sometimes implicating other sections of the hippocampus, have been made for aging populations and for people with neurodegenerative diseases that affect the hippocampus. These data support the hypothesis that hippocampal volume relates to navigation ability. However, the support for this hypothesis is mixed in healthy, young adults, who range widely in their navigation ability. Here, we administered a naturalistic navigation task that measures cognitive map accuracy to a sample of 90 healthy, young adults who also had MRI scans. Using a sequential analysis design with a registered analysis plan, we did not find that navigation ability related to hippocampal volume (total, right only, right posterior only). We conclude that navigation ability in a typical population does not correlate with variations in hippocampal size, and consider possible explanations for this null result.","2019-06-01","2026-07-09 07:43:32","2026-07-14 13:15:28","2026-07-09 07:43:32","280-293","","","115","","Cortex","Everyday taxi drivers","20","","","","","","","","","","","ScienceDirect","","","","C:\Users\moin\Zotero\storage\8DCRT32K\S0010945219300371.html","","Preregistered Match","Spatial cognition; Structural MRI; Hippocampus; Human behavior; Spatial navigation","","","","","","","","","","","","","","","","","","","","","","","","","","","","","","","","","","","","","","","","","","","","","",""
"QR3EHLLH","journalArticle","2024","Tal, Amir; Sar-Shalom, May; Krawitz, Tzahi; Biderman, Dan; Mudrik, Liad","Awareness is needed for contextual effects in ambiguous object recognition","Cortex","","0010-9452","10.1016/j.cortex.2024.01.003","https://www.sciencedirect.com/science/article/pii/S0010945224000091","Despite its centrality to human experience, the functional role of conscious awareness is not yet known. One hypothesis suggests that consciousness is necessary for allowing high-level information to refine low-level processing in a “top-down” manner. To test this hypothesis, in this work we examined whether consciousness is needed for integrating contextual information with sensory information during visual object recognition, a case of top-down processing that is automatic and ubiquitous to our daily visual experience. In three experiments, 137 participants were asked to determine the identity of an ambiguous object presented to them. Crucially, a scene biasing the interpretation of the object towards one option over another (e.g., a picture of a tree when the object could equally be perceived as a fish or a leaf) was presented either before, after, or alongside the ambiguous object. In all three experiments, the scene biased perception of the ambiguous object when it was consciously perceived, but not when it was processed unconsciously. The results therefore suggest that conscious awareness may be needed for top-down contextual processes.","2024-04-01","2026-07-10 17:26:36","2026-07-14 13:14:54","2026-07-10 17:26:36","49-60","","","173","","Cortex","","19","","","","","","","","","","","ScienceDirect","","","","C:\Users\moin\Zotero\storage\LSV3QZNK\S0010945224000091.html","","Preregistered Match","Consciousness; Context; Object recognition; Object-scene integration; Unconscious processing","","","","","","","","","","","","","","","","","","","","","","","","","","","","","","","","","","","","","","","","","","","","","",""
"7Y9AD79F","journalArticle","2022","Herting, Anders K.; Schubert, Thomas W.","Valence, sensations and appraisals co-occurring with feeling moved: evidence on kama muta theory from intra-individually cross-correlated time series","Cognition and Emotion","","0269-9931","10.1080/02699931.2022.2089871","https://doi.org/10.1080/02699931.2022.2089871","Emotional experiences typically labelled “being moved” or “feeling touched” may belong to one universal emotion. This emotion, which has been labelled “kama muta”, is hypothesised to have a positive valence, be elicited by sudden intensifications of social closeness, and be accompanied by warmth, goosebumps and tears. Initial evidence on correlations among the kama muta components has been collected with self-reports after or during the emotion. Continuous measures during the emotion seem particularly informative, but previous work allows only restricted inferences on intra-individual processes because time series were cross-correlated across samples. In the current studies, we instead use a within-subject design to replicate and extend prior work. We compute intra-individual cross-correlations between continuous self-reports on feeling moved and (1) positive and negative affect; (2) goosebumps and subjective warmth and (3) appraisals of closeness and morality. Results confirm the predictions of kama muta theory that feeling moved by intensified communal sharing cross-correlates with appraised closeness, positive affect, warmth and (less so) goosebumps, but not with negative affect. Contrary to predictions, appraised morality cross-correlated with feeling moved as much as appraised closeness did. We conclude that strong inferences on emotional processes are possible using continuous measures, replace earlier findings, and are largely in line with theorising.","2022-08-18","2026-07-13 07:17:03","2026-07-14 13:13:52","2026-07-13 07:17:03","1149-1165","","6","36","","","Valence, sensations and appraisals co-occurring with feeling moved","10","","","","Routledge","","","","","","","Taylor and Francis+NEJM","","_eprint: https://doi.org/10.1080/02699931.2022.2089871","","C:\Users\moin\Zotero\storage\YU463YXB\Herting and Schubert - 2022 - Valence, sensations and appraisals co-occurring with feeling moved evidence on kama muta theory fro.pdf","","Preregistered Match","time series; Kama muta; being moved; elevation; social emotion","","","","","","","","","","","","","","","","","","","","","","","","","","","","","","","","","","","","","","","","","","","","","",""
"2X3BS3HG","journalArticle","2021","Laukkonen, Ruben E.; Ingledew, Daniel J.; Grimmer, Hilary J.; Schooler, Jonathan W.; Tangen, Jason M.","Getting a grip on insight: real-time and embodied Aha experiences predict correct solutions","Cognition and Emotion","","0269-9931","10.1080/02699931.2021.1908230","https://doi.org/10.1080/02699931.2021.1908230","Insight experiences are sudden, persuasive, and can accompany valuable new ideas in science and art. In this preregistered experiment, we aim to validate a novel visceral and continuous measure of insight problem solving and to test whether real-time and embodied feelings of insight can predict correct solutions. We report several findings. Consistent with recent work, we find a strong positive relationship between Aha moments and accuracy for problems that demand implicit processing. We also found that the intensity of the insight experience further predicted the accuracy of solutions and participants naturally embodied the intensity of their insight experiences by squeezing the dynamometer more tightly. Intriguingly, this unintentional embodiment further predicted the accuracy of solutions. We suggest that the dynamometer complements previous measures by (1) simultaneously capturing both process and feeling in real-time, (2) highlights the value of measuring Aha moments on a continuum of intensity, and (3) firmly establishes that the impulsive feeling of Aha can carry information about the veracity of an idea. We discuss the findings in light of a recent theoretical account of how feelings of insight may act as a heuristic to select ideas from the stream of consciousness.","2021-07-04","2026-07-13 08:24:44","2026-07-14 13:13:08","2026-07-13 08:24:44","918-935","","5","35","","","Getting a grip on insight","8","","","","Routledge","","","","","","","Taylor and Francis+NEJM","","_eprint: https://doi.org/10.1080/02699931.2021.1908230","","C:\Users\moin\Zotero\storage\LHIAY86F\Laukkonen et al. - 2021 - Getting a grip on insight real-time and embodied Aha experiences predict correct solutions.pdf","","Preregistered Match","Insight; emotion; creativity; aha; embodied cognition; problem solving","","","","","","","","","","","","","","","","","","","","","","","","","","","","","","","","","","","","","","","","","","","","","",""
"TZJKK545","journalArticle","2022","Van Cutsem, Jeroen; Van Schuerbeek, Peter; Pattyn, Nathalie; Raeymaekers, Hubert; De Mey, Johan; Meeusen, Romain; Roelands, Bart","A drop in cognitive performance, whodunit? Subjective mental fatigue, brain deactivation or increased parasympathetic activity? It's complicated!","Cortex","","0010-9452","10.1016/j.cortex.2022.06.006","https://www.sciencedirect.com/science/article/pii/S0010945222001848","Introduction The discussion on the mechanism(s) underlying mental fatigue is still ongoing. We want to reconfirm a performance-impairing effect of executing a lengthy cognitive task on the subsequent task, and determine how this effect is subtended by neurophysiological variations and subjective experience. Methods Twenty participants (12 females; age: 23 ± 1 y) performed an experimental (EXP) and a control trial (CON) in a randomized counter-balanced order. In both trials a 90-min cognitive task had to be performed (EXP, Stroop task; CON, documentary), that was preceded and followed up by a 10-min flanker task that was completed in the MRI scanner. Throughout the protocol, subjective self-evaluation, peripheral autonomic activation and metabolic measures, cognitive performance and functional brain imagery were recorded. Due to equipment issues, only 11 participants could be included in the analysis of the peripheral autonomic activation. Results Flanker performance dropped both in EXP and CON (p = .010). Heart rate variability increased in time, both in EXP and CON (p ≤ .047). A time-on-task related drop in Stroop performance (p = .007) and higher subjective mental fatigue was observed in EXP compared to CON (p < .001). Moreover, the BOLD signal of response inhibition-associated brain activity in corpus callosum, somatosensory association cortex and anterior cingulate cortex was reduced during the post-flanker task in EXP compared to CON (p < .001). Discussion Our results indicate two different processes: 1) A time-on-task effect as a peripheral physiological deactivation that coincided with the observed post-flanker performance drop both in EXP and CON; and 2) An increase in the level of subjective mental fatigue with prolonged performance on a 90-min Stroop task that is associated with a decrease in response inhibition-associated brain activity in both grey and white matter, specifically in the EXP-condition. Conclusion Our results highlight the multifactoriality of carryover effects, in the present study increased parasympathetic activity was linked with the drop in performance.","2022-10-01","2026-07-13 08:09:38","2026-07-14 12:55:13","2026-07-13 08:09:38","30-45","","","155","","Cortex","A drop in cognitive performance, whodunit?","35","","","","","","","","","","","ScienceDirect","","","","C:\Users\moin\Zotero\storage\ECDYF5H3\S0010945222001848.html","","Preregistered Match","Cognition; Magnetic resonance imaging; Carryover effects; Cognitive fatigue; Heart rate variability","","","","","","","","","","","","","","","","","","","","","","","","","","","","","","","","","","","","","","","","","","","","","",""
"HKT36V8D","journalArticle","2022","Torralba Cuello, Mireia; Drew, Alice; Sabaté San José, Alba; Morís Fernández, Luis; Soto-Faraco, Salvador","Alpha fluctuations regulate the accrual of visual information to awareness","Cortex","","0010-9452","10.1016/j.cortex.2021.11.017","https://www.sciencedirect.com/science/article/pii/S0010945221003774","Endogenous brain processes play a paramount role in shaping up perceptual phenomenology. This is illustrated by the alternations experienced by humans (and other animals) when watching perceptually ambiguous, static images. We hypothesised that endogenous alpha fluctuations in the visual cortex pace the accumulation of sensory information leading to perceptual outcomes. Here, we addressed this hypothesis using binocular rivalry combined with visual entrainment and electroencephalography in humans (64 female, 53 male). The results revealed a correlation between the individual frequency of alpha oscillations in the occipital cortex and perceptual alternation rates experienced during binocular rivalry. In subsequent experiments we show that regulating endogenous brain activity via rhythmic entrainment produced corresponding changes in perceptual alternation rate. These changes were observed only in the alpha range but not at lower entrainment frequencies, and were much reduced when using arrhythmic stimulation. Additionally, entraining at frequencies above the alpha range did not result in speeding up perceptual alternation rates. Overall, these findings support the notion that visual information is accumulated via alpha cycles to promote the emergence of conscious perceptual representations. We suggest that models of binocular rivalry incorporating posterior alpha as a pacemaker can provide an important advance in the comprehension of the dynamics of visual awareness.","2022-02-01","2026-07-10 08:34:12","2026-07-14 12:55:04","2026-07-10 08:34:12","58-71","","","147","","Cortex","","33","","","","","","","","","","","ScienceDirect","","","","C:\Users\moin\Zotero\storage\H2E494CS\S0010945221003774.html","","Preregistered Match","EEG; Alpha activity; Binocular rivalry; Discrete perception; Individual variability; Sensory entrainment","","","","","","","","","","","","","","","","","","","","","","","","","","","","","","","","","","","","","","","","","","","","","",""
"S2HGYPSE","journalArticle","2024","Lowes, Judith; Hancock, Peter J. B.; Bobak, Anna K.","A new way of classifying developmental prosopagnosia: Balanced Integration Score","Cortex","","0010-9452","10.1016/j.cortex.2023.12.011","https://www.sciencedirect.com/science/article/pii/S0010945224000054","Despite severe everyday problems recognising faces, some individuals with developmental prosopagnosia (DP) can achieve typical accuracy scores on laboratory face recognition tests. To address this, studies sometimes also examine response times (RTs), which tend to be longer in DPs relative to control participants. In the present study, 24 potential (according to self-report) DPs and 110 age-matched controls completed the Cambridge Face and Bicycle Memory Tests, old new faces task, and a famous faces test. We used accuracy and the Balanced Integration Score (BIS), a measure that adjusts accuracy for RTs, to classify our sample at the group and individual levels. Subjective face recognition ability was assessed using the PI20 questionnaire and semi structured interviews. Fifteen DPs showed a major impairment using BIS compared with only five using accuracy alone. Logistic regression showed that a model incorporating the BIS measures was the most sensitive for classifying DP and showed highest area under the curve (AUC). Furthermore, larger between-group effect sizes were observed for a derived global (averaged) memory measure calculated using BIS versus accuracy alone. BIS is thus an extremely sensitive novel measure for attenuating speed-accuracy trade-offs that can otherwise mask impairment measured only by accuracy in DP.","2024-03-01","2026-07-13 07:29:04","2026-07-14 12:54:39","2026-07-13 07:29:04","159-184","","","172","","Cortex","A new way of classifying developmental prosopagnosia","27","","","","","","","","","","","ScienceDirect","","","","C:\Users\moin\Zotero\storage\MLX4SFL9\Lowes et al. - 2024 - A new way of classifying developmental prosopagnosia Balanced Integration Score.pdf","","Preregistered Match","Developmental prosopagnosia; Face processing; Face recognition; Balanced Integration Score; Neurodevelopmental; Speed-accuracy trade off","","","","","","","","","","","","","","","","","","","","","","","","","","","","","","","","","","","","","","","","","","","","","",""
"QXXPUVHY","journalArticle","2010","Lynn, Margaret T.; Berger, Christopher C.; Riddle, Travis A.; Morsella, Ezequiel","Mind control? Creating illusory intentions through a phony brain–computer interface","Consciousness and Cognition","","10538100","10.1016/j.concog.2010.05.007","https://linkinghub.elsevier.com/retrieve/pii/S1053810010001078","","2010-12","2026-07-14 12:51:36","2026-07-14 12:52:10","2026-07-14 12:51:36","1007-1012","","4","19","","Consciousness and Cognition","Mind control?","18","","","","","","en","https://www.elsevier.com/tdm/userlicense/1.0/","","","","DOI.org (Crossref)","","","","C:\Users\moin\Zotero\storage\Q5CKPHM2\Lynn et al. - 2010 - Mind control Creating illusory intentions through a phony brain–computer interface.pdf","","Traditional 2010","","","","","","","","","","","","","","","","","","","","","","","","","","","","","","","","","","","","","","","","","","","","","","",""
"INHEVCLQ","journalArticle","2023","Sanson, Mevagh; Risløv Staugaard, Søren; Barzykowski, Krystian","What do laypeople believe about the voluntary and involuntary retrieval of memories?","Consciousness and Cognition","","1053-8100","10.1016/j.concog.2023.103491","https://www.sciencedirect.com/science/article/pii/S1053810023000284","People can remember experiences from their past, either deliberately or spontaneously—that is, memories can be voluntarily or involuntarily retrieved. People tend to report that their voluntary and involuntary memories have different properties. But people’s reports about their mental phenomena can be open to bias or mistaken, shaped in part by their lay beliefs about those phenomena. Therefore, we investigated what laypeople believe about the properties of their voluntarily- and involuntarily-retrieved memories—and how well those beliefs align with the literature. We adopted a funnelled approach, progressively giving subjects more information about the kinds of retrievals of interest and asking them about the typical properties of those retrievals. We found that laypeople have some beliefs that align well with the literature, and others that align less well. Our findings suggest that researchers should consider how their experimental conditions may shape their subjects’ reports about voluntary and involuntary memories.","2023-04-01","2026-07-13 07:36:07","2026-07-14 12:41:41","2026-07-13 07:36:07","103491","","","110","","Consciousness and Cognition","","18","","","","","","","","","","","ScienceDirect","","","","C:\Users\moin\Zotero\storage\SSKTEPJA\S1053810023000284.html","","Preregistered Match","Autobiographical memory; Involuntary retrieval; Layperson beliefs; Voluntary retrieval","","","","","","","","","","","","","","","","","","","","","","","","","","","","","","","","","","","","","","","","","","","","","",""
"FGHAJ3LQ","journalArticle","2022","Mayiwar, Lewend; Løhre, Erik","Speakers’ Choice of Frame Reveals Little About Their Trait Emotions but More About Their Preferences and Risk Perception","Collabra: Psychology","","2474-7394","10.1525/collabra.57704","https://doi.org/10.1525/collabra.57704","People’s decisions depend on how situations are described or framed to them. But how do speakers frame outcomes to others? What factors predict whether a speaker chooses to frame an investment opportunity in terms of its chances of failure or success? Drawing on the appraisal tendency framework, we investigated whether emotions associated with uncertainty (worry) might increase speakers’ preference for negative framing, whereas emotions associated with certainty (anger) might increase speakers’ preference for positive framing. Across two well-powered preregistered studies (NTotal = 1,350), participants responded to measures of dispositional worry and anger and completed framing tasks in different contexts. We told participants that a job applicant/investment in a medical treatment had an estimated chance of failure vs success (e.g., 40% chance of failure and 60% chance of success) and asked them whether they would describe the predicted outcome to their manager in terms of chances of failure or chances of success. Overall, we found little evidence for our hypothesized influence of dispositional worry and anger on framing using our preregistered analysis. However, exploratory analyses revealed that the predicted associations appeared when participants perceived high levels of risk in the decision scenarios. A stronger effect on frame preference was found for risk perception and willingness to recommend a decision, indicating that frames reveal more about such idiosyncratic responses than about emotional traits. Preregistrations, data, code, and materials can be found at https://osf.io/3e98a/.","2022-12-28","2026-07-14 06:59:51","2026-07-14 12:41:30","2026-07-14 06:59:51","57704","","1","8","","Collabra: Psychology","","16","","","","","","","","","","","Silverchair","","","","C:\Users\moin\Zotero\storage\HQMM6BR2\Mayiwar and Løhre - 2022 - Speakers’ Choice of Frame Reveals Little About Their Trait Emotions but More About Their Preferences.pdf","","Preregistered Match","","Nelson, Leif","","","","","","","","","","","","","","","","","","","","","","","","","","","","","","","","","","","","","","","","","","","","",""
"D55CR7RS","journalArticle","2019","Wood, Katherine; Simons, Daniel J.","The spatial allocation of attention in an interactive environment","Cognitive Research: Principles and Implications","","2365-7464","10.1186/s41235-019-0164-5","https://doi.org/10.1186/s41235-019-0164-5","Inattentional blindness methods allow for an unobtrusive measure of the spatial distribution of attention; because subjects do not expect the critical object, they have no reason to devote attention to task-irrelevant regions in anticipation of it. We used inattentional blindness to examine the spatial allocation of attention in an interactive game in which subjects navigated through a dynamic environment and avoided hazards. Subjects were most likely to notice unexpected objects in the areas with the greatest risk of contact with a hazard, and less likely to notice equally proximal objects in inaccessible areas of the display or areas in which hazards no longer posed a threat. These results suggest that both the content of the environment and how a subject can interact with it influence the spatial allocation of attention.","2019-04-17","2026-07-09 07:22:45","2026-07-14 12:41:26","2026-07-09 07:22:45","13","","1","4","","Cogn. Research","","15","","","","","","en","","","","","Springer Link","","","","C:\Users\moin\Zotero\storage\269MTCYB\Wood and Simons - 2019 - The spatial allocation of attention in an interactive environment.pdf","","Preregistered Match","Spatial attention; Inattentional blindness; Interactive environment","","","","","","","","","","","","","","","","","","","","","","","","","","","","","","","","","","","","","","","","","","","","","",""
"FHKIAKC7","journalArticle","2020","Martire, Kristy A.; Growns, Bethany; Bali, Agnes S.; Montgomery-Farrer, Bronte; Summersby, Stephanie; Younan, Mariam","Limited not lazy: a quasi-experimental secondary analysis of evidence quality evaluations by those who hold implausible beliefs","Cognitive Research: Principles and Implications","","2365-7464","10.1186/s41235-020-00264-z","https://doi.org/10.1186/s41235-020-00264-z","Past research suggests that an uncritical or ‘lazy’ style of evaluating evidence may play a role in the development and maintenance of implausible beliefs. We examine this possibility by using a quasi-experimental design to compare how low- and high-quality evidence is evaluated by those who do and do not endorse implausible claims. Seven studies conducted during 2019–2020 provided the data for this analysis (N = 746). Each of the seven primary studies presented participants with high- and/or low-quality evidence and measured implausible claim endorsement and evaluations of evidence persuasiveness (via credibility, value, and/or weight). A linear mixed-effect model was used to predict persuasiveness from the interaction between implausible claim endorsement and evidence quality. Our results showed that endorsers were significantly more persuaded by the evidence than non-endorsers, but both groups were significantly more persuaded by high-quality than low-quality evidence. The interaction between endorsement and evidence quality was not significant. These results suggest that the formation and maintenance of implausible beliefs by endorsers may result from less critical evidence evaluations rather than a failure to analyse. This is consistent with a limited rather than a lazy approach and suggests that interventions to develop analytical skill may be useful for minimising the effects of implausible claims.","2020-12-11","2026-07-09 11:46:33","2026-07-14 12:41:22","2026-07-09 11:46:33","65","","1","5","","Cogn. Research","Limited not lazy","14","","","","","","en","","","","","Springer Link","","","","C:\Users\moin\Zotero\storage\PPFYMEYR\Martire et al. - 2020 - Limited not lazy a quasi-experimental secondary analysis of evidence quality evaluations by those w.pdf","","Preregistered Match","Conspiracy theories; Analytical thinking; Cognitive reflection test; Decision-making; Evidence evaluation; Fake news; Forensic evidence; Implausible beliefs","","","","","","","","","","","","","","","","","","","","","","","","","","","","","","","","","","","","","","","","","","","","","",""
"ATYMRP62","journalArticle","2020","Greene, Ciara M.; Murphy, Gillian","Individual differences in susceptibility to false memories for COVID-19 fake news","Cognitive Research: Principles and Implications","","2365-7464","10.1186/s41235-020-00262-1","https://doi.org/10.1186/s41235-020-00262-1","Exposure to ‘fake news’ can result in false memories, with possible consequences for downstream behaviour. Given the sharp rise in online misinformation during the coronavirus pandemic, it is important to understand the factors that influence the development of false memories. The present study measured susceptibility to false memories following exposure to fabricated news stories about the pandemic in a sample of 3746 participants. We investigated the effect of individual differences in (1) knowledge about COVID-19, (2) engagement with media or discussion about the coronavirus, (3) anxiety about COVID-19 and (4) analytical reasoning. Notably, objectively and subjectively assessed knowledge about COVID-19 were not significantly correlated. Objectively assessed knowledge was associated with fewer false memories but more true memories, suggesting a true discrimination between true and fake news. In contrast, participants who merely believed themselves to be very knowledgeable were more likely to report a memory for true stories, but showed no reduction in false memories. Similarly, individuals who reported high levels of media engagement or anxiety about COVID-19 reported an increase in true (but not false) memories. Finally, higher levels of analytical reasoning were associated with fewer memories for both true and fabricated stories, suggesting a stricter threshold for reporting a memory for any story. These data indicate that false memories can form in response to fake COVID-19 news and that susceptibility to this misinformation is affected by the individual’s knowledge about and interaction with COVID-19 information, as well as their tendency to think critically.","2020-12-04","2026-07-10 08:08:47","2026-07-14 12:41:18","2026-07-10 08:08:46","63","","1","5","","Cogn. Research","","13","","","","","","en","","","","","Springer Link","","","","C:\Users\moin\Zotero\storage\JLUBEA4J\Greene and Murphy - 2020 - Individual differences in susceptibility to false memories for COVID-19 fake news.pdf","","Preregistered Match","","","","","","","","","","","","","","","","","","","","","","","","","","","","","","","","","","","","","","","","","","","","","","",""
"DCPXSQUI","journalArticle","2022","Grady, Justin N.; Cox, Patrick H.; Nag, Samoni; Mitroff, Stephen R.","Conscientiousness protects visual search performance from the impact of fatigue","Cognitive Research: Principles and Implications","","2365-7464","10.1186/s41235-022-00410-9","https://doi.org/10.1186/s41235-022-00410-9","Visual search—looking for targets among distractors—underlies many critical professions (e.g., radiology, aviation security) that demand optimal performance. As such, it is important to identify, understand, and ameliorate negative factors such as fatigue—mental and/or physical tiredness that leads to diminished function. One way to reduce the detrimental effects is to minimize fatigue itself (e.g., scheduled breaks, adjusting pre-shift behaviors), but this is not always possible or sufficient. The current study explored whether some individuals are less susceptible to the impact of fatigue than others; specifically, if conscientiousness, the ability to control impulses and plan, moderates fatigue’s impact. Participants (N = 374) self-reported their energy (i.e., the inverse of fatigue) and conscientiousness levels and completed a search task. Self-report measures were gathered prior to completing the search task as part of a large set of surveys so that participants could not anticipate any particular research question. Preregistered linear mixed-effect analyses revealed main effects of energy level (lower state energy related to lower accuracy) and conscientiousness (more trait conscientiousness related to higher accuracy), and, critically, a significant interaction between energy level and conscientiousness. A follow-up analysis, that was designed to illustrate the nature of the primary result, divided participants into above- vs. below-median conscientiousness groups and revealed a significant negative relationship between energy level and accuracy for the below median, but not above-median, group. The results raise intriguing operational possibilities for visual search professions, with the most direct implication being the incorporation of conscientiousness measures to personnel selection processes.","2022-06-28","2026-07-10 08:16:25","2026-07-14 12:41:16","2026-07-10 08:16:25","56","","1","7","","Cogn. Research","","12","","","","","","en","","","","","Springer Link","","","","C:\Users\moin\Zotero\storage\8QPYUMZ6\Grady et al. - 2022 - Conscientiousness protects visual search performance from the impact of fatigue.pdf","","Preregistered Match","Energy; Fatigue; Individual differences; Visual search; Conscientiousness; Personnel selection","","","","","","","","","","","","","","","","","","","","","","","","","","","","","","","","","","","","","","","","","","","","","",""
"44CKYLYE","journalArticle","2023","Chen, Yi-Chia; Pollick, Frank; Lu, Hongjing","Aesthetic preferences for prototypical movements in human actions","Cognitive Research: Principles and Implications","","2365-7464","10.1186/s41235-023-00510-0","https://doi.org/10.1186/s41235-023-00510-0","A commonplace sight is seeing other people walk. Our visual system specializes in processing such actions. Notably, we are not only quick to recognize actions, but also quick to judge how elegantly (or not) people walk. What movements appear appealing, and why do we have such aesthetic experiences? Do aesthetic preferences for body movements arise simply from perceiving others’ positive emotions? To answer these questions, we showed observers different point-light walkers who expressed neutral, happy, angry, or sad emotions through their movements and measured the observers’ impressions of aesthetic appeal, emotion positivity, and naturalness of these movements. Three experiments were conducted. People showed consensus in aesthetic impressions even after controlling for emotion positivity, finding prototypical walks more aesthetically pleasing than atypical walks. This aesthetic prototype effect could be accounted for by a computational model in which walking actions are treated as a single category (as opposed to multiple emotion categories). The aesthetic impressions were affected both directly by the objective prototypicality of the movements, and indirectly through the mediation of perceived naturalness. These findings extend the boundary of category learning, and hint at possible functions for action aesthetics.","2023-08-17","2026-07-13 07:20:22","2026-07-14 12:41:13","2026-07-13 07:20:22","55","","1","8","","Cogn. Research","","11","","","","","","en","","","","","Springer Link","","","","C:\Users\moin\Zotero\storage\2HLJ75Q5\Chen et al. - 2023 - Aesthetic preferences for prototypical movements in human actions.pdf","","Preregistered Match","Aesthetics; Emotion; Biological motion; Category; Prototype","","","","","","","","","","","","","","","","","","","","","","","","","","","","","","","","","","","","","","","","","","","","","",""
"5RNWEHPG","journalArticle","2010","Brown, Jonathon D.","High self-esteem buffers negative feedback: Once more with feeling","Cognition and Emotion","","0269-9931","10.1080/02699930903504405","https://doi.org/10.1080/02699930903504405","In this article, I report three studies showing that global self-esteem influences people's emotional reactions to negative outcomes. Using social outcomes as well as personal ones (Study 1), naturally occurring outcomes as well as experimentally induced ones (Study 2), and implicit self-feelings as well as self-reported ones (Study 3), I show that high-self-esteem people suffer less emotional distress when they encounter negative outcomes than do low-self-esteem people. I conclude that global self-esteem plays an important role when people confront negative feedback and rejection.","2010-12-01","2026-07-14 12:20:23","2026-07-14 12:20:41","2026-07-14 12:20:23","1389-1404","","8","24","","","High self-esteem buffers negative feedback","8","","","","Routledge","","","","","","","Taylor and Francis+NEJM","","_eprint: https://doi.org/10.1080/02699930903504405","","C:\Users\moin\Zotero\storage\25UJAKQ3\Brown - 2010 - High self-esteem buffers negative feedback Once more with feeling.pdf","","Traditional 2010","Failure; Self-esteem; Emotion","","","","","","","","","","","","","","","","","","","","","","","","","","","","","","","","","","","","","","","","","","","","","",""
"NI3N6CFN","journalArticle","2010","Beattie, S.; Davies, M.","A test of engagement versus disengagement in catastrophe models","British Journal of Psychology","","0007-1269, 2044-8295","10.1348/000712609X467891","https://bpspsychub.onlinelibrary.wiley.com/doi/10.1348/000712609X467891","The present study explored the interactive effects of self‐efficacy and increasing/decreasing task difficulty upon engagement and disengagement within a cusp‐catastrophe model framework. Using a closed motor skill aiming task participants (               N               =60) were required to compete in conditions where task difficulty increased and then decreased (or vice versa) where they were rewarded for good performance but penalized for bad. Participants who reported low levels of self‐efficacy disengage at an earlier level of task difficulty than their high self‐efficacy counterparts. Furthermore, this group did not re‐engage with the task until task difficulty had significantly decreased. Although task disengagement occurred with high difficulty in the high self‐efficacy group, this group re‐engaged in a similar manner in which they disengaged. Findings support and extend those of previous tests of catastrophe models by directly allowing for task disengagement.","2010-05","2026-07-14 11:38:13","2026-07-14 11:38:37","2026-07-14 11:38:13","361-371","","2","101","","British J of Psychology","","6","","","","","","en","http://onlinelibrary.wiley.com/termsAndConditions#vor","","","","DOI.org (Crossref)","","","","C:\Users\moin\Zotero\storage\ML52TP2H\Beattie and Davies - 2010 - A test of engagement versus disengagement in catastrophe models.pdf","","Traditional 2010","","","","","","","","","","","","","","","","","","","","","","","","","","","","","","","","","","","","","","","","","","","","","","",""
"K97KGN7J","journalArticle","2010","Dijker, Anton J. M.","Perceived vulnerability as a common basis of moral emotions","British Journal of Social Psychology","","2044-8309","10.1348/014466609X482668","https://onlinelibrary.wiley.com/doi/abs/10.1348/014466609X482668","It is theorized that many moral emotions are triggered when a mechanism for (parental) care is activated by perceived vulnerability, and changes in the care object's well-being are subsequently evaluated and causally attributed. Participants reported different moral emotions (tenderness, concern, sympathy, guilt, and moral anger) in relation to different photographs of males and females widely differing in age. Using variation between emotion objects, it was shown that emotional reactions were highly intercorrelated and strongly related to perceived vulnerability and aroused protective tendency; with children and elderly arousing the strongest, and adult males the weakest, emotions. Moreover, these intercorrelations largely disappeared when vulnerability and protective tendency were statistically controlled. Theoretical implications are discussed.","2010","2026-07-14 09:12:35","2026-07-14 11:38:37","2026-07-14 09:12:35","415-423","","2","49","","","","7","","","","","","en","2010 The British Psychological Society","","","","Wiley Online Library","","_eprint: https://bpspsychub.onlinelibrary.wiley.com/doi/pdf/10.1348/014466609X482668","","C:\Users\moin\Zotero\storage\RV27CABU\Dijker - 2010 - Perceived vulnerability as a common basis of moral emotions.pdf; C:\Users\moin\Zotero\storage\HWFMSIHS\014466609X482668.html","","Traditional 2010","","","","","","","","","","","","","","","","","","","","","","","","","","","","","","","","","","","","","","","","","","","","","","",""
"XERZIYCC","journalArticle","2010","Petersen, Sibylle; Ritz, Thomas","Dependency of illness evaluation on the social comparison context: Findings with implicit measures of affective evaluation of asthma","British Journal of Health Psychology","","1359-107X, 2044-8287","10.1348/135910709X466676","https://bpspsychub.onlinelibrary.wiley.com/doi/10.1348/135910709X466676","Objectives.               The affective dimension of illness representation plays an important role in asthma self‐management. However, little is known about the stability of this affective representation across contexts. We explored the role of social comparison in this affective evaluation.                                         Design and methods.               Participants included 20 individuals reporting an asthma diagnosis and 33 healthy controls. To measure asthma attitudes, we used three different versions of the Implicit Association Test (IAT), a single target IAT (ST‐IAT) and two IATs with different social comparison standards for asthma evaluation (1) HIV and (2) diabetes. Reaction times to pair asthma with positive or negative word stimuli in the three IATs were compared in a repeated measure ANOVA. Furthermore, the relationship between affective evaluation, self‐reported asthma‐specific coping, and negative affect was explored.                                         Results.               Individuals reporting an asthma diagnosis showed a stronger negative evaluation of asthma than healthy individuals in the ST‐IAT. This negative evaluation was positively related to the self‐report of dysfunctional coping strategies. However, in the IAT introducing a downward social comparison with HIV, evaluation of asthma was less negative and no longer positively related to the report of dysfunctional coping.                                         Conclusion.               Downward social comparison can buffer against negative affective evaluation of asthma. The context dependency of illness‐related attitudes requires attention in future research and asthma management practice.","2010-05","2026-07-14 11:36:02","2026-07-14 11:38:36","2026-07-14 11:36:02","401-416","","2","15","","British J Health Psychol","Dependency of illness evaluation on the social comparison context","5","","","","","","en","http://onlinelibrary.wiley.com/termsAndConditions#vor","","","","DOI.org (Crossref)","","","","C:\Users\moin\Zotero\storage\WCEC2GJ2\Petersen and Ritz - 2010 - Dependency of illness evaluation on the social comparison context Findings with implicit measures o.pdf","","Traditional 2010","","","","","","","","","","","","","","","","","","","","","","","","","","","","","","","","","","","","","","","","","","","","","","",""
"8JXL6CW3","journalArticle","2010","Morison, Linda A.; Cozzolino, Philip J.; Orbell, Sheina","Temporal perspective and parental intention to accept the human papillomavirus vaccination for their daughter","British Journal of Health Psychology","","1359-107X, 2044-8287","10.1348/135910709X437092","https://bpspsychub.onlinelibrary.wiley.com/doi/10.1348/135910709X437092","Objective               A school‐based vaccination programme to prevent infection with the human papillomavirus (HPV), the virus that causes cervical cancer, began in October 2008 in England. The present study evaluated the role of temporal perspective in the formation of attitudes and intentions towards the vaccine.                                         Design               A cross‐sectional correlational survey of 245 parents of 11–12‐year‐old girls.                                         Methods               Parents read a passage about the HPV vaccine containing information about benefits and concerns parents might have about the vaccine. They then completed a thought listing task and measures of attitude, vaccine efficacy, anticipated regret, intention, and consideration of future consequences.                                         Results               Parents with higher consideration of future consequences generated more positive relative to negative thoughts, held more positive attitudes, higher response efficacy, reported higher anticipated regret about not vaccinating their daughters and held more positive intentions. Mediation analyses suggested that the influence of thoughts generated on intention to vaccinate was partially mediated by attitude, perceived vaccine efficacy, and anticipated regret if the vaccine were not taken up.                                         Conclusion               Messages emphasizing efficacy of vaccination and anticipated regret are likely to promote vaccination uptake.","2010-02","2026-07-14 11:30:43","2026-07-14 11:38:36","2026-07-14 11:30:43","151-165","","1","15","","British J Health Psychol","","4","","","","","","en","http://onlinelibrary.wiley.com/termsAndConditions#vor","","","","DOI.org (Crossref)","","","","C:\Users\moin\Zotero\storage\VJQCL6RZ\Morison et al. - 2010 - Temporal perspective and parental intention to accept the human papillomavirus vaccination for their.pdf","","Traditional 2010","","","","","","","","","","","","","","","","","","","","","","","","","","","","","","","","","","","","","","","","","","","","","","",""
"KEZZLYWB","journalArticle","2010","Pinxten, Maarten; De Fraine, Bieke; Van Damme, Jan; D'Haenens, Ellen","Causal ordering of academic self‐concept and achievement: Effects of type of achievement measure","British Journal of Educational Psychology","","0007-0998, 2044-8279","10.1348/000709910X493071","https://bpspsychub.onlinelibrary.wiley.com/doi/10.1348/000709910X493071","Background.               The relation between academic self‐concept and achievement has been examined in a large number of studies. The majority of these studies have found evidence for a reciprocal effects model. However, there is an ongoing debate on how students' achievement should be measured and whether the type of achievement indicator (grades, tests, teacher ratings) affects the causal pattern found in these studies.                                         Aims.               The study aims at clarifying how the types of achievement measures and the way they are modelled can affect the results of causal ordering studies. In that sense, the study will yield recommendations for researchers in this domain and also provide some direction for practitioners seeking ways to enhance their students' achievement and/or academic self‐concept.                                         Sample.               Repeated measures of academic self‐concept and achievement (standardized tests and teacher ratings) were examined in a sample of 1,753 students in Grades 7, 8, 10, and 12.                                         Method.               Structural equation modelling was used. Several models (with different types and numbers of achievement measures) were compared.                                         Results.               Only small differences were found between models using one or two indicators of achievement. All models generally supported the reciprocal effects model. However, the final model, wherein tests and teacher ratings were used as separate latent variables, showed different developmental patterns in the causal relation between academic self‐concept and achievement.                                         Conclusions.               Researchers should interpret the results of causal ordering studies discerningly because the type of measure chosen as an indicator of achievement might affect the causal pattern between academic self‐concept and achievement.","2010-12","2026-07-14 11:27:37","2026-07-14 11:38:35","2026-07-14 11:27:37","689-709","","4","80","","Brit J of Edu Psychol","Causal ordering of academic self‐concept and achievement","3","","","","","","en","http://onlinelibrary.wiley.com/termsAndConditions#vor","","","","DOI.org (Crossref)","","","","C:\Users\moin\Zotero\storage\EPHWPDYY\Pinxten et al. - 2010 - Causal ordering of academic self‐concept and achievement Effects of type of achievement measure.pdf","","Traditional 2010","","","","","","","","","","","","","","","","","","","","","","","","","","","","","","","","","","","","","","","","","","","","","","",""
"REHJCSD7","journalArticle","2021","Holleman, Bregje; Kamoen, Naomi; Struiksma, Marijn","The affect of negativity: testing the Foreign Language Effect in three types of valence framing and a moral dilemma","Cognition and Emotion","","0269-9931","10.1080/02699931.2021.1889472","https://doi.org/10.1080/02699931.2021.1889472","In decision-making people react differently to positive wordings than to negatives, which may be caused by negativity bias: a difference in emotional force of these wordings. Because emotions are assumed to be activated more strongly in one’s mother tongue, we predict a Foreign Language Effect, being that such framing effects are larger in a native language than in a foreign one. In two experimental studies (N = 475 and N = 503) we tested this prediction for balanced and unbalanced second language users of Spanish and English and for three types of valence framing effects. In Study 1 we observed risky-choice framing effects and attribute framing effects, but these were always equally large for native and foreign-language speakers. In our second study, we added a footbridge dilemma to the framing materials. Only for this task we did observe a Foreign Language Effect, indicating more utilitarian choices when the dilemma is presented in L2. Hence, across two studies, we find no Foreign Language Effect for three types of valence framing but we do find evidence for such an effect in a moral decision task. We discuss several alternative explanations for these results.","2021-05-19","2026-07-13 08:51:00","2026-07-14 08:58:50","2026-07-13 08:51:00","690-704","","4","35","","","The affect of negativity","9","","","","Routledge","","","","","","","Taylor and Francis+NEJM","","_eprint: https://doi.org/10.1080/02699931.2021.1889472","","C:\Users\moin\Zotero\storage\EDX62ZKY\Holleman et al. - 2021 - The affect of negativity testing the Foreign Language Effect in three types of valence framing and.pdf","","Preregistered Match","risky-choice framing; footbridge dilemma; Foreign Language Effect (FLE); L1/L2; negativity bias; Valence framing","","","","","","","","","","","","","","","","","","","","","","","","","","","","","","","","","","","","","","","","","","","","","",""
"CCKJVRPP","journalArticle","2024","Buss, Martje; Wagner, Jenny; Bleckmann, Eva; Wieczorek, Larissa L.","Popularity at first sight: Dominant behaviours mediate the link between extraversion and popularity in face-to-face and virtual group interactions","British Journal of Social Psychology","","2044-8309","10.1111/bjso.12720","https://onlinelibrary.wiley.com/doi/abs/10.1111/bjso.12720","Although there is robust evidence that being more extraverted is related to higher popularity, only few studies have examined which actual behaviours (e.g., verbal content, body language) might explain this association. The current study examined whether observer-rated dominant behaviours (nonverbal, paraverbal, verbal, and general cues) mediate the relationship between self-rated extraversion and its facets (assertiveness, sociability, and activity) and other-rated popularity in zero-acquaintance settings. In two studies, we analysed data from face-to-face (Study 1, N = 124) and virtual (Study 2, N = 291) group interactions where participants were videotaped while performing a task and subsequently rated each other on popularity. Across studies, extraversion and the facets assertiveness and sociability were consistently associated with higher popularity, while the role of dominant behaviours differed. In Study 1, only two nonverbal behaviours, dominant gestures and upright posture, mediated the association between extraversion and popularity. In Study 2, all four types of behavioural cues mediated the association between extraversion (facets) and popularity. We discuss how these findings provide insights into the mechanisms of attaining popularity at zero acquaintance in diverse social settings.","2024","2026-07-13 06:42:27","2026-07-14 08:58:45","2026-07-13 06:42:27","1226-1253","","3","63","","","Popularity at first sight","7","","","","","","en","© 2024 The Authors. British Journal of Social Psychology published by John Wiley & Sons Ltd on behalf of British Psychological Society.","","","","Wiley Online Library","","_eprint: https://bpspsychub.onlinelibrary.wiley.com/doi/pdf/10.1111/bjso.12720","","C:\Users\moin\Zotero\storage\KSG4VDH3\Buss et al. - 2024 - Popularity at first sight Dominant behaviours mediate the link between extraversion and popularity.pdf; C:\Users\moin\Zotero\storage\FQGT6HPS\bjso.html","","Preregistered Match","dominance; extraversion; interpersonal perceptions; popularity; social behaviours","","","","","","","","","","","","","","","","","","","","","","","","","","","","","","","","","","","","","","","","","","","","","",""
"MPJC87JX","journalArticle","2024","Ma, Gloria W. S.; Schöne, Jonas P.; Parkinson, Brian","Social sharing of emotion during the collective crisis of COVID-19","British Journal of Psychology","","2044-8295","10.1111/bjop.12729","https://onlinelibrary.wiley.com/doi/abs/10.1111/bjop.12729","We collected data from two sources – social media and online questionnaires – to investigate the emotional consequences of social sharing during the COVID-19 pandemic. Study 1 tracked and analysed sentiment of tweets posted over the course of a month in the crisis period and found that users who tweeted more frequently about COVID-19 expressed decreasing negative sentiment and increasing positive sentiment over time. Granger causality tests confirmed that this association was better interpreted in the forward direction (sharing levels predicting sentiment) than in the reverse direction (sentiment predicting sharing levels). Study 2 focused on immediate emotional consequences of sharing COVID-19-related events and found that participants reported improved overall affect about an event after sharing it, especially when that event was a personal experience rather than a news story. Reported positive feelings about both kinds of events were also significantly higher after sharing. Taken together, both studies suggested that social sharing is linked with emotional relief and may therefore help people to deal with their negative experiences during a persistent collective crisis.","2024","2026-07-09 12:01:29","2026-07-14 08:58:42","2026-07-09 12:01:29","843-879","","4","115","","","","6","","","","","","en","© 2024 The Author(s). British Journal of Psychology published by John Wiley & Sons Ltd on behalf of The British Psychological Society.","","","","Wiley Online Library","","_eprint: https://bpspsychub.onlinelibrary.wiley.com/doi/pdf/10.1111/bjop.12729","","C:\Users\moin\Zotero\storage\T3DP8E4H\Ma et al. - 2024 - Social sharing of emotion during the collective crisis of COVID-19.pdf","","Preregistered Match","mental health; COVID-19; crisis; emotion regulation; social sharing of emotion","","","","","","","","","","","","","","","","","","","","","","","","","","","","","","","","","","","","","","","","","","","","","",""
"JTYI7C7A","journalArticle","2025","Roskvist, Rachel; Consedine, Nathan S.","Is compassion fatigue a self-fulfilling prophecy in health care? A preregistered experimental study of manipulated expectations in doctors and medical trainees","British Journal of Health Psychology","","2044-8287","10.1111/bjhp.70013","https://onlinelibrary.wiley.com/doi/abs/10.1111/bjhp.70013","Objectives To test the possibility that narratives regarding compassion as tiring (compassion fatigue) in health care represent a form of self-fulfilling prophecy by experimentally testing whether perceptions of compassion can be manipulated and whether such manipulations change ratings of compassion toward hypothetical patients. Design Preregistered experimental study of medical practitioners and trainee doctors conducted anonymously and online using a mixed between-groups and repeated within-person design. Methods New Zealand doctors and medical trainees were randomized to watch a video positioning compassion as positive or negative (or a control video). Perceptions of compassion were rated before and after the manipulation, before participants rated standardized vignettes depicting patients who systematically varied in terms of presentation and responsibility for condition. Data were analysed using factorial analysis of variance (ANOVA). Results Factorial ANOVA revealed that perceptions of compassion were influenced by the video manipulation but group differences in ratings of care, compassion, and desire to help hypothetical patients were not found. Patient presentation and responsibility manipulations showed large effects and there was evidence for the influence of social desirability. Conclusions This study provides ‘proof of principle’ that perceptions of compassion are malleable lending support to the possibility that a focus on compassion fatigue may be contributing to a self-fulfilling prophecy. Perceptions of compassion were readily altered following a short video intervention. While group differences in responses to hypothetical patients were not seen, the findings (particularly the large effect of patient factors) support the view that multiple factors contribute to the emergence of compassion in health care.","2025","2026-07-10 17:40:59","2026-07-14 08:58:38","2026-07-10 17:40:59","e70013","","3","30","","","Is compassion fatigue a self-fulfilling prophecy in health care?","5","","","","","","en","© 2025 The Author(s). British Journal of Health Psychology published by John Wiley & Sons Ltd on behalf of British Psychological Society.","","","","Wiley Online Library","","_eprint: https://bpspsychub.onlinelibrary.wiley.com/doi/pdf/10.1111/bjhp.70013","","C:\Users\moin\Zotero\storage\T5LUUB6N\Roskvist and Consedine - 2025 - Is compassion fatigue a self-fulfilling prophecy in health care A preregistered experimental study.pdf; C:\Users\moin\Zotero\storage\GTSVIBS3\bjhp.html","","Preregistered Match","compassion; compassion fatigue; environmental factors; expectations; health care; patient factors; physician","","","","","","","","","","","","","","","","","","","","","","","","","","","","","","","","","","","","","","","","","","","","","",""
"2T2RV8MA","journalArticle","2022","Davis, Colin J.; Golding, Matt; McKay, Ryan","Efficacy information influences intention to take COVID-19 vaccine","British Journal of Health Psychology","","2044-8287","10.1111/bjhp.12546","https://onlinelibrary.wiley.com/doi/abs/10.1111/bjhp.12546","Objectives A successful response to the COVID-19 pandemic requires achieving high levels of vaccine uptake. We tested whether directly contrasting the high efficacy of COVID-19 vaccines with the lower efficacy of the annual flu vaccine would increase intentions to take a COVID-19 vaccine. Design A pre-registered online study of 481 participants compared four information conditions: (1) no information; (2) COVID-19 Vaccine Information Only; and COVID-19 Vaccine Information combined with flu vaccine information suggesting either (3) 60% efficacy or (4) 40% efficacy; we measured COVID-19 and flu vaccine intentions along with several other vaccine-related variables. Methods The Prolific platform was used to recruit 481 UK participants (64% female; aged between 18 and 85 years) who had been pre-screened to have intermediate levels of vaccine hesitancy. After reading a short text ( 200 words) about COVID-19 vaccines, participants were asked about their vaccination intentions. Results Providing information about the safety and efficacy of the new COVID-19 vaccines resulted in vaccination intentions that were, on average, 0.39 standard deviations (SDs) higher than those in the no information condition; providing the same COVID vaccine efficacy information in the context of information about flu vaccine efficacy resulted in a further significant increase in vaccination intentions that were 0.68 SD higher than those in the no information condition. This positive contrast effect for the COVID-19 vaccine was not associated with reduced flu vaccine intentions. Conclusions Vaccination intentions can be strengthened through a simple messaging intervention that utilizes context effects to increase perceived response efficacy.","2022","2026-07-14 06:47:08","2026-07-14 08:58:35","2026-07-14 06:47:08","300-319","","2","27","","","","4","","","","","","en","© 2021 The Authors. British Journal of Health Psychology published by John Wiley & Sons Ltd on behalf of British Psychological Society.","","","","Wiley Online Library","","_eprint: https://bpspsychub.onlinelibrary.wiley.com/doi/pdf/10.1111/bjhp.12546","","C:\Users\moin\Zotero\storage\LFW5B8BE\Davis et al. - 2022 - Efficacy information influences intention to take COVID-19 vaccine.pdf","","Preregistered Match","COVID-19; efficacy; health communication; protection motivation theory; vaccines","","","","","","","","","","","","","","","","","","","","","","","","","","","","","","","","","","","","","","","","","","","","","",""
"M84S9XQC","journalArticle","2023","Bakchich, Julien; Carré, Arnaud; Claes, Nele; Smeding, Annique","The moderating role of socioeconomic status on the relationship between teacher social support and sense of belonging to school","British Journal of Educational Psychology","","2044-8279","10.1111/bjep.12545","https://onlinelibrary.wiley.com/doi/abs/10.1111/bjep.12545","Background Teacher social support (TSS) has been identified as one of the most important factors of success and well-being for students. Yet, there is a gap in the literature regarding the impact of students' socioeconomic status (SES) on their perceptions of TSS, and whether SES may impact the strength of the relationship between teacher social support and students' sense of belonging to school (SBS). Aims In this preregistered study, we aimed at filling this gap by testing the moderating role of SES on the TSS-SBS link, along with the direct associations between these variables. Sample We used data from the French sample of the Programme for International Student Assessment 2018 (PISA; N = 6308). Methods TSS was primarily assessed as a latent construct based on three indicators provided by PISA: teacher support, teacher emotional support and teacher feedback. Regarding SES, we primarily focused on family wealth possessions and parents' highest level of education. Results Using structural equation modelling, findings confirmed that the TSS-SBS link was stronger for high-SES than low-SES students. We also found a negative association between teacher support and SES. Importantly, preregistered additional analyses highlight that findings depend on the SES and TSS indicators considered. Conclusions Findings support the importance of SES effect on students' perceptions of their interactions with teachers and the extent to which they perceive they belong to the school. The implications and limitations of this research are discussed.","2023","2026-07-12 19:59:16","2026-07-14 08:58:32","2026-07-12 19:59:16","153-166","","1","93","","","","3","","","","","","en","© 2022 British Psychological Society.","","","","Wiley Online Library","","_eprint: https://bpspsychub.onlinelibrary.wiley.com/doi/pdf/10.1111/bjep.12545","","C:\Users\moin\Zotero\storage\67ZBC22C\Bakchich et al. - 2023 - The moderating role of socioeconomic status on the relationship between teacher social support and s.pdf; C:\Users\moin\Zotero\storage\6VTKTPXF\bjep.html","","Preregistered Match","socioeconomic status; Programme for International Student Assessment; sense of belonging; teacher social support; teacher–student relationship","","","","","","","","","","","","","","","","","","","","","","","","","","","","","","","","","","","","","","","","","","","","","",""
"YUM9X39I","journalArticle","2011","Schirillo, James A.","Cross-modal detection using various temporal and spatial configurations","Attention, Perception, & Psychophysics","","1943-393X","10.3758/s13414-010-0012-7","https://doi.org/10.3758/s13414-010-0012-7","To better understand temporal and spatial cross-modal interactions, two signal detection experiments were conducted in which an auditory target was sometimes accompanied by an irrelevant flash of light. In the first, a psychometric function for detecting a unisensory auditory target in varying signal-to-noise ratios (SNRs) was derived. Then auditory target detection was measured while an irrelevant light was presented with light/sound stimulus onset asynchronies (SOAs) between 0 and ±700 ms. When the light preceded the sound by 100 ms or was coincident, target detection (d’) improved for low SNR conditions. In contrast, for larger SOAs (350 and 700 ms), the behavioral gain resulted from a change in both d’ and response criterion (β). However, when the light followed the sound, performance changed little. In the second experiment, observers detected multimodal target sounds at eccentricities of ±8°, and ±24°. Sensitivity benefits occurred at both locations, with a larger change at the more peripheral location. Thus, both temporal and spatial factors affect signal detection measures, effectively parsing sensory and decision-making processes.","2011-01-01","2026-07-14 07:56:30","2026-07-14 08:28:57","2026-07-14 07:56:30","237-246","","1","73","","Atten Percept Psychophys","","2","","","","","","en","","","","","Springer Link","","","","C:\Users\moin\Zotero\storage\S5KJVRLV\Schirillo - 2011 - Cross-modal detection using various temporal and spatial configurations.pdf","","Traditional 2010","Signal detection theory; Cross-modal detection","","","","","","","","","","","","","","","","","","","","","","","","","","","","","","","","","","","","","","","","","","","","","",""
"MVV49V27","journalArticle","2010","Ngo, Mary Kim; Spence, Charles","Auditory, tactile, and multisensory cues facilitate search for dynamic visual stimuli","Attention, Perception, & Psychophysics","","1943-393X","10.3758/APP.72.6.1654","https://doi.org/10.3758/APP.72.6.1654","Presenting an auditory or tactile cue in temporal synchrony with a change in the color of a visual target can facilitate participants’ visual search performance. In the present study, we compared the magnitude of unimodal auditory, vibrotactile, and bimodal (i.e., multisensory) cuing benefits when the nonvisual cues were presented in temporal synchrony with the changing of the target’s color (Experiments 1 and 2). The target (a horizontal or vertical line segment) was presented among a number of distractors (tilted line segments) that also changed color at various times. In Experiments 3 and 4, the cues were also made spatially informative with regard to the location of the visual target. The unimodal and bimodal cues gave rise to an equivalent (significant) facilitation of participants’ visual search performance relative to a no-cue baseline condition. Making the unimodal auditory and vibrotactile cues spatially informative produced further performance improvements (on validly cued trials), as compared with cues that were spatially uninformative or otherwise spatially invalid. A final experiment was conducted in order to determine whether cue location (close to versus far from the visual display) would influence participants’ visual search performance. Auditory cues presented close to the visual search display were found to produce significantly better performance than cues presented over headphones. Taken together, these results have implications for the design of nonvisual and multisensory warning signals used in complex visual displays.","2010-08-01","2026-07-14 07:51:25","2026-07-14 08:28:53","2026-07-14 07:51:25","1654-1665","","6","72","","Attention, Perception, & Psychophysics","","1","","","","","","en","","","","","Springer Link","","","","C:\Users\moin\Zotero\storage\P92ZJLZN\Ngo and Spence - 2010 - Auditory, tactile, and multisensory cues facilitate search for dynamic visual stimuli.pdf","","Traditional 2010","Visual Search; Inverse Efficienc; Isual Target; Visual Search Performance; Visual Target","","","","","","","","","","","","","","","","","","","","","","","","","","","","","","","","","","","","","","","","","","","","","",""
"JLMAD35U","journalArticle","2024","Jungerius, Chris; Perizonius, Sophie; Slagter, Heleen A.","Reduced contextual uncertainty facilitates learning what to attend to and what to ignore","Attention, Perception, & Psychophysics","","1943-393X","10.3758/s13414-024-02945-z","https://doi.org/10.3758/s13414-024-02945-z","Variability in the search environment has been shown to affect the capture of attention by salient distractors, as attentional capture is reduced when context variability is low. However, it remains unclear whether this reduction in capture is caused by contextual learning or other mechanisms, grounded in generic context-structure learning. We set out to test this by training participants (n = 200) over two sessions in a visual search task, conducted online, where they gained experience with a small subset of search displays, which significantly reduced capture of attention by colour singletons. In a third session, we then tested participants on a mix of familiar and novel search displays and examined whether this reduction in capture was specific to familiar displays, indicative of contextual cueing effects, or would generalise to novel displays. We found no capture by the singleton in either the familiar or novel condition. Instead, our findings suggested that reduced statistical volatility reduced capture by allowing the development of generic predictions about task-relevant locations and features of the display. These findings add to the current debate about the determinants of capture by salient distractors by showing that capture is also affected by generic task regularities and by the volatility of the learning environment.","2024-08-01","2026-07-12 20:14:37","2026-07-14 08:13:49","2026-07-12 20:14:37","1861-1871","","6","86","","Atten Percept Psychophys","","2","","","","","","en","","","","","Springer Link","","","","C:\Users\moin\Zotero\storage\QDS59B4D\Jungerius et al. - 2024 - Reduced contextual uncertainty facilitates learning what to attend to and what to ignore.pdf","","Preregistered Match","Attentional capture; Statistical learning; Visual search; Contextual cueing; Distractor suppression","","","","","","","","","","","","","","","","","","","","","","","","","","","","","","","","","","","","","","","","","","","","","",""
"6Z6M2TA2","journalArticle","2020","Dowd, Emma Wu; Golomb, Julie D.","The Binding Problem after an eye movement","Attention, Perception, & Psychophysics","","1943-393X","10.3758/s13414-019-01739-y","https://doi.org/10.3758/s13414-019-01739-y","Spatial attention is thought to be the “glue” that binds features together (e.g., Treisman & Gelade, 1980, Psychology, 12[1], 97–136)—but attention is dynamic, constantly moving across multiple goals and locations. For example, when a person moves her eyes, visual inputs that are coded relative to the eyes (retinotopic) must be rapidly updated to maintain stable world-centered (spatiotopic) representations. Here, we examined how dynamic updating of spatial attention after a saccadic eye movement affects object-feature binding. Immediately after a saccade, participants were simultaneously presented with four colored and oriented bars (one at a precued spatiotopic target location) and instructed to reproduce both the color and orientation of the target item. Object-feature binding was assessed by applying probabilistic mixture models to the joint distribution of feature errors: feature reports for the target item could be correlated (and thus bound together) or independent. We found that compared with holding attention without an eye movement, attentional updating after an eye movement produced more independent errors, including illusory conjunctions, in which one feature of the item at the spatiotopic target location was misbound with the other feature of the item at the initial retinotopic location. These findings suggest that even when only one spatiotopic location is task relevant, spatial attention—and thus object-feature binding—is malleable across and after eye movements, heightening the challenge that eye movements pose for the binding problem and for visual stability.","2020-01-01","2026-07-10 13:01:43","2026-07-14 08:13:28","2026-07-10 13:01:43","168-180","","1","82","","Atten Percept Psychophys","","1","","","","","","en","","","","","Springer Link","","","","C:\Users\moin\Zotero\storage\K9M8PMZL\Dowd and Golomb - 2020 - The Binding Problem after an eye movement.pdf","","Preregistered Match","Attention: space-base; Eye movements and visual attention","","","","","","","","","","","","","","","","","","","","","","","","","","","","","","","","","","","","","","","","","","","","","",""
"W4AFBKUN","journalArticle","2023","Britton, Emily M.; Laurin, Kristin; Grossmann, Igor; Dorfman, Anna; Oakes, Harrison; Scholer, Abigail A.","The Dynamics of Self-Control Conflicts in Daily Life in Predicting Self-Control Success and Perceived Self-Regulatory Effectiveness","Collabra: Psychology","","2474-7394","10.1525/collabra.88158","https://online.ucpress.edu/collabra/article/9/1/88158/197484/The-Dynamics-of-Self-Control-Conflicts-in-Daily","People often face conflicts where they must choose between their long-term goals and tempting alternatives. Using an open-ended daily diary design, we investigated the characteristics of self-control conflicts in daily life, both replicating and extending past work. Specifically, we examined the factors that affected self-control conflict success, as well as how the nature and resolution of the conflict affected general perceptions of self-regulatory effectiveness. Self-control conflicts varied considerably within-persons including the domain of the conflict, the use of strategies, and whether they were successfully resolved. There was also variability in people’s subjective perceptions of how pulled they felt towards the temptation and the opposing goal, as well as how difficult and important the overall decision was. Furthermore, these factors predicted whether a conflict was resolved successfully (i.e., in favor of the goal), with pull towards the temptation emerging as the strongest predictor. People were also more successful in resolving self-control conflicts when they reported using any type of self-regulatory strategy; no specific strategy emerged as most effective. On days when participants successfully resolved conflicts, they also felt more confident in their general ability to self-regulate. Overall, our findings largely conceptually replicate past work using an open-ended diary format, and suggest that factors influencing self-control conflict resolution are also linked to general feelings of self-regulatory effectiveness.","2023-10-16","2026-08-04 15:44:17","2026-08-04 15:47:15","2026-08-04 15:44:17","88158","","1","9","","","","17","","","","","","en","http://creativecommons.org/licenses/by/4.0","","","","DOI.org (Crossref)","","","","C:\Users\moin\Zotero\storage\KGRKJBMK\Britton et al. - 2023 - The Dynamics of Self-Control Conflicts in Daily Life in Predicting Self-Control Success and Perceive.pdf","","Preregistered Match","","Farb, Norman","","","","","","","","","","","","","","","","","","","","","","","","","","","","","","","","","","","","","","","","","","","","",""
"4VHVCQHC","journalArticle","2023","Chen, Yunyun; He, Hong; Zou, Xintong; Zhang, Xuemin","The pursuit of the end: The effects of action-goal choices on temporal binding","Consciousness and Cognition","","10538100","10.1016/j.concog.2022.103457","https://linkinghub.elsevier.com/retrieve/pii/S1053810022001891","The effect of action choice (whether one can choose their actions freely) on temporal binding (TB), the temporal contraction between a voluntary action and its effect, is controversial. The present study tried to distinguish action-goal choice (whether one could pursue the action-effect freely) from action choice. Experiments 1 and 2 focused on the effect of action-goal choice on TB while the congruency between actions and outcomes was manipulated (i.e., 50% in Experiment 1 and 80% in Experiment 2). Experiment 3 investigated the effect of action choice on TB when the outcome congruency was 80%. Results showed that free and instructed action-goals led to comparable magnitudes of TB while free actions led to a larger TB than instructed actions. Furthermore, the effect of outcome congruency on TB varied by action-goal choices (Experiment 2) but not action choices (Experiment 3). These results demonstrate the potential differences between action choice and action-goal choice.","2023-02","2026-08-04 15:44:54","2026-08-04 15:46:12","2026-08-04 15:44:54","103457","","","108","","Consciousness and Cognition","The pursuit of the end","18","","","","","","en","","","","","DOI.org (Crossref)","","","","C:\Users\moin\Zotero\storage\9IA2HZH9\Chen et al. - 2023 - The pursuit of the end The effects of action-goal choices on temporal binding.pdf","","Traditional Match","","","","","","","","","","","","","","","","","","","","","","","","","","","","","","","","","","","","","","","","","","","","","","",""
"EMMKF6LX","journalArticle","2010","Rodgers, Wendy M.; Hall, Craig R.; Duncan, Lindsay R.; Pearson, Erin; Milne, Marcia I.","Becoming a regular exerciser: Examining change in behavioural regulations among exercise initiates","Psychology of Sport and Exercise","","14690292","10.1016/j.psychsport.2010.04.007","https://linkinghub.elsevier.com/retrieve/pii/S1469029210000373","Objective: A large body of research evidence is accumulating describing aspects of motivation that are associated with persistence with exercise behavior. Relatively little is known, however, about the process of becoming a regular exerciser. That is, how long does it take for the motivational proﬁle of an initiate exerciser to become similar to the motivational proﬁles that have been associated with enduring exercise behavior? Methods: This paper reports data of program completers from 4 longitudinal studies (Ns ¼ 60, 134, 38, and 84 respectively) describing change in four forms of motivational regulation proposed by selfdetermination theory among initiate exercisers and compares those initiates to two samples of longterm regular exercisers (Ns ¼ 202 and 1054). Results: The results indicate that patterns of self-determined regulation change over time in ways consistent with self-determination theory. Speciﬁcally, there are increases in identiﬁed and intrinsic motivation among initiate exercisers that appear to take place within 8 weeks. Conclusions: Final values of identiﬁed and intrinsic motivation remain signiﬁcantly lower than values observed for regular exercisers, even after up to 6 months of exercise. Ó 2010 Elsevier Ltd. All rights reserved.","2010-09","2026-08-04 15:45:15","2026-08-04 15:45:37","2026-08-04 15:45:15","378-386","","5","11","","Psychology of Sport and Exercise","Becoming a regular exerciser","88","","","","","","en","https://www.elsevier.com/tdm/userlicense/1.0/","","","","DOI.org (Crossref)","","","","C:\Users\moin\Zotero\storage\7LM8LSLH\Rodgers et al. - 2010 - Becoming a regular exerciser Examining change in behavioural regulations among exercise initiates.pdf","","Traditional 2010","","","","","","","","","","","","","","","","","","","","","","","","","","","","","","","","","","","","","","","","","","","","","","",""
"GIIHRA9W","journalArticle","2024","Tønnesen, Mathilde H.; Elbæk, Christian T.; Pfattheicher, Stefan; Mitkidis, Panagiotis","Communication increases collaborative corruption","Journal of Experimental Social Psychology","","00221031","10.1016/j.jesp.2024.104603","https://linkinghub.elsevier.com/retrieve/pii/S0022103124000155","Despite being a pivotal aspect of human cooperation, only a few studies within the field of collaborative dishonesty have included communication between participants, and none have yet experimentally compared this to non-communicative contexts. As a result, the impact of communication on unethical collaborations remains unclear. To address this gap, we conducted two well-powered studies (Ntotal = 1187), closely replicating and extending seminal research by Weisel and Shalvi (2015), introducing communication as a manipulated variable within a dyadic cheating task. Across both studies, we found evidence that communication increases the magnitude of cheating—even when coordination on the task is not allowed. Importantly, the effect of communication was linked to a stronger experienced collaboration among the communicating dyads, highlighting that communication is not only key to everyday ethically sound collaborations, but also to corrupt collaborations.","2024-05","2026-08-04 16:03:10","2026-08-04 16:04:01","2026-08-04 16:03:10","104603","","","112","","Journal of Experimental Social Psychology","","51","","","","","","en","","","","","DOI.org (Crossref)","","","","C:\Users\moin\Zotero\storage\2FF8LGRY\Tønnesen et al. - 2024 - Communication increases collaborative corruption.pdf","","Preregistered Match","","","","","","","","","","","","","","","","","","","","","","","","","","","","","","","","","","","","","","","","","","","","","","",""
"LR22LGU7","journalArticle","2024","Allidina, Suraiya; Cunningham, William A.","If not me then we: Goal tradeoffs in decision-making for the self, ingroup, and outgroup","Journal of Experimental Social Psychology","","00221031","10.1016/j.jesp.2024.104625","https://linkinghub.elsevier.com/retrieve/pii/S0022103124000374","Navigating the social world requires individuals to balance multiple goals, including the drives to improve one’s own outcomes, aid ingroup members, and help or hurt outgroup members. While self-interest and intergroup bias are both well-established motivational phenomena, less is known about how these goals may interact. Here we examine the nature of goal tradeoffs in intergroup decision-making using a novel task in which participants simultaneously make monetary decisions for themselves, an arbitrary ingroup, and the corresponding outgroup. Across four behavioural studies and one eye-tracking study (total N = 704), we find that goals in intergroup contexts are pursued sequentially rather than concurrently, with non-linear upweighting of group-related goals when self-related goals cannot be pursued. Further, we find evidence for stronger self-ingroup than self-outgroup tradeoffs, which manifest in both altered attention to information and altered use of the attended information in decision-making. The results shed light on the cognitive structuring of interrelated goals in intergroup decisionmaking, furthering our understanding of when and how both intergroup biases and prosocial behaviour may emerge.","2024-07","2026-08-04 16:03:11","2026-08-04 16:03:56","2026-08-04 16:03:11","104625","","","113","","Journal of Experimental Social Psychology","If not me then we","51","","","","","","en","","","","","DOI.org (Crossref)","","","","C:\Users\moin\Zotero\storage\D48QZ8DG\Allidina and Cunningham - 2024 - If not me then we Goal tradeoffs in decision-making for the self, ingroup, and outgroup.pdf","","Traditional Match","","","","","","","","","","","","","","","","","","","","","","","","","","","","","","","","","","","","","","","","","","","","","","",""
"FSIMVYSJ","journalArticle","2010","Cohen, Taya R.; Wildschut, Tim; Insko, Chester A.","How communication increases interpersonal cooperation in mixed-motive situations","Journal of Experimental Social Psychology","","00221031","10.1016/j.jesp.2009.09.009","https://linkinghub.elsevier.com/retrieve/pii/S0022103109002303","Evidence from two experiments indicates that task-related communication promotes cooperation in mixed-motive situations by activating interpersonal norms related to fairness and trust. In Experiment 1, task-related communication increased cooperation between individuals in a three-choice prisoner’s dilemma game (PDG-Alt) but task-unrelated communication did not. In Experiment 2, cooperation was increased both by sending a task-related message to one’s counterpart and receiving a cooperative task-related message from one’s counterpart. Mediation analyses revealed that task-related communication increased cooperation by activating fairness and trust norms (Experiments 1 and 2). Speciﬁcally, whereas sending (relative to receiving) a task-related message increased cooperation by activating fairness norms, receiving (relative to sending) a task-related message increased cooperation by activating trust norms (Experiment 2).","2010-01","2026-08-04 16:03:13","2026-08-04 16:03:52","2026-08-04 16:03:13","39-50","","1","46","","Journal of Experimental Social Psychology","","51","","","","","","en","https://www.elsevier.com/tdm/userlicense/1.0/","","","","DOI.org (Crossref)","","","","C:\Users\moin\Zotero\storage\FN8PWH35\Cohen et al. - 2010 - How communication increases interpersonal cooperation in mixed-motive situations.pdf","","Traditional 2010","","","","","","","","","","","","","","","","","","","","","","","","","","","","","","","","","","","","","","","","","","","","","","",""
"DVMALN8Z","journalArticle","2010","Otto, A. Ross; Love, Bradley C.","You don’t want to know what you’re missing: When information about forgone rewards impedes dynamic decision making","Judgment and Decision Making","","1930-2975","10.1017/S1930297500001984","https://www.cambridge.org/core/product/identifier/S1930297500001984/type/journal_article","When people learn to make decisions from experience, a reasonable intuition is that additional relevant information should improve their performance. In contrast, we ﬁnd that additional information about foregone rewards (i.e., what could have gained at each point by making a different choice) severely hinders participants’ ability to repeatedly make choices that maximize long-term gains. We conclude that foregone reward information accentuates the local superiority of short-term options (e.g., consumption) and consequently biases choice away from productive long-term options (e.g., exercise). These conclusions are consistent with a standard reinforcement-learning mechanism that processes information about experienced and forgone rewards. In contrast to related contributions using delay-of-gratiﬁcation paradigms, we do not posit separate top-down and emotion-driven systems to explain performance. We ﬁnd that individual and group data are well characterized by a single reinforcement-learning mechanism that combines information about experienced and foregone rewards.","2010-02","2026-09-01 14:14:45","2026-09-01 14:14:56","2026-09-01 14:14:45","1-10","","1","5","","Judgm. decis. mak.","You don’t want to know what you’re missing","65","","","","","","en","https://www.cambridge.org/core/terms","","","","DOI.org (Crossref)","","","","C:\Users\moin\Zotero\storage\CGIPTYHR\Otto and Love - 2010 - You don’t want to know what you’re missing When information about forgone rewards impedes dynamic d.pdf","","Traditional 2010","","","","","","","","","","","","","","","","","","","","","","","","","","","","","","","","","","","","","","","","","","","","","","",""