Key,Publication.Year,Author,Title,Publication.Title,DOI,Url,title_rel,abstract,intro,method,results,discussion,heading,difficulty,notes
24MUR8MS,2022,"Tybur, Joshua M.; Croijmans, Ilja M.; van Huijstee, Dian; Çınar, Çağla; Lal, Vedika; Smeets, Monique A. M.",Disgust sensitivity relates to affective responses to – but not ability to detect – olfactory cues to pathogens,Evolution and Human Behavior,10.1016/j.evolhumbehav.2022.04.006,https://www.sciencedirect.com/science/article/pii/S1090513822000277,NA,NA,NA,NA,NA,NA,NA,NA,NA
25YE6KVP,2025,"Viktorsson, Charlotte; Ronald, Angelica; Falck-Ytter, Terje",A Comparison of Sleep and Settle Behaviours Across Twins and Singletons at 5 Months of Age,Infant and Child Development,10.1002/icd.2564,https://onlinelibrary.wiley.com/doi/abs/10.1002/icd.2564,NA,NA,NA,NA,NA,NA,NA,NA,NA
27KAT3TY,2025,"Sezer, Berke; Gucciardi, Daniel F.; Ntoumanis, Nikos; Riddell, Hugh",Investigating the role of goal motives in predicting bedtime procrastination using a daily diary study design: a registered report,Psychology & Health,10.1080/08870446.2025.2458871,,NA,NA,NA,NA,NA,NA,NA,NA,NA
2AQBXZRY,2025,"Conway, Christopher C.; Ilagan, Gabrielle S.; Rabasco, Ana; Lopez, Maria Martin; Goodrich, Molly; Kuehn, Kevin S.; King, Kevin M.",Registered Report Stage II: A within-person model of distress tolerance and non-suicidal self-injury among adults with recurrent self-injury,Journal of Research in Personality,10.1016/j.jrp.2025.104623,,NA,NA,NA,NA,NA,NA,NA,NA,NA
2CYV9DY7,2020,"Tzavella, Loukia; Maizey, Leah; Lawrence, Andrew D.; Chambers, Christopher D.",The affective priming paradigm as an indirect measure of food attitudes and related choice behaviour,Psychonomic Bulletin & Review,10.3758/s13423-020-01764-1,https://doi.org/10.3758/s13423-020-01764-1,NA,NA,NA,NA,NA,NA,NA,NA,NA
2GZQT8M7,2021,"Marr, Carey; Sauerland, Melanie; Otgaar, Henry; Quaedflieg, Conny W.E.M.; Hope, Lorraine",Mitigating the negative effects of retrieval stress on memory: an arousal reappraisal intervention,Memory,10.1080/09658211.2021.1893750,https://doi.org/10.1080/09658211.2021.1893750,NA,NA,NA,NA,NA,NA,NA,NA,NA
2HTCKZ3A,2010,"Carver, Charles S.; Sinclair, Sungchoon; Johnson, Sheri L.","Authentic and hubristic pride: Differential relations to aspects of goal regulation, affect, and self-control",Journal of Research in Personality,10.1016/j.jrp.2010.09.004,https://linkinghub.elsevier.com/retrieve/pii/S0092656610001236,NA,NA,NA,NA,NA,NA,NA,NA,NA
2KVRTHIX,2010,"Tavano, Alessandro; Borgatti, Renato","Evidence for a link among cognition, language and emotion in cerebellar malformations",Cortex,10.1016/j.cortex.2009.07.017,https://www.sciencedirect.com/science/article/pii/S0010945209002585,NA,NA,NA,NA,NA,NA,NA,NA,NA
2PRSP4RM,2023,"Wirth, Benedikt Emanuel; Wentura, Dirk",Not lie detection but stereotypes: Response priming reveals a gender bias in facial trustworthiness evaluations,Journal of Experimental Social Psychology,10.1016/j.jesp.2022.104406,https://www.sciencedirect.com/science/article/pii/S0022103122001251,NA,NA,NA,NA,NA,NA,NA,NA,NA
2T2RV8MA,2022,"Davis, Colin J.; Golding, Matt; McKay, Ryan",Efficacy information influences intention to take COVID-19 vaccine,British Journal of Health Psychology,10.1111/bjhp.12546,https://onlinelibrary.wiley.com/doi/abs/10.1111/bjhp.12546,NA,NA,NA,NA,NA,NA,NA,NA,NA
2V5FVPYD,2020,"Miller, Matthew W.; Bacelar, Mariane F. B.; Feiss, Robyn S.; Daou, Marcos; Alderman, Brandon L.; Ekkekakis, Panteleimon",P3b as an electroencephalographic index of automatic associations of exercise-related images,International Journal of Psychophysiology,10.1016/j.ijpsycho.2020.10.004,https://www.sciencedirect.com/science/article/pii/S0167876020302488,NA,NA,NA,NA,NA,NA,NA,NA,NA
2X3BS3HG,2021,"Laukkonen, Ruben E.; Ingledew, Daniel J.; Grimmer, Hilary J.; Schooler, Jonathan W.; Tangen, Jason M.",Getting a grip on insight: real-time and embodied Aha experiences predict correct solutions,Cognition and Emotion,10.1080/02699931.2021.1908230,https://doi.org/10.1080/02699931.2021.1908230,NA,NA,NA,NA,NA,NA,NA,NA,NA
2ZCPUVKE,2010,"Yagmurlu, Bilge; Altan, Ozge",Maternal socialization and child temperament as predictors of emotion regulation in Turkish preschoolers,Infant and Child Development,10.1002/icd.646,https://onlinelibrary.wiley.com/doi/10.1002/icd.646,NA,NA,NA,NA,NA,NA,NA,NA,NA
2ZGRN4YT,2024,"Dufner, Michael; Wieg, Franziska; Kraft, Livia; Grapsas, Stathis; Hagemeyer, Birk",Motive-Specific Affective Contingencies and Their Relevance for Personality and Motivated Behavior,European Journal of Personality,10.1177/08902070231156842,https://doi.org/10.1177/08902070231156842,NA,NA,NA,NA,NA,NA,NA,NA,NA
352PKKFT,2022,"Kyprianides, Arabella; Bradford, Ben; Jackson, Jonathan; Stott, Clifford; Pósch, Krisztián",Relational and instrumental perspectives on compliance with the law among people experiencing homelessness,Law and Human Behavior,10.1037/lhb0000465,,NA,NA,NA,NA,NA,NA,NA,NA,NA
3BD9YDSB,2010,"Stroud, Catherine B.; Durbin, C. Emily; Saigal, Seema D.; Knobloch-Fedders, Lynne M.",Normal and abnormal personality traits are associated with marital satisfaction for both men and women: An Actor–Partner Interdependence Model analysis,Journal of Research in Personality,10.1016/j.jrp.2010.05.011,https://linkinghub.elsevier.com/retrieve/pii/S0092656610000826,NA,NA,NA,NA,NA,NA,NA,NA,NA
3C4XWQBG,2021,"Woodruff Carr, Kali; Perszyk, Danielle R.; Norton, Elizabeth S.; Voss, Joel L.; Poeppel, David; Waxman, Sandra R.",Developmental changes in auditory-evoked neural activity underlie infants’ links between language and cognition,Developmental Science,10.1111/desc.13121,https://onlinelibrary.wiley.com/doi/abs/10.1111/desc.13121,NA,NA,NA,NA,NA,NA,NA,NA,NA
3E2GJ783,2021,"Heffner, Joseph; Son, Jae-Young; FeldmanHall, Oriel",Emotion prediction errors guide socially adaptive behaviour,Nature Human Behaviour,10.1038/s41562-021-01213-6,https://www.nature.com/articles/s41562-021-01213-6,NA,NA,NA,NA,NA,NA,NA,NA,NA
3GHMG6BQ,2025,"Dymarska, Agata; Connell, Louise",Sensorimotor effects in surprise word memory-A registered report,Cortex,10.1016/j.cortex.2025.03.010,,NA,NA,NA,NA,NA,NA,NA,NA,NA
3PL5GZ5Y,2010,"Roach, Jason",Home is where the heart lies? A study of false address giving to police,Legal and Criminological Psychology,10.1348/135532509X466344,https://bpspsychub.onlinelibrary.wiley.com/doi/10.1348/135532509X466344,NA,NA,NA,NA,NA,NA,NA,NA,NA
3QJLJFQF,2019,"Zgonnikov, Arkady; Atiya, Nadim A. A.; O’Hora, Denis; Rañò, Iñaki; Wong-Lin, KongFatt",Beyond reach: Do symmetric changes in motor costs affect decision making? A registered report,Judgment and Decision Making,10.1017/S1930297500006136,https://www.cambridge.org/core/journals/judgment-and-decision-making/article/beyond-reach-do-symmetric-changes-in-motor-costs-affect-decision-making-a-registered-report/8458A793F89F41D94FEA159EF7464DAB,NA,NA,NA,NA,NA,NA,NA,NA,NA
3QT8TFPA,2025,"Santos, David; Ghodsinia, Arsham; Requero, Blanca; Gonçalves, Dilney; Briñol, Pablo; Petty, Richard E.",Certainty improves the predictive validity of Honesty-Humility and Dark Triad traits on cheating behavior,Journal of Experimental Social Psychology,10.1016/j.jesp.2024.104694,https://www.sciencedirect.com/science/article/pii/S0022103124001070,NA,NA,NA,NA,NA,NA,NA,NA,NA
3VEZF6FM,2023,"Szaszi, Barnabas; Palfi, Bence; Neszveda, Gabor; Taka, Aikaterini; Szecsi, Peter; Blattman, Christopher; Jamison, Julian C.; Sheridan, Margaret",Does alleviating poverty increase cognitive performance? Short- and long-term evidence from a randomized controlled trial,Cortex,10.1016/j.cortex.2023.07.009,,NA,NA,NA,NA,NA,NA,NA,NA,NA
3YRZWGNG,2010,"Murakami, Hiroki; Matsunaga, Masahiro; Ohira, Hideki",Phasic heart rate responses for anticipated threat situations,International Journal of Psychophysiology,10.1016/j.ijpsycho.2010.03.012,https://www.sciencedirect.com/science/article/pii/S0167876010000814,NA,NA,NA,NA,NA,NA,NA,NA,NA
42T3466W,2010,"Shaw, Tyler H.; Matthews, Gerald; Warm, Joel S.; Finomore, Victor S.; Silverman, Leanne; Costa, Paul T.","Individual differences in vigilance: Personality, ability and states of stress",Journal of Research in Personality,10.1016/j.jrp.2010.02.007,https://linkinghub.elsevier.com/retrieve/pii/S009265661000053X,NA,NA,NA,NA,NA,NA,NA,NA,NA
44CKYLYE,2023,"Chen, Yi-Chia; Pollick, Frank; Lu, Hongjing",Aesthetic preferences for prototypical movements in human actions,Cognitive Research: Principles and Implications,10.1186/s41235-023-00510-0,https://doi.org/10.1186/s41235-023-00510-0,NA,NA,NA,NA,NA,NA,NA,NA,NA
44MXRWVU,2011,"Churchill, Sue; Jessop, Donna Catherine",Too impulsive for implementation intentions? Evidence that impulsivity moderates the effectiveness of an implementation intention intervention,Psychology & Health,10.1080/08870441003611536,https://doi.org/10.1080/08870441003611536,NA,NA,NA,NA,NA,NA,NA,NA,NA
46IGQE86,2023,"Schreiner, Marcel R; Meiser, Thorsten; Bröder, Arndt",The binding structure of event elements in episodic memory and the role of animacy,Quarterly Journal of Experimental Psychology,10.1177/17470218221096148,https://doi.org/10.1177/17470218221096148,NA,NA,NA,NA,NA,NA,NA,NA,NA
46LT2RU6,2024,"Dudek, Iwona; Polczyk, Romuald",Memory distrust and suggestibility: A registered report,Legal and Criminological Psychology,10.1111/lcrp.12249,,NA,NA,NA,NA,NA,NA,NA,NA,NA
47PSAH3B,2019,"Noel, Jean-Paul; Faivre, Nathan; Magosso, Elisa; Blanke, Olaf; Alais, David; Wallace, Mark",Multisensory perceptual awareness: Categorical or graded?,Cortex,10.1016/j.cortex.2019.05.018,https://www.sciencedirect.com/science/article/pii/S0010945219302291,NA,NA,NA,NA,NA,NA,NA,NA,NA
4BYYMEVH,2010,"Davis, Emma E.; Pitchford, Nicola J.; Jaspan, Tim; McArthur, Donald; Walker, David",Development of cognitive and motor function following cerebellar tumour injury sustained in early childhood,Cortex,10.1016/j.cortex.2009.10.001,https://www.sciencedirect.com/science/article/pii/S0010945209002767,NA,NA,NA,NA,NA,NA,NA,NA,NA
4D9R3HZD,2024,"Fusco, Gabriele; Scandola, Michele; Lin, Hause; Inzlicht, Michael; Aglioti, Salvatore Maria",Modulating preferences during intertemporal choices through exogenous midfrontal transcranial alternating current stimulation: A registered report,Cortex,10.1016/j.cortex.2023.09.019,,NA,NA,NA,NA,NA,NA,NA,NA,NA
4GAZMDPE,2023,"Martin, Antonio; Lane, Timothy J.; Hsu, Tzu-Yu",DLPFC-PPC-cTBS effects on metacognitive awareness,Cortex,10.1016/j.cortex.2023.05.022,https://www.sciencedirect.com/science/article/pii/S001094522300165X,NA,NA,NA,NA,NA,NA,NA,NA,NA
4SQJXC3S,2026,"Matsumoto, Noboru; Fujino, Masahiro; Sekine, Hana; Yoshida, Eri; Watson, Lynn Ann; Isham, Aleksandra Eriksen; Barzykowski, Krystian",Shinshu mindful study: can mindfulness training change the retrieval mode of autobiographical memory?,Memory,10.1080/09658211.2026.2628213,https://doi.org/10.1080/09658211.2026.2628213,NA,NA,NA,NA,NA,NA,NA,NA,NA
4WRZ9F3U,2022,"Luna, Karlos; Albuquerque, Pedro B.",Do Beliefs About Font Size Affect Retrospective Metamemory Judgments                     in Addition to Prospective Judgments?,Experimental Psychology,10.1027/1618-3169/a000549,https://econtent.hogrefe.com/doi/abs/10.1027/1618-3169/a000549,NA,NA,NA,NA,NA,NA,NA,NA,NA
4XT6WLKQ,2019,"Meyers, Ethan A.; Białek, Michał; Fugelsang, Jonathan A.; Koehler, Derek J.; Friedman, Ori",Wronging past rights: The sunk cost bias distorts moral judgment,Judgment and Decision Making,10.1017/S193029750000543X,https://www.cambridge.org/core/product/identifier/S193029750000543X/type/journal_article,NA,NA,NA,NA,NA,NA,NA,NA,NA
587YBBD6,2010,"Osorio, Alexandra; Fay, Séverine; Pouthas, Viviane; Ballesteros, Soledad",Ageing affects brain activity in highly educated older adults: An ERP study using a word-stem priming task,Cortex,10.1016/j.cortex.2009.09.003,https://www.sciencedirect.com/science/article/pii/S0010945209002652,NA,NA,NA,NA,NA,NA,NA,NA,NA
5AAW3Z6T,2010,"Stoodley, Catherine J.; Schmahmann, Jeremy D.",Evidence for topographic organization in the cerebellum of motor control versus cognitive and affective processing,Cortex,10.1016/j.cortex.2009.11.008,https://www.sciencedirect.com/science/article/pii/S0010945209003268,NA,NA,NA,NA,NA,NA,NA,NA,NA
5CFC3AQL,2024,"Oddo, Lauren E.; Joyner, Keanan J.; Murphy, James G.; Acuff, Samuel F.; Marsh, Nicholas P.; Steinberg, Amanda; Chronis-Tuscano, Andrea",Attention-deficit/hyperactivity disorder is associated with more alcohol problems and less substance-free reinforcement: A behavioral economics daily diary study of college student drinkers,Psychology of Addictive Behaviors,10.1037/adb0000982,,NA,NA,NA,NA,NA,NA,NA,NA,NA
5IT4ZJYM,2010,"Leppänen, Paavo H. T.; Hämäläinen, Jarmo A.; Salminen, Hanne K.; Eklund, Kenneth M.; Guttorm, Tomi K.; Lohvansuu, Kaisa; Puolakanaho, Anne; Lyytinen, Heikki",Newborn brain event-related potentials revealing atypical processing of sound frequency and the subsequent association with later literacy skills in children with familial dyslexia,Cortex,10.1016/j.cortex.2010.06.003,https://www.sciencedirect.com/science/article/pii/S0010945210001759,NA,NA,NA,NA,NA,NA,NA,NA,NA
5NFSAXVP,2010,"Reker, Maraike; Ohrmann, Patricia; Rauch, Astrid V.; Kugel, Harald; Bauer, Jochen; Dannlowski, Udo; Arolt, Volker; Heindel, Walter; Suslow, Thomas",Individual differences in alexithymia and brain response to masked emotion faces,Cortex,10.1016/j.cortex.2009.05.008,https://www.sciencedirect.com/science/article/pii/S0010945209001555,NA,NA,NA,NA,NA,NA,NA,NA,NA
5RNWEHPG,2010,"Brown, Jonathon D.",High self-esteem buffers negative feedback: Once more with feeling,Cognition and Emotion,10.1080/02699930903504405,https://doi.org/10.1080/02699930903504405,NA,NA,NA,NA,NA,NA,NA,NA,NA
5RV8BMG7,2024,"Nolte, Collin; Michalska, Kalina J.; Nelson, Paige M.; Demir-Lira, Ӧ. Ece",Interactive roles of preterm-birth and socioeconomic status in cortical thickness of language-related brain structures: Findings from the Adolescent Brain Cognitive Development (ABCD) study,Cortex,10.1016/j.cortex.2024.05.024,https://www.sciencedirect.com/science/article/pii/S0010945224002168,NA,NA,NA,NA,NA,NA,NA,NA,NA
5UIMLN2Y,2022,"Tu, Eric; Maxwell, Jessica A.; Kim, James J.; Peragine, Diana; Impett, Emily A.; Muise, Amy",Is my attachment style showing? Perceptions of a date’s attachment anxiety and avoidance and dating interest during a speed-dating event,Journal of Research in Personality,10.1016/j.jrp.2022.104269,https://www.sciencedirect.com/science/article/pii/S0092656622000824,NA,NA,NA,NA,NA,NA,NA,NA,NA
5VMJZDYE,2026,"Canova, Luigina; Capasso, Miriam; Bianchi, Marcella; Caso, Daniela",From motivation to mediterranean diet intention and behavior: a combined self-determination theory and theory of planned behavior approach,Psychology & Health,10.1080/08870446.2025.2496228,https://doi.org/10.1080/08870446.2025.2496228,NA,NA,NA,NA,NA,NA,NA,NA,NA
5XC5FVJ9,2025,"Kluge, Annika; Levy, Jonathan",Extreme ingroup and outgroup perspectives counter-intuitively impact intergroup polarisation at the level of neural oscillations,Cortex,10.1016/j.cortex.2024.12.020,https://www.sciencedirect.com/science/article/pii/S0010945225000097,NA,NA,NA,NA,NA,NA,NA,NA,NA
63F78BBT,2025,"Buchanan, Erin M.; Cuccolo, Kelly; Heyman, Tom; van Berkel, Niels; Coles, Nicholas A.; Iyer, Aishwarya; Peters, Kim; van't Veer, A. E.; Montefinese, Maria; Maxwell, Nicholas P.; Taylor, Jack E.; Valentine, Kathrene D.; Arriaga, Patricia; Barzykowski, Krystian; Boucher, Leanne; Collins, W. Matthew; Vaidis, David C.; Aczel, Balazs; Al-Hoorie, Ali H.; Ambrosini, Ettore; Besson, Theo; Burin, Debora I.; Butt, Muhammad Mussaffa; Clarke, A. J. Benjamin; Daryani, Yalda; El-Dakhs, Dina Abdel Salam; Elsherif, Mahmoud M.; Fernandez-Lopez, Maria; Ferreira, Paulo Roberto dos Santos; Freitag, Raquel Meister Ko; Gattei, Carolina A.; Godbersen, Hendrik; Grim, Philip A.; Halama, Peter; Havan, Patrik; Irrazabal, Natalia C.; Isloi, Chris; Iversen, Rebecca Kvisler; Julliard, Yoann; Karaaslan, Aslan; Kohut, Michal; Kohutova, Veronika; Kos, Julija; Kosachenko, Alexandra I.; de Lima, Tiago Jesse Souza; Mak, Matthew H. C.; Manouilidou, Christina; Marciaga, Leonardo A.; Melinna, Xiaolin Melinna; Miranda, Jacob Francisco; Morvinski, Coby; Muppoor, Aishwarya; Muejdeci, F. Elif; Nielsen, Yngwie A.; Oliveros, Juan Carlos; Onic, Jas; Papadatou-Pastou, Marietta; Patel, Ishani; Pavlovic, Zoran; Pazon, Blaz; Pfuhl, Gerit; Pronizius, Ekaterina; Roettger, Timo B.; Ronderos, Camilo R.; Ruiz-Fernandez, Susana; Senderecka, Magdalena; Solak, Caglar; Stueckler, Anna; Szekely-Copindean, Raluca D.; Taboh, Anali R.; Theriault, Remi; Tran, Ulrich S.; Trecca, Fabio; Ulloa, Jose Luis; Varga, Marton A.; Verheyen, Steven; Pavlovic, Tijana Vesic; Viviani, Giada; Wang, Nan; Zivna, Kristyna; Yun, Chen Chu; Clark, Oliver James; Acar, Oguz A.; Adamkovic, Matus; Agnoletti, Giulia; Akil, Atakan M.; Alsuhaibani, Zainab; Amenta, Simona; Ananyeva, Olga A.; Andreychik, Michael; Angele, Bernhard; Arias Quinones, Danna Catalina; Arinze, Nwadiogo Chisom; Askelund, Adrian Dahl; Baker, Bradley J.; Baskin, Ernest; Batalha, Luisa; Batres, Carlota; Beato, Maria Soledad; Becker, Manuel; Becker, Maja; Behnke, Maciej; Blaison, Christophe; Borghi, Anna M.; Brandstaetter, Eduard; Buczny, Jacek; Budak, Nesrin; Cabana, Alvaro; Cai, Zhenguang G.; Canessa, Enrique C.; Cavdan, Muege; Cecchetti, Luca; Chaigneau, Sergio E.; Chang, Feria X. W.; Chartier, Christopher R.; Chen, Sau-Chin; Cherniaeva, Elena; Christiansen, Morten H.; Chuan-Peng, Hu; Chwilkowska, Patrycja; Comesana, Montserrat; Cong, Chin Wen; Cowan, Casey; Dandeneau, Stephane Daniel; David, Oana A.; Davis, William E.; Demirag Burak, Elif Gizem; Dixson, Barnaby James Wyld; Du, Hongfei; Duclos, Rod; Duyck, Wouter; Efimova, Liudmila A.; Egan, Ciara; Era, Vanessa; Evans, Thomas R.; Exner, Anna; Feldman, Gilad; Fellnhofer, Katharina; Fini, Chiara; Fisher, Sarah E.; Flowe, Heather D.; Garrido-Vasquez, Patricia; Gatti, Daniele; Geller, Jason; Giannouli, Vaitsa; Gorokhova, Anna Sergeevna; Griener, Lindsay M.; Grigoryev, Dmitry; Grossmann, Igor; Ghasemi, Hesam; Handjaras, Giacomo; Hauspie, Cathy; He, Zhiran; Heilman, Renata M.; Heydari, Amirmahdi; Hine, Alanna M.; Hoyer, Karlijn; Hryniszak, Weronika; Hsiao, Janet Hui-wen; Huang, Guanxiong; Ihaya, Keiko; Ilczuk, Ewa; Ishii, Tatsunori; Dumbrava, Andrei; Jankowiak, Katarzyna; Jiang, Xiaoming; Johnson, David C.; Jonczyk, Rafal; Jaervikivi, Juhani; Kaczer, Laura; Kamermans, Kevin Leander; Karl, Johannes A.; Karner, Alexander; Kacmar, Pavol; Keech, Jacob J.; Kim, M. Justin; Korbmacher, Max; Kostorz, Kathrin; Kowal, Marta; Kratochvil, Tomas; Kunisato, Yoshihiko; Kuzminska, Anna O.; Koertvelyessy, Livia; Koese, Fatma Ebru; Koester, Massimo; Kekus, Magdalena; Labusch, Melanie; Lamm, Claus; Lau, Chaak Ming; Laurino, Julieta; Law, Wilbert; Lettieri, Giada; Levitan, Carmel A.; Lu, Jackson G.; MacPherson, Sarah E.; Malinakova, Klara; Manriquez-Robles, Diego; Marchant, Nicolas; Marelli, Marco; Martinez, Martin; Matthews, Molly F.; Mattiassi, Alan D. A.; Mattoli-Sanchez, Josefina; Mazzuca, Claudia; McGovern, David P.; Meier, Zdenek; Melinscak, Filip; Misiak, Michal; Monteiro, Luis Carlos Pereira; Moreau, David; Moreno, Sebastian; Mulgrew, Kate E.; Muller, Dominique; Nagy, Tamas; Naranowicz, Marcin; Ndukaihe, Izuchukwu L. G.; Neta, Maital; Novak, Lukas; Ogbonnaya, Chisom Esther; Paek, Jessica Jee Won; Paltoglou, Aspasia Eleni; Parada, Francisco J.; Parker, Adam J.; Paruzel-Czachura, Mariola; Pavlov, Yuri G.; Paydarfard, Saeed; Pegler, Dominik; Peker, Mehmet; Perea, Manuel; Pfattheicher, Stefan; Protzko, John; Prusova, Irina Sergeevna; Pypno-Blajda, Katarzyna; Qiu, Zhuang; Reips, Ulf-Dietrich; Ribeiro, Gianni; Rinaldi, Luca; Roberts, S. Craig; Roembke, Tanja C.; Romanova, Marina O.; Ross, Robert M.; Roeer, Jan Philipp; Rizaoglu, Filiz; Saari, Toni T.; Sampaolo, Erika; Santos, Anabela Caetano; Saricicek, F. Caglar; Sasaki, Kyoshiro; Scharnowski, Frank; Schmidt, Kathleen; Sepehri, Amir; Serce, Halid O.; Sevincer, A. Timur; Siew, Cynthia S. Q.; Simonetti, Matilde Ellen; Sirota, Miroslav; Sorokowska, Agnieszka; Sorokowski, Piotr; Stephen, Ian D.; Stevens, Laura M.; Stewart, Suzanne L. K.; Steyrl, David; Stieger, Stefan; Studzinska, Anna; Suarez, Mar; Szala, Anna; Szmalec, Arnaud; Sznycer, Daniel; Szumowska, Ewa; Soeylemez, Sinem; Soeylemez, Bahadir; Takashima, Kaito; Tamnes, Christian K.; Tan, Joel C. R.; Tang, Chengxiang; Tavel, Peter; Tejada, Julian; Thompson, Benjamin C.; Tiernan, Jake G.; Torres-Munoz, Vicente; Touloumakos, Anna K.; Tremoliere, Bastien; Tschense, Monika; Tuerkan, Belguezar Nilay; Vadillo, Miguel A.; Vannucci, Caterina; Varnum, Michael E. W.; Vasilev, Martin R.; Vaughn, Leigh Ann; Verkampt, Fanny; Villar, Liliana M.; Wallot, Sebastian; Wang, Lijun; Wang, Ke; Williams, Glenn Patrick; Willinger, David; Wolfe, Kelly; Wormley, Alexandra S.; Yamada, Yuki; Yang, Yunkai; Zhou, Yuwei; Zhang, Mengfan; Zheng, Wang; Zheng, Yueyuan; Zhou, Chenghao; Zidkova, Radka; Zumbrunn, Nina Meret; Coker, Ogeday; Coksan, Sami; Oner, Sezin; Ozdogru, Asil Ali; Sahin, Seda Merve; Kasanov, Dauren; Arvanitis, Alexios; Brick, Cameron; Colloff, Melissa F.; Gallyamova, Albina; Koch, Christopher; Ropovik, Ivan; Zhang, Yucheng; Zhou, Xingxing; Patel, Sneh; Suchow, Jordan W.; Lewis, Savannah C.",Measuring the semantic priming effect across many languages,Nature Human Behaviour,10.1038/s41562-025-02254-x,,NA,NA,NA,NA,NA,NA,NA,NA,NA
6456MUUH,2019,"Brannon, Skylar M.; Carr, Sarah; Jin, Ellie Shuo; Josephs, Robert A.; Gawronski, Bertram",Exogenous testosterone increases sensitivity to moral norms in moral dilemma judgements,Nature Human Behaviour,10.1038/s41562-019-0641-3,https://www.nature.com/articles/s41562-019-0641-3,NA,NA,NA,NA,NA,NA,NA,NA,NA
64IIBQ2J,2021,"Chan, Karina; Stevenson, Richard J.; Francis, Heather",The nose is hungrier than the eyes,Psychonomic Bulletin & Review,10.3758/s13423-020-01843-3,https://doi.org/10.3758/s13423-020-01843-3,NA,NA,NA,NA,NA,NA,NA,NA,NA
654RZVS9,2023,"Chancel, Marie; Ehrsson, H. Henrik",Proprioceptive uncertainty promotes the rubber hand illusion,Cortex,10.1016/j.cortex.2023.04.005,https://www.sciencedirect.com/science/article/pii/S0010945223000941,NA,NA,NA,NA,NA,NA,NA,NA,NA
65FGU2WZ,2025,"Bonner, Cavan V.; Hankin, Benjamin L.; Young, Jami F.; Roberts, Brent W.",Growth following adversity is rare: Evidence from a multi-informant longitudinal study of children and adolescents,Journal of Research in Personality,10.1016/j.jrp.2025.104628,https://www.sciencedirect.com/science/article/pii/S0092656625000601,NA,NA,NA,NA,NA,NA,NA,NA,NA
65KRACJ9,2023,"Jozranjbar, Bahareh; Kristjánsson, Árni; Starrfelt, Randi; Gerlach, Christian; Sigurdardottir, Heida Maria",Using representational similarity analysis to reveal category and process specificity in visual object recognition,Cortex,10.1016/j.cortex.2023.05.012,https://www.sciencedirect.com/science/article/pii/S0010945223001387,NA,NA,NA,NA,NA,NA,NA,NA,NA
69D3L6I5,2022,"Helmich, Marieke A.; Wichers, Marieke; Peeters, Frenk; Snippe, Evelien",Daily dynamics of negative affect: indicators of rate of response to treatment and remission from depression?,Cognition and Emotion,10.1080/02699931.2022.2129593,https://doi.org/10.1080/02699931.2022.2129593,NA,NA,NA,NA,NA,NA,NA,NA,NA
6AK3ILZU,2022,"Sato, Marc",Motor and visual influences on auditory neural processing during speaking and listening,Cortex,10.1016/j.cortex.2022.03.013,https://www.sciencedirect.com/science/article/pii/S0010945222000892,NA,NA,NA,NA,NA,NA,NA,NA,NA
6CREAWYS,2024,"Wheeler, Melissa A.; Wilson, Samuel G.; Baes, Naomi; Demsar, Vlad",A search for commonalities in defining the common good: Using folk theories to unlock shared conceptions,British Journal of Social Psychology,10.1111/bjso.12713,https://onlinelibrary.wiley.com/doi/abs/10.1111/bjso.12713,NA,NA,NA,NA,NA,NA,NA,NA,NA
6GVFV2XR,2026,"Zhao, Yizhang; Qiao, Tianyu; Chen, Yirao; Kuang, Meiying; Bai, Wei; Yi, Yankun; Huang, Xinxin; Li, Wen; Wang, Weidong",Attention on social media depends more on how you express yourself than on who you are,Nature Human Behaviour,10.1038/s41562-025-02323-1,https://www.nature.com/articles/s41562-025-02323-1,NA,NA,NA,NA,NA,NA,NA,NA,NA
6LSP4XXV,2023,"Nichols, Aaron D.; Axt, Jordan; Gosnell, Evelyn; Ariely, Dan",A field study of the impacts of workplace diversity on the recruitment of minority group members,Nature Human Behaviour,10.1038/s41562-023-01731-5,,NA,NA,NA,NA,NA,NA,NA,NA,NA
6NSR968V,2025,"Shani, Maor; Böttcher, Melina",How to make gluten-free friends: A quasi-experimental study on the psychosocial benefits of celiac camps,British Journal of Health Psychology,10.1111/bjhp.70027,https://onlinelibrary.wiley.com/doi/abs/10.1111/bjhp.70027,NA,NA,NA,NA,NA,NA,NA,NA,NA
6S3S4PH8,2010,"Durisko, Corrine; Fiez, Julie A.",Functional activation in the cerebellum during working memory and simple speech tasks,Cortex,10.1016/j.cortex.2009.09.009,https://www.sciencedirect.com/science/article/pii/S001094520900272X,NA,NA,NA,NA,NA,NA,NA,NA,NA
6SJEEYMY,2021,"Horn, Sebastian S.; Freund, Alexandra M.",Adult age differences in remembering gain- and loss-related intentions,Cognition and Emotion,10.1080/02699931.2021.1986375,https://doi.org/10.1080/02699931.2021.1986375,NA,NA,NA,NA,NA,NA,NA,NA,NA
6TNZ8C2D,2024,"Maltagliati, Silvio; Sarrazin, Philippe; Muller, Dominique; Fessler, Layan; Ferry, Thibaud; Wiers, Reinout W.; Cheval, Boris","Improving physical activity using a single personalized consequence-based approach-avoidance training: Effects on self-reported behaviors, attitudes, and choices",Psychology of Sport and Exercise,10.1016/j.psychsport.2023.102565,https://www.sciencedirect.com/science/article/pii/S1469029223001899,NA,NA,NA,NA,NA,NA,NA,NA,NA
6UJ85N8P,2010,"Delvenne, Jean-François; Cleeremans, Axel; Laloyaux, Cédric",Feature Bindings Are Maintained in Visual Short-Term Memory Without Sustained Focused Attention,Experimental Psychology,10.1027/1618-3169/a000014,https://econtent.hogrefe.com/doi/10.1027/1618-3169/a000014,NA,NA,NA,NA,NA,NA,NA,NA,NA
6YWNU8FP,2025,"Simmons, Claire; Krasich, Kristina; Chitre, Aditi; Sinnott-Armstrong, Walter",Does conscious perception render agents more responsible? A study of lay judgments,Journal of Experimental Social Psychology,10.1016/j.jesp.2025.104757,https://www.sciencedirect.com/science/article/pii/S0022103125000381,NA,NA,NA,NA,NA,NA,NA,NA,NA
6Z6M2TA2,2020,"Dowd, Emma Wu; Golomb, Julie D.",The Binding Problem after an eye movement,"Attention, Perception, & Psychophysics",10.3758/s13414-019-01739-y,https://doi.org/10.3758/s13414-019-01739-y,NA,NA,NA,NA,NA,NA,NA,NA,NA
78CL2M6V,2021,"Eldar, Eran; Felso, Valkyrie; Cohen, Jonathan D.; Niv, Yael",A pupillary index of susceptibility to decision biases,Nature Human Behaviour,10.1038/s41562-020-01006-3,https://www.nature.com/articles/s41562-020-01006-3,NA,NA,NA,NA,NA,NA,NA,NA,NA
7AN8JCIS,2019,"Costello, Thomas H.; Smith, Sarah F.; Bowes, Shauna M.; Riley, Steven; Berns, Gregory S.; Lilienfeld, Scott O.","Risky business: Psychopathy, framing effects, and financial outcomes",Journal of Research in Personality,10.1016/j.jrp.2018.11.006,https://www.sciencedirect.com/science/article/pii/S0092656618303672,NA,NA,NA,NA,NA,NA,NA,NA,NA
7AV4J5AJ,2023,"Xiao, Leon Y.",Breaking Ban: Belgium’s Ineffective Gambling Law Regulation of Video Game Loot Boxes,Collabra: Psychology,10.1525/collabra.57641,https://doi.org/10.1525/collabra.57641,NA,NA,NA,NA,NA,NA,NA,NA,NA
7D9LKPZG,2023,"Popova, Tsvetomila; Wiese, Holger",Developing familiarity during the first eight months of knowing a person: A longitudinal EEG study on face and identity learning,Cortex,10.1016/j.cortex.2023.04.008,https://www.sciencedirect.com/science/article/pii/S0010945223001041,NA,NA,NA,NA,NA,NA,NA,NA,NA
7ELMU3MU,2025,"Wiley, Jennifer; George, Tim; Griffin, Thomas D.",Benefits from sketching for improving comprehension monitoring from illustrated texts,Psychonomic Bulletin & Review,10.3758/s13423-025-02730-5,https://doi.org/10.3758/s13423-025-02730-5,NA,NA,NA,NA,NA,NA,NA,NA,NA
7MYDUPYL,2010,"Zanto, Theodore P.; Hennigan, Kelly; Östberg, Mattias; Clapp, Wesley C.; Gazzaley, Adam",Predictive knowledge of stimulus relevance does not influence top-down suppression of irrelevant information in older adults,Cortex,10.1016/j.cortex.2009.08.003,https://www.sciencedirect.com/science/article/pii/S0010945209002457,NA,NA,NA,NA,NA,NA,NA,NA,NA
7U6VECHJ,2010,"Calmels, Claire; Hars, Magaly; Jarry, Gilbert; Stam, Cornelis J.",Non-linear EEG synchronization during observation: Effects of instructions and expertise,Psychophysiology,10.1111/j.1469-8986.2010.00985.x,https://onlinelibrary.wiley.com/doi/10.1111/j.1469-8986.2010.00985.x,NA,NA,NA,NA,NA,NA,NA,NA,NA
7Y82CIHS,2010,"Rimrodt, Sheryl L.; Peterson, Daniel J.; Denckla, Martha B.; Kaufmann, Walter E.; Cutting, Laurie E.",White matter microstructural differences linked to left perisylvian language network in children with dyslexia,Cortex,10.1016/j.cortex.2009.07.008,https://www.sciencedirect.com/science/article/pii/S0010945209002226,NA,NA,NA,NA,NA,NA,NA,NA,NA
7Y9AD79F,2022,"Herting, Anders K.; Schubert, Thomas W.","Valence, sensations and appraisals co-occurring with feeling moved: evidence on kama muta theory from intra-individually cross-correlated time series",Cognition and Emotion,10.1080/02699931.2022.2089871,https://doi.org/10.1080/02699931.2022.2089871,NA,NA,NA,NA,NA,NA,NA,NA,NA
7ZE4RKUK,2025,"Johnson, Rachelle M.; Hart, Sara A.; Wagner, Richard K.",The Home Literacy Environment and Reading Development of Children With and Without Learning Disabilities,Developmental Science,10.1111/desc.70033,https://onlinelibrary.wiley.com/doi/abs/10.1111/desc.70033,NA,NA,NA,NA,NA,NA,NA,NA,NA
8288BWHI,2023,"Bloch, Carola; Viswanathan, Shivakumar; Tepest, Ralf; Jording, Mathis; Falter-Wagner, Christine M.; Vogeley, Kai","Differentiated, rather than shared, strategies for time-coordinated action in social and non-social domains in autistic individuals",Cortex,10.1016/j.cortex.2023.05.008,https://www.sciencedirect.com/science/article/pii/S0010945223001211,NA,NA,NA,NA,NA,NA,NA,NA,NA
86J8U2A3,2020,"Rutherford, Ashleigh V.; Tanovic, Ema; Bradford, Daniel E.; Joormann, Jutta",Psychophysiological correlates of anxious apprehension: Trait worry is associated with startle response to threat,International Journal of Psychophysiology,10.1016/j.ijpsycho.2020.09.020,https://www.sciencedirect.com/science/article/pii/S0167876020302439,NA,NA,NA,NA,NA,NA,NA,NA,NA
8BG69XYG,2010,"West, Robert; Schwarb, Hillary; Johnson, Brandy N.",The influence of age and individual differences in executive function on stimulus processing in the oddball task,Cortex,10.1016/j.cortex.2009.08.001,https://www.sciencedirect.com/science/article/pii/S0010945209002433,NA,NA,NA,NA,NA,NA,NA,NA,NA
8CSHRDR2,2023,"Boda, Zsófia; Lorenz, Georg; Jansen, Malte; Stanat, Petra; Edele, Aileen",Ethnic diversity fosters the social integration of refugee students,Nature Human Behaviour,10.1038/s41562-023-01577-x,https://www.nature.com/articles/s41562-023-01577-x,NA,NA,NA,NA,NA,NA,NA,NA,NA
8D2838MS,2010,"Stanley, Damian M.; Cumming, Jennifer",Are we having fun yet? Testing the effects of imagery use on the affective and enjoyment responses to acute moderate exercise,Psychology of Sport and Exercise,10.1016/j.psychsport.2010.06.010,https://linkinghub.elsevier.com/retrieve/pii/S1469029210000877,NA,NA,NA,NA,NA,NA,NA,NA,NA
8G5ZWC8A,2023,"Wenzel, Mario; Rowland, Zarah; Nielsen, Kristian Steensen; Lange, Florian",Too much praise for reappraisal? Examining reappraisal's impact on threat mitigation depending on its implementation: A registered report,Journal of Experimental Social Psychology,10.1016/j.jesp.2023.104475,,NA,NA,NA,NA,NA,NA,NA,NA,NA
8JXL6CW3,2010,"Morison, Linda A.; Cozzolino, Philip J.; Orbell, Sheina",Temporal perspective and parental intention to accept the human papillomavirus vaccination for their daughter,British Journal of Health Psychology,10.1348/135910709X437092,https://bpspsychub.onlinelibrary.wiley.com/doi/10.1348/135910709X437092,NA,NA,NA,NA,NA,NA,NA,NA,NA
8SNMT2IP,2021,"Silcox, Jack W; Payne, Brennan R.","The costs (and benefits) of effortful listening on context processing: A simultaneous electrophysiology, pupillometry, and behavioral study",Cortex,10.1016/j.cortex.2021.06.007,https://www.sciencedirect.com/science/article/pii/S0010945221002203,NA,NA,NA,NA,NA,NA,NA,NA,NA
8V2V79IH,2024,"Lin, Hause; Westbrook, Andrew; Fan, Frank; Inzlicht, Michael",An experimental manipulation of the value of effort,Nature Human Behaviour,10.1038/s41562-024-01842-7,,NA,NA,NA,NA,NA,NA,NA,NA,NA
8WD2JIR6,2024,"Jia, Chenglong; Shen, Yuan; Zhu, Ling; Sun, Li; Du, Kelin; Qin, Jinliang",Into the unknown: Maternal responsiveness influences young children's support-giving expectations of fathers but not unfamiliar others,Infant and Child Development,10.1002/icd.2496,https://onlinelibrary.wiley.com/doi/abs/10.1002/icd.2496,NA,NA,NA,NA,NA,NA,NA,NA,NA
8X9IKRAX,2021,"Frank, Cornelia; Bekemeier, Katharina; Menze-Sonneck, Andrea",Imagery training in school-based physical education improves the performance and the mental representation of a complex action in comprehensive school students,Psychology of Sport and Exercise,10.1016/j.psychsport.2021.101972,https://www.sciencedirect.com/science/article/pii/S146902922100090X,NA,NA,NA,NA,NA,NA,NA,NA,NA
8XHET656,2021,"Dora, Jonas; van Hooff, Madelon; Geurts, Sabine; Kompier, Michiel; Bijleveld, Erik",Labor/leisure decisions in their natural context: The case of the smartphone,Psychonomic Bulletin & Review,10.3758/s13423-020-01844-2,https://doi.org/10.3758/s13423-020-01844-2,NA,NA,NA,NA,NA,NA,NA,NA,NA
8XUPWPJZ,2025,"McNair, Katie A.; Corballis, Paul M.; Erb, Christopher D.",Linking the Behavioral and Neural Correlates of Cognitive Control: Evidence From the Eriksen Flanker Task,Psychophysiology,10.1111/psyp.70159,https://onlinelibrary.wiley.com/doi/abs/10.1111/psyp.70159,NA,NA,NA,NA,NA,NA,NA,NA,NA
8YJ8TEWU,2021,"Bridgland, Victoria M. E.; Takarangi, Melanie K. T.",Danger! Negative memories ahead: the effect of warnings on reactions to and recall of negative memories,Memory,10.1080/09658211.2021.1892147,https://doi.org/10.1080/09658211.2021.1892147,NA,NA,NA,NA,NA,NA,NA,NA,NA
8YPYHF47,2024,"Sparacio, Alessandro; IJzerman, Hans; Ropovik, Ivan; Giorgini, Filippo; Spiessens, Christoph; Uchino, Bert N.; Landvatter, Joshua; Tacana, Tracey; Diller, Sandra J.; Derrick, Jaye L.; Segundo, Joahana; Pierce, Jace D.; Ross, Robert M.; Francis, Zoë; LaBoucane, Amanda; Ma-Kellams, Christine; Ford, Maire B.; Schmidt, Kathleen; Wong, Celia C.; Higgins, Wendy C.; Stone, Bryant M.; Stanley, Samantha K.; Ribeiro, Gianni; Fuglestad, Paul T.; Jaklin, Valerie; Kübler, Andrea; Ziebell, Philipp; Jewell, Crystal L.; Kovas, Yulia; Allahghadri, Mahnoosh; Fransham, Charlotte; Baranski, Michael F.; Burgess, Hannah; Benz, Annika B. E.; DeSousa, Maysa; Nylin, Catherine E.; Brooks, Janae C.; Goldsmith, Caitlyn M.; Benson, Jessica M.; Griffin, Siobhán M.; Dunne, Stephen; Davis, William E.; Watermeyer, Tam J.; Meese, William B.; Howell, Jennifer L.; Standiford Reyes, Laurel; Strickland, Megan G.; Dickerson, Sally S.; Pescatore, Samantha; Skakoon-Sparling, Shayna; Wunder, Zachary I.; Day, Martin V.; Brenton, Shawna; Linden, Audrey H.; Hawk, Christopher E.; O’Brien, Léan V.; Urgyen, Tenzin; McDonald, Jennifer S.; van der Schans, Kim Lien; Blocker, Heidi; Ng Tseung-Wong, Caroline; Jiga-Boy, Gabriela M.","Self-administered mindfulness interventions reduce stress in a large, randomized controlled multi-site study",Nature Human Behaviour,10.1038/s41562-024-01907-7,https://www.nature.com/articles/s41562-024-01907-7,NA,NA,NA,NA,NA,NA,NA,NA,NA
93W7HAM9,2024,"Xu, Lei; Cai, Biye; Yue, Chunlin; Wang, Aijun",Multisensory working memory capture of attention,"Attention, Perception, & Psychophysics",10.3758/s13414-024-02960-0,https://doi.org/10.3758/s13414-024-02960-0,NA,NA,NA,NA,NA,NA,NA,NA,NA
94VLQRG3,2023,"Gu, Lala; Li, Aqian; Yang, Rui; Yang, Jiayi; Pang, Yingdan; Qu, Jing; Mei, Leilei",Category-specific and category-general neural codes of recognition memory in the ventral visual pathway,Cortex,10.1016/j.cortex.2023.04.004,https://www.sciencedirect.com/science/article/pii/S0010945223000904,NA,NA,NA,NA,NA,NA,NA,NA,NA
9582PZAR,2021,"McNeill, Eoghan; Toth, Adam J.; Ramsbottom, Niall; Campbell, Mark J.",Self-modelled versus skilled-peer modelled AO+MI effects on skilled sensorimotor performance: A stage 2 registered report,Psychology of Sport and Exercise,10.1016/j.psychsport.2021.101910,https://linkinghub.elsevier.com/retrieve/pii/S1469029221000285,NA,NA,NA,NA,NA,NA,NA,NA,NA
97TZHHC2,2023,"Ford, Jaclyn H.; Fields, Eric C.; Garcia, Sandry M.; Cunningham, Tony J.; Kensinger, Elizabeth A.",Perceived event resolution—rather than time—allows older adults to reduce the negativity of their memories,Memory,10.1080/09658211.2023.2166079,https://doi.org/10.1080/09658211.2023.2166079,NA,NA,NA,NA,NA,NA,NA,NA,NA
98VHMXT9,2020,"Horne, Kristina S.; Filmer, Hannah L.; Nott, Zoie E.; Hawi, Ziarih; Pugsley, Kealan; Mattingley, Jason B.; Dux, Paul E.",Evidence against benefits from cognitive training and transcranial direct current stimulation in healthy older adults,Nature Human Behaviour,10.1038/s41562-020-00979-5,https://www.nature.com/articles/s41562-020-00979-5,NA,NA,NA,NA,NA,NA,NA,NA,NA
9C6MCP6A,2019,"He, Joyce C.; Côté, Stéphane",Self-insight into emotional and cognitive abilities is not related to higher adjustment,Nature Human Behaviour,10.1038/s41562-019-0644-0,https://www.nature.com/articles/s41562-019-0644-0,NA,NA,NA,NA,NA,NA,NA,NA,NA
9DFK5XG3,2010,"Houdé, Olivier; Rossi, Sandrine; Lubin, Amélie; Joliot, Marc","Mapping numerical processing, reading, and executive functions in the developing brain: an fMRI meta‐analysis of 52 studies including 842 children",Developmental Science,10.1111/j.1467-7687.2009.00938.x,https://onlinelibrary.wiley.com/doi/10.1111/j.1467-7687.2009.00938.x,NA,NA,NA,NA,NA,NA,NA,NA,NA
9FDT5HPG,2023,"Newall, Philip; Torrance, Jamie",Having a Positive Attitude or Doing Good Deeds? An Experimental Investigation of Poker Players’ Responses to the Gambling Fallacies Measure,Collabra: Psychology,10.1525/collabra.89007,https://doi.org/10.1525/collabra.89007,NA,NA,NA,NA,NA,NA,NA,NA,NA
9H6LEV5N,2011,"Jellesma, Francine C.; Rieffe, C.; Meerum Terwogt, Mark; Westenberg, P.M.",Children's sense of coherence and trait emotional intelligence: A longitudinal study exploring the development of somatic complaints,Psychology & Health,10.1080/08870440903411021,https://doi.org/10.1080/08870440903411021,NA,NA,NA,NA,NA,NA,NA,NA,NA
9KGKAPK6,2025,"Rawls, Eric; Sponheim, Scott R.",Oscillatory and Aperiodic Contributions to EEG Event-Related Time-Frequency Metrics During Cognitive Control and Reinforcement Processing: A Registered Report,Psychophysiology,10.1111/psyp.70073,,NA,NA,NA,NA,NA,NA,NA,NA,NA
9QHLHULG,2024,"Kilpatrick, Marcus W.; Mastrofini, Gianna F.; Sheriff, Paul P.; McCluggage, Caitlin L.; Korte, Sandra; Zenko, Zachary",Examining the effects of increasing then decreasing exercise intensity within a session of aerobic exercise,Psychology of Sport and Exercise,10.1016/j.psychsport.2024.102637,https://www.sciencedirect.com/science/article/pii/S1469029224000487,NA,NA,NA,NA,NA,NA,NA,NA,NA
9T8NC2DU,2023,"Mizuhara, Keita; Nittono, Hiroshi",Effects of respiratory phases on the processing of emotional and non-emotional visual stimuli,Psychophysiology,10.1111/psyp.14261,https://onlinelibrary.wiley.com/doi/abs/10.1111/psyp.14261,NA,NA,NA,NA,NA,NA,NA,NA,NA
9UJUA4QE,2025,"Ruzzante, Federica; Cevolani, Gustavo; Panizza, Folco",Scrolling to wisdom: The impact of social media news exposure on knowledge perception,Psychonomic Bulletin & Review,10.3758/s13423-025-02786-3,,NA,NA,NA,NA,NA,NA,NA,NA,NA
9X6M4LSB,2023,"Yüvrük, Elif; Starns, Jeffrey; Kapucu, Aycan",Does misremembering drive false alarms for emotional lures? A diffusion model investigation,Quarterly Journal of Experimental Psychology,10.1177/17470218221137347,https://doi.org/10.1177/17470218221137347,NA,NA,NA,NA,NA,NA,NA,NA,NA
A7TF85LJ,2025,"Liu, Jinyi; Conner, Mark; O’Connor, Daryl B.","Trait self-compassion, daily stress and eating behaviours: a daily diary study",Psychology & Health,10.1080/08870446.2025.2575070,https://doi.org/10.1080/08870446.2025.2575070,NA,NA,NA,NA,NA,NA,NA,NA,NA
ACQ6AL7Z,2022,"Chen, Lijun; Jiang, Xiaoliu; Luo, Xiaohui; Kraus, Shane W.; Bőthe, Beáta",The role of impaired control in screening problematic pornography use: Evidence from cross-sectional and longitudinal studies in a large help-seeking male sample,Psychology of Addictive Behaviors,10.1037/adb0000714,,NA,NA,NA,NA,NA,NA,NA,NA,NA
AFE3YGL5,2010,"Van Der Bruggen, Corine O.; Stams, Geert Jan J. M.; Bögels, Susan M.; Paulussen‐Hoogeboom, Marja C.",Parenting behaviour as a mediator between young children's negative emotionality and their anxiety/depression,Infant and Child Development,10.1002/icd.665,https://onlinelibrary.wiley.com/doi/10.1002/icd.665,NA,NA,NA,NA,NA,NA,NA,NA,NA
AHUCL7WT,2010,"Park, Ji-Young; Gu, Bon-Mi; Kang, Do-Hyung; Shin, Yong-Wook; Choi, Chi-Hoon; Lee, Jong-Min; Kwon, Jun Soo",Integration of cross-modal emotional information in the human brain: An fMRI study,Cortex,10.1016/j.cortex.2008.06.008,https://www.sciencedirect.com/science/article/pii/S001094520800172X,NA,NA,NA,NA,NA,NA,NA,NA,NA
AKY847SP,2025,"Lin, Chujun; Keles, Umit; Thornton, Mark A.; Adolphs, Ralph",How trait impressions of faces shape subsequent mental state inferences,Nature Human Behaviour,10.1038/s41562-024-02059-4,,NA,NA,NA,NA,NA,NA,NA,NA,NA
ANJ32JKZ,2023,"Vázquez, Alexandra; Gómez, Ángel; López-Rodríguez, Lucía; Swann, William B.",Can identity fusion foster social harmony? Strongly fused individuals embrace familiar outgroup members unless threatened,Journal of Experimental Social Psychology,10.1016/j.jesp.2023.104462,https://www.sciencedirect.com/science/article/pii/S0022103123000197,NA,NA,NA,NA,NA,NA,NA,NA,NA
ATYMRP62,2020,"Greene, Ciara M.; Murphy, Gillian",Individual differences in susceptibility to false memories for COVID-19 fake news,Cognitive Research: Principles and Implications,10.1186/s41235-020-00262-1,https://doi.org/10.1186/s41235-020-00262-1,NA,NA,NA,NA,NA,NA,NA,NA,NA
AWSM54UT,2023,"Tröndle, Marius; Popov, Tzvetan; Pedroni, Andreas; Pfeiffer, Christian; Barańczuk-Turska, Zofia; Langer, Nicolas",Decomposing age effects in EEG alpha power,Cortex,10.1016/j.cortex.2023.02.002,https://linkinghub.elsevier.com/retrieve/pii/S0010945223000345,NA,NA,NA,NA,NA,NA,NA,NA,NA
AXLHPXS5,2023,"McGibbon, Terence; Jansari, Ashok; Demirjian, Jessica; Nemes, Ana; Opre, Adrian","Accelerated forgetting in healthy older samples: Implications for methodology, future ageing studies, and early identification of risk of dementia",Quarterly Journal of Experimental Psychology,10.1177/17470218221113412,https://doi.org/10.1177/17470218221113412,NA,NA,NA,NA,NA,NA,NA,NA,NA
BCVAELFI,2010,"Luo, Chunming; Lupiáñez, Juan; Funes, María Jesús; Fu, Xiaolan",Modulation of spatial Stroop by object-based attention but not by space-based attention,Quarterly Journal of Experimental Psychology,10.1080/17470210903004638,https://journals.sagepub.com/doi/10.1080/17470210903004638,NA,NA,NA,NA,NA,NA,NA,NA,NA
BE26L8VF,2022,"Kirmsse, Alexander; Zimmer, Hubert D.; Ecker, Ullrich K. H.",Task Demands Differentially Affect Processing of Intrinsic and                     Extrinsic Object Features in Working Memory,Experimental Psychology,10.1027/1618-3169/a000572,https://econtent.hogrefe.com/doi/10.1027/1618-3169/a000572,NA,NA,NA,NA,NA,NA,NA,NA,NA
BHDPZ23B,2021,"Ferguson, Christopher J.",Links between screen use and depressive symptoms in adolescents over 16 years: Is there evidence for increased harm?,Developmental Science,10.1111/desc.13008,https://onlinelibrary.wiley.com/doi/abs/10.1111/desc.13008,NA,NA,NA,NA,NA,NA,NA,NA,NA
BN8K67SD,2021,"Muralikrishnan, R.; Idrissi, Ali",Salience-weighted agreement feature hierarchy modulates language comprehension,Cortex,10.1016/j.cortex.2021.03.029,https://www.sciencedirect.com/science/article/pii/S001094522100143X,NA,NA,NA,NA,NA,NA,NA,NA,NA
BTJZYSI7,2025,"Chen, Gal R.; McMurray, Eyal H.; Hassin, Ran R.; Deouell, Leon Y.",Neural markers of speech processing during inattentional deafness☆,Cortex,10.1016/j.cortex.2025.10.010,https://www.sciencedirect.com/science/article/pii/S0010945225002837,NA,NA,NA,NA,NA,NA,NA,NA,NA
BXTP9WRJ,2023,"Kim, Sahoon; Goncalo, Jack A.; Rodas, Maria A.",The cost of freedom: Creative ideation boosts both feelings of autonomy and the fear of judgment,Journal of Experimental Social Psychology,10.1016/j.jesp.2022.104432,https://www.sciencedirect.com/science/article/pii/S0022103122001512,NA,NA,NA,NA,NA,NA,NA,NA,NA
C2AK7754,2010,"Johnson, Kareem J.; Waugh, Christian E.; Fredrickson, Barbara L.",Smile to see the forest: Facially expressed positive emotions broaden cognition,Cognition and Emotion,10.1080/02699930903384667,https://doi.org/10.1080/02699930903384667,NA,NA,NA,NA,NA,NA,NA,NA,NA
C6DMR6LD,2024,"Kraft, Livia; Zimmermann, Johannes; Schmukle, Stefan C.; Czarna, Anna Z.; Sekerdej, Maciej; Dufner, Michael",Who Gets the Credit for Success and the Blame for Failure? On the Links Between Narcissism and Self- and Group-Serving Biases,European Journal of Personality,10.1177/08902070231199366,,NA,NA,NA,NA,NA,NA,NA,NA,NA
C7PIICRM,2019,"Brown, Violet A.; Strand, Julia F.",“Paying” attention to audiovisual speech: Do incongruent stimuli incur greater costs?,"Attention, Perception, & Psychophysics",10.3758/s13414-019-01772-x,https://doi.org/10.3758/s13414-019-01772-x,NA,NA,NA,NA,NA,NA,NA,NA,NA
C7Y99I4H,2026,"White, Michael W.; Ponce de Leon, Rebecca",Less “awe”-some art: How AI diminishes the empathic power of the arts,Journal of Experimental Social Psychology,10.1016/j.jesp.2025.104840,https://www.sciencedirect.com/science/article/pii/S0022103125001210,NA,NA,NA,NA,NA,NA,NA,NA,NA
CCKJVRPP,2024,"Buss, Martje; Wagner, Jenny; Bleckmann, Eva; Wieczorek, Larissa L.",Popularity at first sight: Dominant behaviours mediate the link between extraversion and popularity in face-to-face and virtual group interactions,British Journal of Social Psychology,10.1111/bjso.12720,https://onlinelibrary.wiley.com/doi/abs/10.1111/bjso.12720,NA,NA,NA,NA,NA,NA,NA,NA,NA
CGDFNLSK,2022,"Grubbs, Joshua B.; Floyd, Christopher G.; Griffin, Kaelyn R.; Jennings, Todd L.; Kraus, Shane W.",Moral incongruence and addiction: A registered report,Psychology of Addictive Behaviors,10.1037/adb0000876,,NA,NA,NA,NA,NA,NA,NA,NA,NA
CIVMSHBR,2023,"Jones, Alexander; Silas, Jonathan; Anderson, Wayne; Ward, Emma, V",Null effects of temporal prediction on recognition memory but evidence for differential neural activity at encoding. A registered report,Cortex,10.1016/j.cortex.2023.09.006,,NA,NA,NA,NA,NA,NA,NA,NA,NA
CRZV9BFA,2019,"Beanland, Vanessa; Wynne, Rachael A.",Effects of roadside memorials on drivers’ risk perception and eye movements,Cognitive Research: Principles and Implications,10.1186/s41235-019-0184-1,https://doi.org/10.1186/s41235-019-0184-1,NA,NA,NA,NA,NA,NA,NA,NA,NA
CXA76TXQ,2010,"Georgiou, George K.; Protopapas, Athanassios; Papadopoulos, Timothy C.; Skaloumbakas, Christos; Parrila, Rauno",Auditory temporal processing and dyslexia in an orthographically consistent language,Cortex,10.1016/j.cortex.2010.06.006,https://www.sciencedirect.com/science/article/pii/S0010945210001784,NA,NA,NA,NA,NA,NA,NA,NA,NA
CYPSKPCC,2019,"Raoelison, Matthieu; De Neys, Wim",Do we de-bias ourselves?: The impact of repeated presentation on the bat-and-ball problem,Judgment and Decision Making,10.1017/S1930297500003405,https://www.cambridge.org/core/product/identifier/S1930297500003405/type/journal_article,NA,NA,NA,NA,NA,NA,NA,NA,NA
D55CR7RS,2019,"Wood, Katherine; Simons, Daniel J.",The spatial allocation of attention in an interactive environment,Cognitive Research: Principles and Implications,10.1186/s41235-019-0164-5,https://doi.org/10.1186/s41235-019-0164-5,NA,NA,NA,NA,NA,NA,NA,NA,NA
D7CLHN8V,2026,"Zhao, Chenxiao; Noordewier, Marret K.; van Elk, Michiel",Effects of awe on self-transcendence: A registered report study☆,Journal of Experimental Social Psychology,10.1016/j.jesp.2025.104839,,NA,NA,NA,NA,NA,NA,NA,NA,NA
DAK9DSW9,2010,"Wirth, James H.; Lynam, Donald R.; Williams, Kipling D.",When social pain is not automatic: Personality disorder traits buffer ostracism’s immediate negative impact,Journal of Research in Personality,10.1016/j.jrp.2010.03.001,https://linkinghub.elsevier.com/retrieve/pii/S0092656610000322,NA,NA,NA,NA,NA,NA,NA,NA,NA
DBXRJUC2,2023,"Macpherson, M.C.; Miles, L.K.",Synchrony and mental health: Investigating the negative association between interpersonal coordination and subclinical variation in autism and social anxiety,Journal of Experimental Social Psychology,10.1016/j.jesp.2022.104439,https://linkinghub.elsevier.com/retrieve/pii/S0022103122001585,NA,NA,NA,NA,NA,NA,NA,NA,NA
DCPXSQUI,2022,"Grady, Justin N.; Cox, Patrick H.; Nag, Samoni; Mitroff, Stephen R.",Conscientiousness protects visual search performance from the impact of fatigue,Cognitive Research: Principles and Implications,10.1186/s41235-022-00410-9,https://doi.org/10.1186/s41235-022-00410-9,NA,NA,NA,NA,NA,NA,NA,NA,NA
DCQX8NL6,2025,"Cruz, Francisco; Lombrozo, Tania",How laypeople evaluate scientific explanations containing jargon,Nature Human Behaviour,10.1038/s41562-025-02227-0,https://www.nature.com/articles/s41562-025-02227-0,NA,NA,NA,NA,NA,NA,NA,NA,NA
DMLTLGBM,2021,"Hopwood, Christopher J.; Good, Evan W.; Levendosky, Alytia A.; Zimmermann, Johannes; Dumat, Daniela; Finkel, Eli J.; Eastwick, Paul E.; Bleidorn, Wiebke",Realness is a core feature of authenticity,Journal of Research in Personality,10.1016/j.jrp.2021.104086,https://www.sciencedirect.com/science/article/pii/S0092656621000234,NA,NA,NA,NA,NA,NA,NA,NA,NA
DPGIIT8X,2022,"Hlay, Jessica K.; Albert, Graham; Batres, Carlota; Waldron, Katja; Richardson, George; Placek, Caitlyn; Arnocky, Steven; Senveli, Zeynep; Lieberman, Debra; Hodges-Simeon, Carolyn R.",Disgust sensitivity predicts sociosexuality across cultures,Evolution and Human Behavior,10.1016/j.evolhumbehav.2022.04.005,https://www.sciencedirect.com/science/article/pii/S1090513822000204,NA,NA,NA,NA,NA,NA,NA,NA,NA
DSH5H5Z8,2022,"Hofer, Gabriela; Macher, Silvia; Neubauer, Aljoscha C.","Love is not blind: What romantic partners know about our abilities compared to ourselves, our close friends, and our acquaintances",Journal of Research in Personality,10.1016/j.jrp.2022.104211,https://linkinghub.elsevier.com/retrieve/pii/S0092656622000241,NA,NA,NA,NA,NA,NA,NA,NA,NA
DTCCBXI8,2020,"Van de Vliert, Evert",The global ecology of differentiation between us and them,Nature Human Behaviour,10.1038/s41562-019-0783-3,https://www.nature.com/articles/s41562-019-0783-3,NA,NA,NA,NA,NA,NA,NA,NA,NA
E56W77NV,2020,"Scullin, Michael K.; Ball, B. Hunter; Bugg, Julie M.",Structural correlates of commission errors in prospective memory,Cortex,10.1016/j.cortex.2019.10.013,https://linkinghub.elsevier.com/retrieve/pii/S0010945219303673,NA,NA,NA,NA,NA,NA,NA,NA,NA
E7Z8DQ6H,2021,"Sommer, Tobias; Schröter, Romy; Bayer, Janine",Probing emotional recognition memory: how different response formats affect response behaviour,Memory,10.1080/09658211.2021.1974049,https://doi.org/10.1080/09658211.2021.1974049,NA,NA,NA,NA,NA,NA,NA,NA,NA
E8LY5I67,2021,"Stern, Julia; Schild, Christoph; Jones, Benedict C.; DeBruine, Lisa M.; Hahn, Amanda; Puts, David A.; Zettler, Ingo; Kordsmeyer, Tobias L.; Feinberg, David; Zamfir, Dan; Penke, Lars; Arslan, Ruben C.",Do voices carry valid information about a speaker’s personality?,Journal of Research in Personality,10.1016/j.jrp.2021.104092,https://linkinghub.elsevier.com/retrieve/pii/S0092656621000295,NA,NA,NA,NA,NA,NA,NA,NA,NA
EAPDE7E7,2010,"Granek, Joshua A.; Gorbet, Diana J.; Sergio, Lauren E.",Extensive video-game experience alters cortical networks for complex visuomotor transformations,Cortex,10.1016/j.cortex.2009.10.009,https://www.sciencedirect.com/science/article/pii/S0010945209002846,NA,NA,NA,NA,NA,NA,NA,NA,NA
EIMVIQD4,2010,"Terracciano, Antonio; McCrae, Robert R.; Costa, Paul T.",Intra-individual change in personality stability and age,Journal of Research in Personality,10.1016/j.jrp.2009.09.006,https://linkinghub.elsevier.com/retrieve/pii/S0092656609002025,NA,NA,NA,NA,NA,NA,NA,NA,NA
EJ3AWABB,2025,"Raver, Arman; Lindholm, Torun; Hassoun, Sofie Liljestrand; Alm, Charlotte",Interrogation questions to native and non-native eyewitnesses: The role of witness credibility,Legal and Criminological Psychology,10.1111/lcrp.12301,https://onlinelibrary.wiley.com/doi/abs/10.1111/lcrp.12301,NA,NA,NA,NA,NA,NA,NA,NA,NA
EQ3M4KRQ,2026,"Eckstein, Maria K.; Summerfield, Christopher; Daw, Nathaniel D.; Miller, Kevin J.",Hybrid neural–cognitive models reveal how memory shapes human reward learning,Nature Human Behaviour,10.1038/s41562-025-02324-0,https://www.nature.com/articles/s41562-025-02324-0,NA,NA,NA,NA,NA,NA,NA,NA,NA
EXDJFNQK,2010,"Turan, Bulent; Horowitz, Leonard M.",The motive for support and the identification of responsive partners,Journal of Research in Personality,10.1016/j.jrp.2010.03.007,https://linkinghub.elsevier.com/retrieve/pii/S0092656610000516,NA,NA,NA,NA,NA,NA,NA,NA,NA
EYAAIJ7Q,2025,"Amarasekera, Anurada U.; Travis, Kelton L.; Castaneto, Kristina K.; Cash, Tiara A.; Aknin, Lara B.",What types of gratitude expressions promote prosocial behavior?: A registered report,Journal of Experimental Social Psychology,10.1016/j.jesp.2025.104805,,NA,NA,NA,NA,NA,NA,NA,NA,NA
F36LCRTB,2020,"Faiola, Eliana; Meyhöfer, Inga; Ettinger, Ulrich",Mechanisms of smooth pursuit eye movements in schizotypy,Cortex,10.1016/j.cortex.2019.12.008,https://linkinghub.elsevier.com/retrieve/pii/S0010945219304253,NA,NA,NA,NA,NA,NA,NA,NA,NA
F6PX3I46,2010,"van Kessel, Marlies E.; van Nes, Ilse J. W.; Brouwer, Wiebo H.; Geurts, Alexander C. H.; Fasotti, Luciano",Visuospatial asymmetry and non-spatial attention in subacute stroke patients with and without neglect,Cortex,10.1016/j.cortex.2009.06.004,https://www.sciencedirect.com/science/article/pii/S0010945209001853,NA,NA,NA,NA,NA,NA,NA,NA,NA
FD4KRKVU,2025,"Tidwell, Colin A.; Danvers, Alexander F.; Pfeifer, Valeria A.; Abel, Danielle B.; Alisic, Eva; Beer, Andrew; Bierstetel, Sabrina J.; Bollich-Ziegler, Kathryn L.; Bruni, Michelle; Calabrese, William R.; Chiarello, Christine; Demiray, Burcu; Dimidjian, Sona; Fingerman, Karen L.; Haas, Maximilian; Kaplan, Deanna M.; Kim, Yijung K.; Knezevic, Goran; Lazarevic, Ljiljana B.; Luo, Minxia; Macbeth, Alessandra; Manson, Joseph H.; Mascaro, Jennifer S.; Metcalf, Christina; Minor, Kyle S.; Moseley, Suzanne; Polsinelli, Angelina J.; Raison, Charles L.; Rilling, James K.; Robbins, Megan L.; Sbarra, David; Slatcher, Richard B.; Sun, Jessie; Vasileva, Mira; Vazire, Simine; Mehl, Matthias R.",Are Women Really (Not) More Talkative Than Men? A Registered Report of Binary Gender Similarities/Differences in Daily Word Use,Journal of Personality and Social Psychology,10.1037/pspp0000534,,NA,NA,NA,NA,NA,NA,NA,NA,NA
FFMJHRKR,2024,"Lanfranco, Renzo C.; dos Santos Sousa, Fabienne; Wessel, Pierre Musa; Rivera-Rei, Álvaro; Bekinschtein, Tristán A.; Lucero, Boris; Canales-Johnson, Andrés; Huepe, David",Slow-wave brain connectivity predicts executive functioning and group belonging in socially vulnerable individuals,Cortex,10.1016/j.cortex.2024.03.004,https://www.sciencedirect.com/science/article/pii/S0010945224000716,NA,NA,NA,NA,NA,NA,NA,NA,NA
FGHAJ3LQ,2022,"Mayiwar, Lewend; Løhre, Erik",Speakers’ Choice of Frame Reveals Little About Their Trait Emotions but More About Their Preferences and Risk Perception,Collabra: Psychology,10.1525/collabra.57704,https://doi.org/10.1525/collabra.57704,NA,NA,NA,NA,NA,NA,NA,NA,NA
FHKIAKC7,2020,"Martire, Kristy A.; Growns, Bethany; Bali, Agnes S.; Montgomery-Farrer, Bronte; Summersby, Stephanie; Younan, Mariam",Limited not lazy: a quasi-experimental secondary analysis of evidence quality evaluations by those who hold implausible beliefs,Cognitive Research: Principles and Implications,10.1186/s41235-020-00264-z,https://doi.org/10.1186/s41235-020-00264-z,NA,NA,NA,NA,NA,NA,NA,NA,NA
FKE5YEEB,2025,"Daniel-Watanabe, Lucie; Cook, Benjamin; Leung, Grace; Krstulović, Marino; Finnemann, Johanna; Woolley, Toby; Powell, Craig; Fletcher, Paul",Using a virtual reality game to train biofeedback-based regulation under stress conditions,Psychophysiology,10.1111/psyp.14705,https://onlinelibrary.wiley.com/doi/abs/10.1111/psyp.14705,NA,NA,NA,NA,NA,NA,NA,NA,NA
FKJ48YAP,2010,"Jesse, Alexandra; Massaro, Dominic W.",Seeing a singer helps comprehension of the song’s lyrics,Psychonomic Bulletin & Review,10.3758/PBR.17.3.323,http://link.springer.com/10.3758/PBR.17.3.323,NA,NA,NA,NA,NA,NA,NA,NA,NA
FQBUMMIU,2021,"Elshout, Joris A.; Van der Stigchel, Stefan; Nijboer, Tanja C. W.",Congruent movement training as a rehabilitation method to ameliorate symptoms of neglect–proof of concept,Cortex,10.1016/j.cortex.2021.03.037,https://www.sciencedirect.com/science/article/pii/S0010945221002033,NA,NA,NA,NA,NA,NA,NA,NA,NA
FQT6FX4F,2020,"Smith, Robert W.; Redden, Joseph P.",The role of holistic processing in simultaneous consumption,Journal of Experimental Social Psychology,10.1016/j.jesp.2020.104023,https://www.sciencedirect.com/science/article/pii/S0022103120303632,NA,NA,NA,NA,NA,NA,NA,NA,NA
FT97GK3J,2010,"Cavézian, Céline; Gaudry, Isabelle; Perez, Céline; Coubard, Olivier; Doucet, Gaëlle; Peyrin, Carole; Marendaz, Christian; Obadia, Mickaël; Gout, Olivier; Chokron, Sylvie",Specific impairments in visual processing following lesion side in hemianopic patients,Cortex,10.1016/j.cortex.2009.08.013,https://www.sciencedirect.com/science/article/pii/S0010945209002469,NA,NA,NA,NA,NA,NA,NA,NA,NA
FYCXAAIM,2023,"Olson, Jay A.; Cyr, Mariève; Artenie, Despina Z.; Strandberg, Thomas; Hall, Lars; Tompkins, Matthew L.; Raz, Amir; Johansson, Petter",Emulating future neurotechnology using magic,Consciousness and Cognition,10.1016/j.concog.2022.103450,https://www.sciencedirect.com/science/article/pii/S1053810022001829,NA,NA,NA,NA,NA,NA,NA,NA,NA
G2LTGPDF,2025,"Dunnum, Zoe; Chopik, William J.",A social relations perspective on attachment orientations and judgments of relationship quality in friendships,Journal of Research in Personality,10.1016/j.jrp.2025.104637,https://www.sciencedirect.com/science/article/pii/S0092656625000698,NA,NA,NA,NA,NA,NA,NA,NA,NA
GAUHKSQL,2024,"Brito, Henrique; Lopes, Henrique; de Carvalho, Margarida Vaz; Carrilho, Daniel; Carvalho, Adriano; Araujo, Duarte","The effects of nature-based vs. indoor settings on the adaptability, performance and affect of calisthenics exercisers. A registered report",Psychology of Sport and Exercise,10.1016/j.psychsport.2024.102626,,NA,NA,NA,NA,NA,NA,NA,NA,NA
GIW6HX9F,2010,"Redlich, Allison D.; Summers, Alicia; Hoover, Steven",Self-reported false confessions and false guilty pleas among offenders with mental illness.,Law and Human Behavior,10.1007/s10979-009-9194-8,https://doi.apa.org/doi/10.1007/s10979-009-9194-8,NA,NA,NA,NA,NA,NA,NA,NA,NA
GJA3IV2D,2023,"D'Agostini, Martina; Burger, Andreas M.; Franssen, Mathijs; Perkovic, Ana; Claes, Stephan; Von Leupoldt, Andreas; Murphy, Peter R.; Van Diest, Ilse",Short bursts of transcutaneous auricular vagus nerve stimulation enhance evoked pupil dilation as a function of stimulation parameters,Cortex,10.1016/j.cortex.2022.11.012,https://linkinghub.elsevier.com/retrieve/pii/S001094522200332X,NA,NA,NA,NA,NA,NA,NA,NA,NA
GLBHIKVJ,2010,"Stine-Morrow, Elizabeth A. L.; Noh, Soo Rim; Shake, Matthew C.",Age Differences in the Effects of Conceptual Integration Training on Resource Allocation in Sentence Processing,Quarterly Journal of Experimental Psychology,10.1080/17470210903330983,https://journals.sagepub.com/doi/10.1080/17470210903330983,NA,NA,NA,NA,NA,NA,NA,NA,NA
GM8F6LYB,2026,"Murphy, Dillon H.; Brewer, Gene A.",The impact of thought probes and other encoding interruptions on memory,Quarterly Journal of Experimental Psychology,10.1177/17470218251398503,https://doi.org/10.1177/17470218251398503,NA,NA,NA,NA,NA,NA,NA,NA,NA
GQLFMLFL,2022,"Wirth, Maria; Voss, Andreas; Wirth, Stefan; Rothermund, Klaus",Affect dynamics and well-being: explanatory power of the model of intraindividual variability in affect (MIVA),Cognition and Emotion,10.1080/02699931.2021.1993148,https://doi.org/10.1080/02699931.2021.1993148,NA,NA,NA,NA,NA,NA,NA,NA,NA
GS5IT7JX,2021,"Jones, Benedict C.; DeBruine, Lisa M.; Flake, Jessica K.; Liuzza, Marco Tullio; Antfolk, Jan; Arinze, Nwadiogo C.; Ndukaihe, Izuchukwu L. G.; Bloxsom, Nicholas G.; Lewis, Savannah C.; Foroni, Francesco; Willis, Megan L.; Cubillas, Carmelo P.; Vadillo, Miguel A.; Turiegano, Enrique; Gilead, Michael; Simchon, Almog; Saribay, S. Adil; Owsley, Nicholas C.; Jang, Chaning; Mburu, Georgina; Calvillo, Dustin P.; Wlodarczyk, Anna; Qi, Yue; Ariyabuddhiphongs, Kris; Jarukasemthawee, Somboon; Manley, Harry; Suavansri, Panita; Taephant, Nattasuda; Stolier, Ryan M.; Evans, Thomas R.; Bonick, Judson; Lindemans, Jan W.; Ashworth, Logan F.; Hahn, Amanda C.; Chevallier, Coralie; Kapucu, Aycan; Karaaslan, Aslan; Leongómez, Juan David; Sánchez, Oscar R.; Valderrama, Eugenio; Vásquez-Amézquita, Milena; Hajdu, Nandor; Aczel, Balazs; Szecsi, Peter; Andreychik, Michael; Musser, Erica D.; Batres, Carlota; Hu, Chuan-Peng; Liu, Qing-Lan; Legate, Nicole; Vaughn, Leigh Ann; Barzykowski, Krystian; Golik, Karolina; Schmid, Irina; Stieger, Stefan; Artner, Richard; Mues, Chiel; Vanpaemel, Wolf; Jiang, Zhongqing; Wu, Qi; Marcu, Gabriela M.; Stephen, Ian D.; Lu, Jackson G.; Philipp, Michael C.; Arnal, Jack D.; Hehman, Eric; Xie, Sally Y.; Chopik, William J.; Seehuus, Martin; Azouaghe, Soufian; Belhaj, Abdelkarim; Elouafa, Jamal; Wilson, John P.; Kruse, Elliott; Papadatou-Pastou, Marietta; De La Rosa-Gómez, Anabel; Barba-Sánchez, Alan E.; González-Santoyo, Isaac; Hsu, Tsuyueh; Kung, Chun-Chia; Wang, Hsiao-Hsin; Freeman, Jonathan B.; Oh, Dong Won; Schei, Vidar; Sverdrup, Therese E.; Levitan, Carmel A.; Cook, Corey L.; Chandel, Priyanka; Kujur, Pratibha; Parganiha, Arti; Parveen, Noorshama; Pati, Atanu Kumar; Pradhan, Sraddha; Singh, Margaret M.; Pande, Babita; Bavolar, Jozef; Kačmár, Pavol; Zakharov, Ilya; Álvarez-Solas, Sara; Baskin, Ernest; Thirkettle, Martin; Schmidt, Kathleen; Christopherson, Cody D.; Leonis, Trinity; Suchow, Jordan W.; Olofsson, Jonas K.; Jernsäther, Teodor; Lee, Ai-Suan; Beaudry, Jennifer L.; Gogan, Taylor D.; Oldmeadow, Julian A.; Balas, Benjamin; Stevens, Laura M.; Colloff, Melissa F.; Flowe, Heather D.; Gülgöz, Sami; Brandt, Mark J.; Hoyer, Karlijn; Jaeger, Bastian; Ren, Dongning; Sleegers, Willem W. A.; Wissink, Joeri; Kaminski, Gwenaël; Floerke, Victoria A.; Urry, Heather L.; Chen, Sau-Chin; Pfuhl, Gerit; Vally, Zahir; Basnight-Brown, Dana M.; Jzerman, Hans I.; Sarda, Elisa; Neyroud, Lison; Badidi, Touhami; Van Der Linden, Nicolas; Tan, Chrystalle B. Y.; Kovic, Vanja; Sampaio, Waldir; Ferreira, Paulo; Santos, Diana; Burin, Debora I.; Gardiner, Gwendolyn; Protzko, John; Schild, Christoph; Ścigała, Karolina A.; Zettler, Ingo; O’Mara Kunz, Erin M.; Storage, Daniel; Wagemans, Fieke M. A.; Saunders, Blair; Sirota, Miroslav; Sloane, Guyan V.; Lima, Tiago J. S.; Uittenhove, Kim; Vergauwe, Evie; Jaworska, Katarzyna; Stern, Julia; Ask, Karl; Van Zyl, Casper J. J.; Körner, Anita; Weissgerber, Sophia C.; Boudesseul, Jordane; Ruiz-Dodobara, Fernando; Ritchie, Kay L.; Michalak, Nicholas M.; Blake, Khandis R.; White, David; Gordon-Finlayson, Alasdair R.; Anne, Michele; Janssen, Steve M. J.; Lee, Kean Mun; Nielsen, Tonje K.; Tamnes, Christian K.; Zickfeld, Janis H.; Rosa, Anna Dalla; Vianello, Michelangelo; Kocsor, Ferenc; Kozma, Luca; Putz, Ádám; Tressoldi, Patrizio; Irrazabal, Natalia; Chatard, Armand; Lins, Samuel; Pinto, Isabel R.; Lutz, Johannes; Adamkovic, Matus; Babincak, Peter; Baník, Gabriel; Ropovik, Ivan; Coetzee, Vinet; Dixson, Barnaby J. W.; Ribeiro, Gianni; Peters, Kim; Steffens, Niklas K.; Tan, Kok Wei; Thorstenson, Christopher A.; Fernandez, Ana Maria; Hsu, Rafael M. C. S.; Valentova, Jaroslava V.; Varella, Marco A. C.; Corral-Frías, Nadia S.; Frías-Armenta, Martha; Hatami, Javad; Monajem, Arash; Sharifian, MohammadHasan; Frohlich, Brooke; Lin, Hause; Inzlicht, Michael; Alaei, Ravin; Rule, Nicholas O.; Lamm, Claus; Pronizius, Ekaterina; Voracek, Martin; Olsen, Jerome; Giolla, Erik Mac; Akgoz, Aysegul; Özdoğru, Asil A.; Crawford, Matthew T.; Bennett-Day, Brooke; Koehn, Monica A.; Okan, Ceylan; Gill, Tripat; Miller, Jeremy K.; Dunham, Yarrow; Yang, Xin; Alper, Sinan; Borras-Guevara, Martha Lucia; Cai, Sun Jun; Tiantian, Dong; Danvers, Alexander F.; Feinberg, David R.; Armstrong, Marie M.; Gilboa-Schechtman, Eva; McCarthy, Randy J.; Muñoz-Reyes, Jose Antonio; Polo, Pablo; Shiramazu, Victor K. M.; Yan, Wen-Jing; Carvalho, Lilian; Forscher, Patrick S.; Chartier, Christopher R.; Coles, Nicholas A.",To which world regions does the valence–dominance model of social perception apply?,Nature Human Behaviour,10.1038/s41562-020-01007-2,https://www.nature.com/articles/s41562-020-01007-2,NA,NA,NA,NA,NA,NA,NA,NA,NA
GSBL8CBM,2025,"Theodoropoulou, Andriana; Lisi, Matteo; Rolision, Jonathan; Sirota, Miroslav",The effects of communicating illness diagnostic and treatment information and C-reactive protein test results on people's antibiotic expectations,British Journal of Health Psychology,10.1111/bjhp.70020,,NA,NA,NA,NA,NA,NA,NA,NA,NA
H5FCNUIH,2021,"Stamos, Angelos; McLaughlin, Jack; Bruyneel, Sabrina; Dewitte, Siegfried","A preregistered study of the relationship between childhood socioeconomic background, life history strategies and conformity",Journal of Research in Personality,10.1016/j.jrp.2021.104095,https://www.sciencedirect.com/science/article/pii/S0092656621000325,NA,NA,NA,NA,NA,NA,NA,NA,NA
H7DJLGJ6,2022,"Butter, Sarah; McGlinchey, Emily; Berry, Emma; Armour, Cherie","Psychological, social, and situational factors associated with COVID-19 vaccination intentions: A study of UK key workers and non-key workers",British Journal of Health Psychology,10.1111/bjhp.12530,https://onlinelibrary.wiley.com/doi/abs/10.1111/bjhp.12530,NA,NA,NA,NA,NA,NA,NA,NA,NA
HE4XRPN9,2024,"Emadi Andani, Mehran; Barbiani, Diletta; Bonetto, Marco; Menegaldo, Rudy; Villa-Sánchez, Bernardo; Fiorio, Mirta",Preserving the placebo effect after disclosure: A new perspective on non-deceptive placebos,British Journal of Psychology,10.1111/bjop.12696,https://onlinelibrary.wiley.com/doi/abs/10.1111/bjop.12696,NA,NA,NA,NA,NA,NA,NA,NA,NA
HFB9KKL4,2026,"Pan, Zhihe; Tan, Hweemin; Liu, Siqi; Fang, Xia","Beyond the basic six, static, and WERID: Exploring the range of emotions conveyed by facial expressions",Journal of Experimental Social Psychology,10.1016/j.jesp.2025.104836,https://www.sciencedirect.com/science/article/pii/S0022103125001179,NA,NA,NA,NA,NA,NA,NA,NA,NA
HHBDQ27A,2018,"Szaszi, Barnabas; Palfi, Bence; Szollosi, Aba; Kieslich, Pascal J.; Aczel, Balazs",Thinking dynamics and individual differences: Mouse-tracking analysis of the denominator neglect task,Judgment and Decision Making,10.1017/S1930297500008792,https://www.cambridge.org/core/product/identifier/S1930297500008792/type/journal_article,NA,NA,NA,NA,NA,NA,NA,NA,NA
HHW3YCAF,2024,"Dora, Jonas; Kuczynski, Adam M.; Schultz, Megan E.; Acuff, Samuel F.; Murphy, James G.; King, Kevin M.",An experimental investigation into the effect of negative affect on the behavioral economic demand for alcohol,Psychology of Addictive Behaviors,10.1037/adb0000984,,NA,NA,NA,NA,NA,NA,NA,NA,NA
HJYZY2TD,2010,"Leflot, Geertje; Onghena, Patrick; Colpin, Hilde",Teacher–child interactions: relations with children's self‐concept in second grade,Infant and Child Development,10.1002/icd.672,https://onlinelibrary.wiley.com/doi/10.1002/icd.672,NA,NA,NA,NA,NA,NA,NA,NA,NA
HK6P6AYG,2023,"Dietrich, Bryce J.; Sands, Melissa L.",Seeing racial avoidance on New York City streets,Nature Human Behaviour,10.1038/s41562-023-01589-7,https://www.nature.com/articles/s41562-023-01589-7,NA,NA,NA,NA,NA,NA,NA,NA,NA
HKDFAWZ7,2026,"Nielsen, Yngwie A.; Christiansen, Morten H.",Evidence for the representation of non-hierarchical structures in language,Nature Human Behaviour,10.1038/s41562-025-02387-z,https://www.nature.com/articles/s41562-025-02387-z,NA,NA,NA,NA,NA,NA,NA,NA,NA
HKT36V8D,2022,"Torralba Cuello, Mireia; Drew, Alice; Sabaté San José, Alba; Morís Fernández, Luis; Soto-Faraco, Salvador",Alpha fluctuations regulate the accrual of visual information to awareness,Cortex,10.1016/j.cortex.2021.11.017,https://www.sciencedirect.com/science/article/pii/S0010945221003774,NA,NA,NA,NA,NA,NA,NA,NA,NA
HLHXQ2TX,2025,"Kaduk, Kristin; Petrella, Alessandro; Müller, Sophie J.; Koenig, Julian; Kroemer, Nils B.",Non-Invasive Auricular Vagus Nerve Stimulation Decreases Heart Rate Variability Independent of Caloric Load,Psychophysiology,10.1111/psyp.70017,https://onlinelibrary.wiley.com/doi/abs/10.1111/psyp.70017,NA,NA,NA,NA,NA,NA,NA,NA,NA
HNR7KQZB,2022,"Teichmann, Lina; Moerel, Denise; Rich, Anina N.; Baker, Chris I.",The nature of neural object representations during dynamic occlusion,Cortex,10.1016/j.cortex.2022.04.009,https://linkinghub.elsevier.com/retrieve/pii/S0010945222001186,NA,NA,NA,NA,NA,NA,NA,NA,NA
HPU9GG9S,2010,"Rakow, Tim; Newell, Ben R.; Zougkou, Konstantina",The Role of Working Memory in Information Acquisition and Decision Making: Lessons from the Binary Prediction Task,Quarterly Journal of Experimental Psychology,10.1080/17470210903357945,https://journals.sagepub.com/doi/10.1080/17470210903357945,NA,NA,NA,NA,NA,NA,NA,NA,NA
HSZG7HFK,2025,"Wilson, Kathryn E.",Does personality moderate relationships between change in social cognitions and physical activity among college women?,Psychology & Health,10.1080/08870446.2025.2543602,https://doi.org/10.1080/08870446.2025.2543602,NA,NA,NA,NA,NA,NA,NA,NA,NA
HWSQI9XE,2025,"Mizrahi, Or; Wilf, Meytal; Ovadia-Caro, Smadar",Overnight residues of sensorimotor aftereffects and lack of visuospatial aftereffects following a single prism exposure in healthy subjects,Cortex,10.1016/j.cortex.2025.07.009,https://www.sciencedirect.com/science/article/pii/S001094522500187X,NA,NA,NA,NA,NA,NA,NA,NA,NA
I3BCBXVP,2023,"Harris, Anthony M.; Eayrs, Joshua O.; Lavie, Nilli",Establishing gaze markers of perceptual load during multi-target visual search,Cognitive Research: Principles and Implications,10.1186/s41235-023-00498-7,https://doi.org/10.1186/s41235-023-00498-7,NA,NA,NA,NA,NA,NA,NA,NA,NA
IASD6J69,2022,"Liang, Garston; Sloane, Jennifer F.; Donkin, Christopher; Newell, Ben R.",Adapting to the algorithm: how accuracy comparisons promote the use of a decision aid,Cognitive Research: Principles and Implications,10.1186/s41235-022-00364-y,https://doi.org/10.1186/s41235-022-00364-y,NA,NA,NA,NA,NA,NA,NA,NA,NA
IDS8HZ54,2025,"Shen, Xi; Anderson, Rajen A.; Pizarro, David A.",People judge third-party anger as a signal of moral character,Journal of Experimental Social Psychology,10.1016/j.jesp.2025.104765,https://www.sciencedirect.com/science/article/pii/S0022103125000460,NA,NA,NA,NA,NA,NA,NA,NA,NA
IE6RC6XU,2025,"King, Kevin M.; Dora, Jonas; Schultz, Megan; McCabe, Connor J.; Lee, Christine M.; Shoda, Yuichi; Fairlie, Anne M.; Litt, Dana M.; Lewis, Melissa A.; Patrick, Megan E.; Smith, Gregory T.",Within-Day Associations Between Affect and Intentions to Drink Alcohol in Adolescents and Young Adults: A Registered Report,Psychology of Addictive Behaviors,10.1037/adb0001074,,NA,NA,NA,NA,NA,NA,NA,NA,NA
IE8W2X8G,2021,"Wang, Jin; Wagley, Neelima; Rice, Mabel L.; Booth, James R.",Semantic and syntactic specialization during auditory sentence processing in 7-8-year-old children,Cortex,10.1016/j.cortex.2021.09.006,https://linkinghub.elsevier.com/retrieve/pii/S0010945221003075,NA,NA,NA,NA,NA,NA,NA,NA,NA
IF4V2YWS,2021,"Kunst, L. E.; Bekker, M. H. J.; Maas, J.; van Assen, M. A. L. M.; Duijndam, S.; Riem, M. M. E.",The role of autonomy-connectedness in stress-modulating effects of social support in women: An experimental study using a virtual Trier Social Stress Test,International Journal of Psychophysiology,10.1016/j.ijpsycho.2021.10.013,https://www.sciencedirect.com/science/article/pii/S0167876021009090,NA,NA,NA,NA,NA,NA,NA,NA,NA
IGBSSI7N,2023,"Schmuck, Jonas; Schnuerch, Robert; Kirsten, Hannah; Shivani, Vanishree; Gibbons, Henning",The influence of selective attention to specific emotions on the processing of faces as revealed by event-related brain potentials,Psychophysiology,10.1111/psyp.14325,https://onlinelibrary.wiley.com/doi/abs/10.1111/psyp.14325,NA,NA,NA,NA,NA,NA,NA,NA,NA
IGRBUUJE,2022,"Zhuang, Liping; Wang, Jingyi; Xiong, Bingsen; Bian, Cheng; Hao, Lei; Bayley, Peter J.; Qin, Shaozheng",Rapid neural reorganization during retrieval practice predicts subsequent long-term retention and false memory,Nature Human Behaviour,10.1038/s41562-021-01188-4,https://www.nature.com/articles/s41562-021-01188-4,NA,NA,NA,NA,NA,NA,NA,NA,NA
IJAS34PC,2025,"Correll, Joshua; Lakshmi, Anjana; Wittenbrink, Bernd; Ma, Debbie S.; Singh, Balbir; Bansemer, Emil; Harvey Jr., Lewis O.",The mental representation of ingroup and outgroup faces,Journal of Personality and Social Psychology,10.1037/pspa0000442,,NA,NA,NA,NA,NA,NA,NA,NA,NA
IMMVK2EF,2021,"Demidenko, Michael I.; Ip, Ka I.; Kelly, Dominic P.; Constante, Kevin; Goetschius, Leigh G.; Keating, Daniel P.","Ecological stress, amygdala reactivity, and internalizing symptoms in preadolescence: Is parenting a buffer?",Cortex,10.1016/j.cortex.2021.02.032,https://linkinghub.elsevier.com/retrieve/pii/S0010945221001209,NA,NA,NA,NA,NA,NA,NA,NA,NA
INHEVCLQ,2023,"Sanson, Mevagh; Risløv Staugaard, Søren; Barzykowski, Krystian",What do laypeople believe about the voluntary and involuntary retrieval of memories?,Consciousness and Cognition,10.1016/j.concog.2023.103491,https://www.sciencedirect.com/science/article/pii/S1053810023000284,NA,NA,NA,NA,NA,NA,NA,NA,NA
IPCBUP7P,2025,"Furman, Celina R.; Volz, Sarah C.; Mann, Traci; Rothman, Alexander J.",How multiple motives facilitate decisions to exercise in contexts with tempting alternatives: evidence from two scenario studies,Psychology & Health,10.1080/08870446.2025.2560360,https://doi.org/10.1080/08870446.2025.2560360,NA,NA,NA,NA,NA,NA,NA,NA,NA
ITD6E72M,2025,"Mohammadi, Sarah; Hales, Andrew H.",From ostracized to pleased: How fair and unfair social exclusion activates schadenfreude,Journal of Experimental Social Psychology,10.1016/j.jesp.2025.104786,https://www.sciencedirect.com/science/article/pii/S0022103125000678,NA,NA,NA,NA,NA,NA,NA,NA,NA
IUIRRH49,2025,"James, Emma; Thompson, Paul A.; Bowes, Lucy; Nation, Kate",Language and Beyond: A Registered Report Examining Single and Multiple Risk Models of Later Reading Comprehension Weaknesses,Developmental Science,10.1111/desc.70048,,NA,NA,NA,NA,NA,NA,NA,NA,NA
IVRKK7YW,2010,"Sheldon, Signy A. M.; Moscovitch, Morris",Recollective performance advantages for implicit memory tasks,Memory,10.1080/09658211.2010.499876,http://www.tandfonline.com/doi/abs/10.1080/09658211.2010.499876,NA,NA,NA,NA,NA,NA,NA,NA,NA
IXPTFNG9,2023,"Lautenbacher, Johannes Michael; Fritsche, Immo",Agency through hierarchy? A group-based account of increased approval of social hierarchies under conditions of threatened control,Journal of Experimental Social Psychology,10.1016/j.jesp.2023.104500,https://www.sciencedirect.com/science/article/pii/S0022103123000574,NA,NA,NA,NA,NA,NA,NA,NA,NA
IXTQHZRC,2020,"Frey, Renato",Decisions from experience: Competitive search and choice in kind and wicked environments,Judgment and Decision Making,10.1017/S1930297500007415,https://www.cambridge.org/core/journals/judgment-and-decision-making/article/decisions-from-experience-competitive-search-and-choice-in-kind-and-wicked-environments/FFEB8ED63A440294B7E8236348BECDC6,NA,NA,NA,NA,NA,NA,NA,NA,NA
IZPGWJQC,2010,"Lee, Yunjo; Duchaine, Bradley; Wilson, Hugh R.; Nakayama, Ken",Three cases of developmental prosopagnosia from one family: Detailed neuropsychological and psychophysical investigation of face processing,Cortex,10.1016/j.cortex.2009.07.012,https://www.sciencedirect.com/science/article/pii/S001094520900224X,NA,NA,NA,NA,NA,NA,NA,NA,NA
J2UBNQZE,2025,"Gardette, Jeremy; Besson, Gabriel; Baillet, Marion; Rizzolo, Lou; Narbutas, Justinas; Van Egroo, Maxime; Chylinski, Daphne; Maquet, Pierre; Salmon, Eric; Vandewalle, Gilles; Collette, Fabienne; Bastin, Christine",Individual differences in anterograde memory for details relate to posterior hippocampal volume,Cortex,10.1016/j.cortex.2025.01.012,https://www.sciencedirect.com/science/article/pii/S0010945225000292,NA,NA,NA,NA,NA,NA,NA,NA,NA
J5BWB9CV,2024,"Gruber, Robert; Haefner, Michael; Kachel, Sven",Dressing up social psychology: Empirically investigating the psychological functions of clothing using the example of symbolic protection,British Journal of Social Psychology,10.1111/bjso.12700,,NA,NA,NA,NA,NA,NA,NA,NA,NA
J67UTRHK,2024,"Che, Xiaowei; Lian, Haomin; Zhang, Feiyan; Li, Shouxin; Zheng, Yuanjie",The Reactivation of working memory representations affects attentional guidance,Psychophysiology,10.1111/psyp.14514,https://onlinelibrary.wiley.com/doi/abs/10.1111/psyp.14514,NA,NA,NA,NA,NA,NA,NA,NA,NA
J78HELWM,2010,"Bernstein, Michael J.; Sacco, Donald F.; Brown, Christina M.; Young, Steven G.; Claypool, Heather M.",A preference for genuine smiles following social exclusion,Journal of Experimental Social Psychology,10.1016/j.jesp.2009.08.010,https://www.sciencedirect.com/science/article/pii/S0022103109002133,NA,NA,NA,NA,NA,NA,NA,NA,NA
JH6ZVZ2G,2021,"Siddiqi, Shan H.; Schaper, Frederic L. W. V. J.; Horn, Andreas; Hsu, Joey; Padmanabhan, Jaya L.; Brodtmann, Amy; Cash, Robin F. H.; Corbetta, Maurizio; Choi, Ki Sueng; Dougherty, Darin D.; Egorova, Natalia; Fitzgerald, Paul B.; George, Mark S.; Gozzi, Sophia A.; Irmen, Frederike; Kuhn, Andrea A.; Johnson, Kevin A.; Naidech, Andrew M.; Pascual-Leone, Alvaro; Phan, Thanh G.; Rouhl, Rob P. W.; Taylor, Stephan F.; Voss, Joel L.; Zalesky, Andrew; Grafman, Jordan H.; Mayberg, Helen S.; Fox, Michael D.",Brain stimulation and brain lesions converge on common causal circuits in neuropsychiatric disease,Nature Human Behaviour,10.1038/s41562-021-01161-1,https://www.nature.com/articles/s41562-021-01161-1,NA,NA,NA,NA,NA,NA,NA,NA,NA
JHDZQ7YF,2025,"Frisoni, Matteo; Tarasi, Luca; Borgomaneri, Sara; Romei, Vincenzo",The relationship between individual alpha frequency and time perception: Testing the internal clock versus the sampling rate hypothesis,Cortex,10.1016/j.cortex.2025.09.008,https://www.sciencedirect.com/science/article/pii/S0010945225002497,NA,NA,NA,NA,NA,NA,NA,NA,NA
JHKV66YN,2010,"Lew, Adina R.; Gibbons, Bryony; Murphy, Caroline; Gavin Bremner, J.",Use of geometry for spatial reorientation in children applies only to symmetric spaces,Developmental Science,10.1111/j.1467-7687.2009.00904.x,https://onlinelibrary.wiley.com/doi/10.1111/j.1467-7687.2009.00904.x,NA,NA,NA,NA,NA,NA,NA,NA,NA
JJV6YBTY,2025,"Pluta, Kathryn; More, Kimberly R.; Phillips, L. Alison",Predicting implicit and explicit exercise identity from descriptive social norms regarding exercise,Psychology & Health,10.1080/08870446.2022.2156580,https://doi.org/10.1080/08870446.2022.2156580,NA,NA,NA,NA,NA,NA,NA,NA,NA
JLMAD35U,2024,"Jungerius, Chris; Perizonius, Sophie; Slagter, Heleen A.",Reduced contextual uncertainty facilitates learning what to attend to and what to ignore,"Attention, Perception, & Psychophysics",10.3758/s13414-024-02945-z,https://doi.org/10.3758/s13414-024-02945-z,NA,NA,NA,NA,NA,NA,NA,NA,NA
JLRMPQBU,2024,"Bögge, Lukas; Colás-Blanco, Itsaso; Ferragu, Juliette; Gaston-Bellegarde, Alexandre; La Corte, Valentina; Piolino, Pascale",Autonomic and cognitive control in memory: Investigating the psychophysiological link using heart rate variability biofeedback,Psychophysiology,10.1111/psyp.14588,https://onlinelibrary.wiley.com/doi/abs/10.1111/psyp.14588,NA,NA,NA,NA,NA,NA,NA,NA,NA
JM644JGX,2022,"Doebel, Sabine; Munakata, Yuko",Unraveling the Nature of Children’s Self-directed Speech: Correlates of Five- and Six-year-olds’ Overt and Partially Covert Speech on Three Tasks,Collabra: Psychology,10.1525/collabra.57543,https://doi.org/10.1525/collabra.57543,NA,NA,NA,NA,NA,NA,NA,NA,NA
JN73URXN,2025,"Waddell, Jack T.; King, Scott E.; Corbin, William R.; Lee, Christine M.",The sequential daily process through which alcohol expectancies predict acute drinking behavior,Psychology of Addictive Behaviors,10.1037/adb0001067,,NA,NA,NA,NA,NA,NA,NA,NA,NA
JTYI7C7A,2025,"Roskvist, Rachel; Consedine, Nathan S.",Is compassion fatigue a self-fulfilling prophecy in health care? A preregistered experimental study of manipulated expectations in doctors and medical trainees,British Journal of Health Psychology,10.1111/bjhp.70013,https://onlinelibrary.wiley.com/doi/abs/10.1111/bjhp.70013,NA,NA,NA,NA,NA,NA,NA,NA,NA
JZ2NZIN5,2022,"Mygind, Lærke; Elsborg, Peter; Schipperijn, Jasper; Boruff, Bryan; Lum, Jarrad A. G.; Bølling, Mads; Flensborg-Madsen, Trine; Bentsen, Peter; Enticott, Peter G.; Christian, Hayley","Is vegetation cover in key behaviour settings important for early childhood socioemotional function? A preregistered, cross-sectional study",Developmental Science,10.1111/desc.13200,https://onlinelibrary.wiley.com/doi/abs/10.1111/desc.13200,NA,NA,NA,NA,NA,NA,NA,NA,NA
JZPGK24B,2011,"Eder, Andreas B.",Control of impulsive emotional behaviour through implementation intentions,Cognition and Emotion,10.1080/02699931.2010.527493,https://doi.org/10.1080/02699931.2010.527493,NA,NA,NA,NA,NA,NA,NA,NA,NA
K4WMFMRQ,2025,"Cao, Runnan; Wang, Jinge; Lin, Chujun; De Falco, Emanuela; Peter, Alina; Rey, Hernan G.; Brunner, Peter; Willie, Jon T.; DiCarlo, James J.; Todorov, Alexander; Rutishauser, Ueli; Li, Xin; Brandmeir, Nicholas J.; Wang, Shuo",Feature-based encoding of face identity by single neurons in the human amygdala and hippocampus,Nature Human Behaviour,10.1038/s41562-025-02218-1,https://www.nature.com/articles/s41562-025-02218-1,NA,NA,NA,NA,NA,NA,NA,NA,NA
K97KGN7J,2010,"Dijker, Anton J. M.",Perceived vulnerability as a common basis of moral emotions,British Journal of Social Psychology,10.1348/014466609X482668,https://onlinelibrary.wiley.com/doi/abs/10.1348/014466609X482668,NA,NA,NA,NA,NA,NA,NA,NA,NA
KCEYJYBL,2021,"Havron, Naomi; Babineau, Mireille; Christophe, Anne",18-month-olds fail to use recent experience to infer the syntactic category of novel words,Developmental Science,10.1111/desc.13030,https://onlinelibrary.wiley.com/doi/abs/10.1111/desc.13030,NA,NA,NA,NA,NA,NA,NA,NA,NA
KDR8D4S5,2022,"Vicente-Conesa, Francisco; Giménez-Fernández, Tamara; Shanks, David R.; Vadillo, Miguel A.",The role of working memory in contextual cueing of visual attention,Cortex,10.1016/j.cortex.2022.05.019,https://linkinghub.elsevier.com/retrieve/pii/S0010945222001721,NA,NA,NA,NA,NA,NA,NA,NA,NA
KE2D6X2K,2023,"Wisniewski, David; Rigoni, Davide; Vermeylen, Luc; Braem, Senne; Abrahamse, Elger; Brass, Marcel",The impact of free will beliefs on implicit learning,Consciousness and Cognition,10.1016/j.concog.2022.103448,https://linkinghub.elsevier.com/retrieve/pii/S1053810022001805,NA,NA,NA,NA,NA,NA,NA,NA,NA
KEZZLYWB,2010,"Pinxten, Maarten; De Fraine, Bieke; Van Damme, Jan; D'Haenens, Ellen",Causal ordering of academic self‐concept and achievement: Effects of type of achievement measure,British Journal of Educational Psychology,10.1348/000709910X493071,https://bpspsychub.onlinelibrary.wiley.com/doi/10.1348/000709910X493071,NA,NA,NA,NA,NA,NA,NA,NA,NA
KHF92SKR,2022,"Fan, Lei; Tybur, Joshua M.; Jones, Benedict C.",Are people more averse to microbe-sharing contact with ethnic outgroup members? A registered report,Evolution and Human Behavior,10.1016/j.evolhumbehav.2022.08.007,https://linkinghub.elsevier.com/retrieve/pii/S1090513822000514,NA,NA,NA,NA,NA,NA,NA,NA,NA
KHYX27UX,2022,"Rambo-Hernandez, Karen E.; Makel, Matthew C.; Peters, Scott J.; Worley, Cristina",Differential return on investment: Academic growth in mathematics and reading based on initial performance,British Journal of Educational Psychology,10.1111/bjep.12479,https://onlinelibrary.wiley.com/doi/abs/10.1111/bjep.12479,NA,NA,NA,NA,NA,NA,NA,NA,NA
KI7RFQFD,2019,"Ching, April Shi Min; Kim, Jeesun; Davis, Chris",Auditory–visual integration during nonconscious perception,Cortex,10.1016/j.cortex.2019.02.014,https://linkinghub.elsevier.com/retrieve/pii/S0010945219300668,NA,NA,NA,NA,NA,NA,NA,NA,NA
KMSCHJXV,2026,"Servais, Anaïs; Bastin, Christine",Memory benefit after exploring a novel virtual environment: There is more than spatial novelty,Quarterly Journal of Experimental Psychology,10.1177/17470218251348993,https://doi.org/10.1177/17470218251348993,NA,NA,NA,NA,NA,NA,NA,NA,NA
KQIM3FWT,2025,"de Waard, Jasper; Theeuwes, Jan; Bogaerts, Louisa",Taking time: Auditory statistical learning benefits from distributed exposure,Psychonomic Bulletin & Review,10.3758/s13423-024-02634-w,https://doi.org/10.3758/s13423-024-02634-w,NA,NA,NA,NA,NA,NA,NA,NA,NA
KXFXRA4R,2010,"Sass, Sarah M.; Heller, Wendy; Stewart, Jennifer L.; Silton, Rebecca Levin; Edgar, J. Christopher; Fisher, Joscelyn E.; Miller, Gregory A.",Time course of attentional bias in anxiety: Emotion and gender specificity,Psychophysiology,10.1111/j.1469-8986.2009.00926.x,https://onlinelibrary.wiley.com/doi/10.1111/j.1469-8986.2009.00926.x,NA,NA,NA,NA,NA,NA,NA,NA,NA
L3V9WVB8,2019,"Ludwig, Rita M.; Flournoy, John C.; Berkman, Elliot T.",Inequality in personality and temporal discounting across socioeconomic status? Assessing the evidence,Journal of Research in Personality,10.1016/j.jrp.2019.05.003,https://linkinghub.elsevier.com/retrieve/pii/S0092656619300480,NA,NA,NA,NA,NA,NA,NA,NA,NA
L4NWBGPK,2023,"Leiberg, Karoline; de Tisi, Jane; Duncan, John S.; Little, Bethany; Taylor, Peter N.; Vos, Sjoerd B.; Winston, Gavin P.; Mota, Bruno; Wang, Yujiang",Effects of anterior temporal lobe resection on cortical morphology,Cortex,10.1016/j.cortex.2023.04.018,https://www.sciencedirect.com/science/article/pii/S0010945223001351,NA,NA,NA,NA,NA,NA,NA,NA,NA
L7XE2GLW,2026,"Zambrano Garza, Elizabeth; Pauly, Theresa; Murphy, Rachel A.; Ashe, Maureen C.; Madden, Kenneth M.; Linden, Wolfgang; Gerstorf, Denis; Hoppmann, Christiane A.",Everyday moderate-to-vigorous physical activity in stroke survivors: the role of individual and joint intentions and self-efficacy,Psychology & Health,10.1080/08870446.2025.2496226,https://doi.org/10.1080/08870446.2025.2496226,NA,NA,NA,NA,NA,NA,NA,NA,NA
L9RZKBF7,2019,"Strimling, Pontus; Vartanova, Irina; Jansson, Fredrik; Eriksson, Kimmo",The connection between moral positions and moral arguments drives opinion change,Nature Human Behaviour,10.1038/s41562-019-0647-x,https://www.nature.com/articles/s41562-019-0647-x,NA,NA,NA,NA,NA,NA,NA,NA,NA
LIYQYS9X,2010,"Parks-Stamm, Elizabeth J.; Oettingen, Gabriele; Gollwitzer, Peter M.",Making sense of one’s actions in an explanatory vacuum: The interpretation of nonconscious goal striving,Journal of Experimental Social Psychology,10.1016/j.jesp.2010.02.004,https://www.sciencedirect.com/science/article/pii/S0022103110000314,NA,NA,NA,NA,NA,NA,NA,NA,NA
LN42HAYF,2024,"MacMillan, Kelli K.; Bourke, Declan; Watson, Stuart J.; Lewis, Andrew J.; Teti, Douglas M.; Ball, Helen L.; Galbally, Megan",Infant sleep and anxiety disorders in early childhood: Findings from an Australian pregnancy cohort study,Infant and Child Development,10.1002/icd.2501,https://onlinelibrary.wiley.com/doi/abs/10.1002/icd.2501,NA,NA,NA,NA,NA,NA,NA,NA,NA
LQ4TVJSJ,2021,"Lazić, Aleksandra; Kalinova, Kalina Nikolova; Packer, Jali; Pae, Riinu; Petrović, Marija B.; Popović, Dora; Sievert, D. Elisabeth C.; Stafford-Johnson, Natalie",Social nudges for vaccination: How communicating herd behaviour influences vaccination intentions,British Journal of Health Psychology,10.1111/bjhp.12556,https://onlinelibrary.wiley.com/doi/abs/10.1111/bjhp.12556,NA,NA,NA,NA,NA,NA,NA,NA,NA
LURQWFGT,2021,"Sturm, Virginia E.; Roy, Ashlin R. K.; Datta, Samir; Wang, Cheng; Sible, Isabel J.; Holley, Sarah R.; Watson, Christa; Palser, Eleanor R.; Morris, Nathaniel A.; Battistella, Giovanni; Rah, Esther; Meyer, Marita; Pakvasa, Mikhail; Mandelli, Maria Luisa; Deleon, Jessica; Hoeft, Fumiko; Caverzasi, Eduardo; Miller, Zachary A.; Shapiro, Kevin A.; Hendren, Robert; Miller, Bruce L.; Gorno-Tempini, Maria Luisa",Enhanced visceromotor emotional reactivity in dyslexia and its relation to salience network connectivity,Cortex,10.1016/j.cortex.2020.10.022,https://www.sciencedirect.com/science/article/pii/S0010945220304081,NA,NA,NA,NA,NA,NA,NA,NA,NA
DVMALN8Z,2010,"Otto, A. Ross; Love, Bradley C.",You don�t want to know what you�re missing: When information about forgone rewards impedes dynamic decision making,Judgment and Decision Making,10.1017/S1930297500001984,https://www.cambridge.org/core/product/identifier/S1930297500001984/type/journal_article,NA,NA,NA,NA,NA,NA,NA,NA,NA
M4M8G84H,2022,"Lubczyk, Till; Lukács, Gáspár; Ansorge, Ulrich",Speed versus accuracy instructions in the response time concealed information test,Cognitive Research: Principles and Implications,10.1186/s41235-021-00352-8,https://doi.org/10.1186/s41235-021-00352-8,NA,NA,NA,NA,NA,NA,NA,NA,NA
M689ZZBM,2023,"Zhang, Bohua; Meng, Zong; Li, Qing; Chen, Antao; Bodner, Glen E.",EEG-based univariate and multivariate analyses reveal that multiple processes contribute to the production effect in recognition,Cortex,10.1016/j.cortex.2023.04.006,https://www.sciencedirect.com/science/article/pii/S0010945223000953,NA,NA,NA,NA,NA,NA,NA,NA,NA
M84S9XQC,2023,"Bakchich, Julien; Carré, Arnaud; Claes, Nele; Smeding, Annique",The moderating role of socioeconomic status on the relationship between teacher social support and sense of belonging to school,British Journal of Educational Psychology,10.1111/bjep.12545,https://onlinelibrary.wiley.com/doi/abs/10.1111/bjep.12545,NA,NA,NA,NA,NA,NA,NA,NA,NA
M8RI72VX,2023,"Genschow, Oliver; Pauels, Eileen; Krugmann, Katrin; Winter, Alina",Group membership does not modulate goal- versus movement-based imitation,Quarterly Journal of Experimental Psychology,10.1177/17470218221132842,https://doi.org/10.1177/17470218221132842,NA,NA,NA,NA,NA,NA,NA,NA,NA
M8RQGIQH,2024,"Zhang, Guanghui; Garrett, David R.; Luck, Steven J.",Optimal filters for ERP research II: Recommended settings for seven common ERP components,Psychophysiology,10.1111/psyp.14530,https://onlinelibrary.wiley.com/doi/abs/10.1111/psyp.14530,NA,NA,NA,NA,NA,NA,NA,NA,NA
M8WFUJMF,2010,"Wilson, John Paul; Hugenberg, Kurt","When under threat, we all look the same: Distinctiveness threat induces ingroup homogeneity in face memory",Journal of Experimental Social Psychology,10.1016/j.jesp.2010.07.005,https://www.sciencedirect.com/science/article/pii/S0022103110001563,NA,NA,NA,NA,NA,NA,NA,NA,NA
MF58PG6F,2020,"Landwehr, Jan R.; Eckmann, Lisa",The nature of processing fluency: Amplification versus hedonic marking,Journal of Experimental Social Psychology,10.1016/j.jesp.2020.103997,https://linkinghub.elsevier.com/retrieve/pii/S0022103119302732,NA,NA,NA,NA,NA,NA,NA,NA,NA
MFENYZLY,2025,"Jongman-Sereno, Katrina P.; Reich, Jessica C.; Pond, Richard S.; Leary, Mark R.","Intellectual humility in romantic relationships: Implications for relationship satisfaction, argument frequency, and conflict behaviors",Journal of Research in Personality,10.1016/j.jrp.2025.104598,https://www.sciencedirect.com/science/article/pii/S0092656625000303,NA,NA,NA,NA,NA,NA,NA,NA,NA
MH9S7JEU,2024,"Fobert, Sophie; Varin, Rose; Cossette, Isabelle; Fournier, Kaitline R. C.; Brosseau-Liard, Patricia E.",Children presume confident informants will be accurate (until proven otherwise),Infant and Child Development,10.1002/icd.2551,https://onlinelibrary.wiley.com/doi/abs/10.1002/icd.2551,NA,NA,NA,NA,NA,NA,NA,NA,NA
MIAK3IDT,2025,"Muller-Boysen, Thekla; Pirla, Sergio; Pfattheicher, Stefan",On the relation between boredom and social behavior: A registered report,Journal of Experimental Social Psychology,10.1016/j.jesp.2025.104804,,NA,NA,NA,NA,NA,NA,NA,NA,NA
MPJC87JX,2024,"Ma, Gloria W. S.; Schöne, Jonas P.; Parkinson, Brian",Social sharing of emotion during the collective crisis of COVID-19,British Journal of Psychology,10.1111/bjop.12729,https://onlinelibrary.wiley.com/doi/abs/10.1111/bjop.12729,NA,NA,NA,NA,NA,NA,NA,NA,NA
MVV49V27,2010,"Ngo, Mary Kim; Spence, Charles","Auditory, tactile, and multisensory cues facilitate search for dynamic visual stimuli","Attention, Perception, & Psychophysics",10.3758/APP.72.6.1654,https://doi.org/10.3758/APP.72.6.1654,NA,NA,NA,NA,NA,NA,NA,NA,NA
MY5HFI2T,2023,"Turnbull, Adam; Anthony, Mia; Tadin, Duje; Porsteinsson, Anton P.; Heffner, Kathi; Lin, Feng V.",Effect of online tDCS to left somatomotor cortex on neuropsychiatric symptoms among older adults at risk for dementia,Cortex,10.1016/j.cortex.2022.10.015,https://www.sciencedirect.com/science/article/pii/S0010945222003239,NA,NA,NA,NA,NA,NA,NA,NA,NA
N299MBW7,2010,"Willcutt, Erik G.; Betjemann, Rebecca S.; McGrath, Lauren M.; Chhabildas, Nomita A.; Olson, Richard K.; DeFries, John C.; Pennington, Bruce F.",Etiology and neuropsychology of comorbidity between RD and ADHD: The case for multiple-deficit models,Cortex,10.1016/j.cortex.2010.06.009,https://www.sciencedirect.com/science/article/pii/S0010945210001814,NA,NA,NA,NA,NA,NA,NA,NA,NA
N3AIJ2TP,2023,"Carpentier, Naomi; Hermans, Dirk; Scheveneels, Sara",Is It Safe Now? Intolerance of Uncertainty as a Pre-treatment Predictor of Exposure Outcome,Collabra: Psychology,10.1525/collabra.77777,https://doi.org/10.1525/collabra.77777,NA,NA,NA,NA,NA,NA,NA,NA,NA
N7GDLL2Z,2010,"Herbert, Beate M.; Pollatos, Olga; Flor, Herta; Enck, Paul; Schandry, Rainer",Cardiac awareness and autonomic cardiac reactivity during emotional picture viewing and mental stress,Psychophysiology,10.1111/j.1469-8986.2009.00931.x,https://onlinelibrary.wiley.com/doi/10.1111/j.1469-8986.2009.00931.x,NA,NA,NA,NA,NA,NA,NA,NA,NA
N7WZTP6R,2010,"Litman, Jordan A.; Lunsford, George D.",Incurious Motives to Seek Information about Potential Threats,European Journal of Personality,10.1002/per.766,https://journals.sagepub.com/doi/10.1002/per.766,NA,NA,NA,NA,NA,NA,NA,NA,NA
N87KV3NW,2024,"Abado, Elinor; Aue, Tatjana; Pourtois, Gilles; Okon-Singer, Hadas",Expectancy and attention bias to spiders: Dissecting anticipation and allocation processes using ERPs,Psychophysiology,10.1111/psyp.14546,,NA,NA,NA,NA,NA,NA,NA,NA,NA
N8H2IU4X,2022,"Frech, Marie-Lena; Häusser, Jan Alexander; Siems, Marie-Carolin; Loschelder, David D",Anchoring and sleep inertia: sleep inertia during nighttime awakening does not magnify the anchoring bias,Experimental Psychology,,https://econtent.hogrefe.com/doi/10.1027/1618-3169/a000552,NA,NA,NA,NA,NA,NA,NA,NA,NA
NCD5VPU2,2021,"Levin, Fedor; Fiedler, Susann; Weber, Bernd",Positivity effect and decision making in ageing,Cognition and Emotion,10.1080/02699931.2021.1884533,https://doi.org/10.1080/02699931.2021.1884533,NA,NA,NA,NA,NA,NA,NA,NA,NA
NDE8WSUH,2010,"Mercer, Tom; McKeown, Denis",Rapid Communication: Interference in Short-Term Auditory Memory,Quarterly Journal of Experimental Psychology,10.1080/17470211003802467,https://journals.sagepub.com/doi/10.1080/17470211003802467,NA,NA,NA,NA,NA,NA,NA,NA,NA
NGBY995E,2024,"Duncan, Robert J.; Nordgren, Inga; Schmitt, Sara A.; Vandell, Deborah Lowe",Additive and synergistic relations of early mother–child and caregiver–child interactions and socioeconomic outcomes in adulthood,Infant and Child Development,10.1002/icd.2406,https://onlinelibrary.wiley.com/doi/abs/10.1002/icd.2406,NA,NA,NA,NA,NA,NA,NA,NA,NA
NGI87YY8,2023,"Keating, Jennifer; Gerson, Sarah A.; Jones, Catherine R. G.; Vanderwert, Ross E.; Purcell, Catherine",Possible disrupted biological movement processing in Developmental Coordination Disorder,Cortex,10.1016/j.cortex.2023.06.018,https://www.sciencedirect.com/science/article/pii/S0010945223001818,NA,NA,NA,NA,NA,NA,NA,NA,NA
NHGAQ4ZK,2010,"Fishbach, Ayelet; Zhang, Ying; Trope, Yaacov",Counteractive evaluation: Asymmetric shifts in the implicit value of conflicting motivations,Journal of Experimental Social Psychology,10.1016/j.jesp.2009.09.008,https://www.sciencedirect.com/science/article/pii/S0022103109002297,NA,NA,NA,NA,NA,NA,NA,NA,NA
NI3N6CFN,2010,"Beattie, S.; Davies, M.",A test of engagement versus disengagement in catastrophe models,British Journal of Psychology,10.1348/000712609X467891,https://bpspsychub.onlinelibrary.wiley.com/doi/10.1348/000712609X467891,NA,NA,NA,NA,NA,NA,NA,NA,NA
NIEL6J8H,2010,"Sakai, Tetsuya; Isarida, Toshiko K.; Isarida, Takeo",Context-dependent effects of background colour in free recall with spatially grouped words,Memory,10.1080/09658211.2010.508748,http://www.tandfonline.com/doi/abs/10.1080/09658211.2010.508748,NA,NA,NA,NA,NA,NA,NA,NA,NA
NIJTG6RP,2021,"Cadario, Romain; Longoni, Chiara; Morewedge, Carey K.","Understanding, explaining, and utilizing medical artificial intelligence",Nature Human Behaviour,10.1038/s41562-021-01146-0,https://www.nature.com/articles/s41562-021-01146-0,NA,NA,NA,NA,NA,NA,NA,NA,NA
NNYFUMI4,2022,"Bower, Corinne A.; Zimmermann, Laura; Verdine, Brian N.; Pritulsky, Calla; Golinkoff, Roberta Michnick; Hirsh-Pasek, Kathy",Enhancing spatial skills of preschoolers from under-resourced backgrounds: A comparison of digital app vs. concrete materials,Developmental Science,10.1111/desc.13148,https://onlinelibrary.wiley.com/doi/abs/10.1111/desc.13148,NA,NA,NA,NA,NA,NA,NA,NA,NA
P9QUBJFM,2023,"Fürtjes, Anna E.; Cole, James H.; Couvy-Duchesne, Baptiste; Ritchie, Stuart J.",A quantified comparison of cortical atlases on the basis of trait morphometricity,Cortex,10.1016/j.cortex.2022.11.001,https://linkinghub.elsevier.com/retrieve/pii/S0010945222003008,NA,NA,NA,NA,NA,NA,NA,NA,NA
PE3PUYWV,2019,"Marciano, Déborah; Krispin, Eden; Bourgeois-Gironde, Sacha; Deouell, Leon Y",Limited resources or limited luck? Why people perceive an illusory negative correlation between the outcomes of choice options despite unequivocal evidence for independence,Judgment and Decision Making,,,NA,NA,NA,NA,NA,NA,NA,NA,NA
PEFWVYQS,2022,"Wang, Min; Yang, Ping; Zhang, Tingting; Li, Wenjuan; Zhang, Junjun; Jin, Zhenlan; Li, Ling",Working memory biases early object discrimination and parietal activity during attentional selection,Cortex,10.1016/j.cortex.2022.08.009,https://www.sciencedirect.com/science/article/pii/S0010945222002593,NA,NA,NA,NA,NA,NA,NA,NA,NA
PL3RBGGA,2025,"Yuan, Jing; Shi, Guangyuan; Zhang, Qin; Cui, Lixia",Visual search attentional bias modification reduced the attentional bias in socially anxious individuals,Psychophysiology,10.1111/psyp.14724,https://onlinelibrary.wiley.com/doi/abs/10.1111/psyp.14724,NA,NA,NA,NA,NA,NA,NA,NA,NA
PL8UBHGD,2022,"Fessinger, Melanie B.; Kovera, Margaret Bull",From whose perspective? Differences between actors and observers in determining the voluntariness of guilty pleas,Law and Human Behavior,10.1037/lhb0000501,,NA,NA,NA,NA,NA,NA,NA,NA,NA
PP943BLA,2010,"Bernier, Marjorie; Fournier, Jean F.",Functions of mental imagery in expert golfers,Psychology of Sport and Exercise,10.1016/j.psychsport.2010.05.006,https://linkinghub.elsevier.com/retrieve/pii/S1469029210000634,NA,NA,NA,NA,NA,NA,NA,NA,NA
PRFIFLVE,2025,"Leu, Chiara; Forest, Sebastien; Legrain, Valery; Liberati, Giulia",The effect of stimulus saliency on the modulation of ongoing neural oscillations related to thermonociception: A registered report,Cortex,10.1016/j.cortex.2025.02.009,,NA,NA,NA,NA,NA,NA,NA,NA,NA
PWTM9QM4,2023,"McKinley, Geoffrey L.; Peterson, Daniel J.",Using objective measures to examine the effect of suspect-filler similarity on eyewitness identification performance - Final Registered Report,Cognitive Research: Principles and Implications,10.1186/s41235-023-00522-w,https://doi.org/10.1186/s41235-023-00522-w,NA,NA,NA,NA,NA,NA,NA,NA,NA
Q3ER2C6E,2020,"Zhao, Jiayan; Simpson, Mark; Wallgrün, Jan Oliver; Sajjadi, Pejman; Klippel, Alexander",Exploring the effects of geographic scale on spatial learning,Cognitive Research: Principles and Implications,10.1186/s41235-020-00214-9,https://doi.org/10.1186/s41235-020-00214-9,NA,NA,NA,NA,NA,NA,NA,NA,NA
Q4JRWG9V,2025,"Weinstein, Netta; Itzchakov, Guy","Empathic listening satisfies speakers' psychological needs and well-being, but doesn't directly deepen solitude experiences: A registered report☆",Journal of Experimental Social Psychology,10.1016/j.jesp.2024.104716,,NA,NA,NA,NA,NA,NA,NA,NA,NA
Q5E6FAMR,2025,"Lahay, Ryan; Leach, Amy-May; Cutler, Brian L.; Woolridge, Lyndsay R.; Elliott, Elizabeth",(MIS)measuring cognitive load and arousal in deception: A multitrait–multimethod analysis,Legal and Criminological Psychology,10.1111/lcrp.12299,https://onlinelibrary.wiley.com/doi/abs/10.1111/lcrp.12299,NA,NA,NA,NA,NA,NA,NA,NA,NA
Q7LFV2Q4,2024,"Liu, Yuping; Hopwood, Christopher J; Du, Tianwei V; Lynam, Donald R; Miller, Joshua D; Zhou, Bingtao; Yang, Bo",Examining the structure of narcissism and its relationship with aggression in Chinese community and offender samples,European Journal of Personality,10.1177/08902070241229246,https://doi.org/10.1177/08902070241229246,NA,NA,NA,NA,NA,NA,NA,NA,NA
QABLGJ33,2021,"Mertens, Gaëtan; Bouwman, Vera; Engelhard, Iris M.",Conceptual fear generalization gradients and their relationship with anxious traits: Results from a Registered Report,International Journal of Psychophysiology,10.1016/j.ijpsycho.2021.09.007,https://linkinghub.elsevier.com/retrieve/pii/S0167876021008850,NA,NA,NA,NA,NA,NA,NA,NA,NA
QLLDHW67,2024,"Kim, Matthew H.; Sidney, Pooja G.",Do teacher instructional practices shape children's academic self-concept and interest in mathematics and science? Evidence from TIMSS 2015,Infant and Child Development,10.1002/icd.2429,,NA,NA,NA,NA,NA,NA,NA,NA,NA
QMW7CHW4,2025,"Lei, Yatian; Wen, Fangfang; Zuo, Bin",Self-anchoring toward groups shapes changes in intergroup attitudes during intergroup interactions,Journal of Experimental Social Psychology,10.1016/j.jesp.2025.104817,https://www.sciencedirect.com/science/article/pii/S0022103125000988,NA,NA,NA,NA,NA,NA,NA,NA,NA
QQ8LDWLA,2025,"Dodson, Samantha J.; Goodwin, Rachael D.; Wakslak, Cheryl J.; Diekmann, Kristina A.; Graham, Jesse","She sees the trees, he sees the forest: Descriptive gender stereotypes of concreteness and abstractness",Journal of Personality and Social Psychology,10.1037/pspa0000453,,NA,NA,NA,NA,NA,NA,NA,NA,NA
QR3EHLLH,2024,"Tal, Amir; Sar-Shalom, May; Krawitz, Tzahi; Biderman, Dan; Mudrik, Liad",Awareness is needed for contextual effects in ambiguous object recognition,Cortex,10.1016/j.cortex.2024.01.003,https://www.sciencedirect.com/science/article/pii/S0010945224000091,NA,NA,NA,NA,NA,NA,NA,NA,NA
QTALILWY,2021,"Vaid, Sumer S.; Harari, Gabriella M.",Who uses what and how often?: Personality predictors of multiplatform social media use among young adults,Journal of Research in Personality,10.1016/j.jrp.2020.104005,https://www.sciencedirect.com/science/article/pii/S0092656620300933,NA,NA,NA,NA,NA,NA,NA,NA,NA
QVCEM6MV,2025,"Altay, Sacha; Hoes, Emma; Wojcieszak, Magdalena","Following news on social media boosts knowledge, belief accuracy and trust",Nature Human Behaviour,10.1038/s41562-025-02205-6,https://www.nature.com/articles/s41562-025-02205-6,NA,NA,NA,NA,NA,NA,NA,NA,NA
QXTF5IIR,2023,"Ten Brink, Antonia F.; van Heijst, Marlies; Portengen, Brendan L.; Naber, Marnix; Strauch, Christoph",Uncovering the (un)attended: Pupil light responses index persistent biases of spatial attention in neglect,Cortex,10.1016/j.cortex.2023.06.008,https://www.sciencedirect.com/science/article/pii/S0010945223001673,NA,NA,NA,NA,NA,NA,NA,NA,NA
QXXPUVHY,2010,"Lynn, Margaret T.; Berger, Christopher C.; Riddle, Travis A.; Morsella, Ezequiel",Mind control? Creating illusory intentions through a phony brain–computer interface,Consciousness and Cognition,10.1016/j.concog.2010.05.007,https://linkinghub.elsevier.com/retrieve/pii/S1053810010001078,NA,NA,NA,NA,NA,NA,NA,NA,NA
R2WKER6P,2023,"Horváth, Áron; Ferentzi, Eszter; Ragó, Anett; Köteles, Ferenc",The retention of proprioceptive information is suppressed by competing verbal and spatial task,Quarterly Journal of Experimental Psychology,10.1177/17470218221096251,https://doi.org/10.1177/17470218221096251,NA,NA,NA,NA,NA,NA,NA,NA,NA
RA2C39P2,2023,"Widlund, Anna; Tuominen, Heta; Korhonen, Johan","Reciprocal effects of mathematics performance, school engagement and burnout during adolescence",British Journal of Educational Psychology,10.1111/bjep.12548,https://onlinelibrary.wiley.com/doi/abs/10.1111/bjep.12548,NA,NA,NA,NA,NA,NA,NA,NA,NA
REHJCSD7,2021,"Holleman, Bregje; Kamoen, Naomi; Struiksma, Marijn",The affect of negativity: testing the Foreign Language Effect in three types of valence framing and a moral dilemma,Cognition and Emotion,10.1080/02699931.2021.1889472,https://doi.org/10.1080/02699931.2021.1889472,NA,NA,NA,NA,NA,NA,NA,NA,NA
RKNR2C6I,2024,"Woods, Adrienne D.; Jiao, June L. L.; Morgan, Paul L.; Buxton, Orfeu M.","Is sleep longitudinally related to children's achievement, executive function and classroom behaviour?",Infant and Child Development,10.1002/icd.2426,,NA,NA,NA,NA,NA,NA,NA,NA,NA
RMU225W3,2025,"Li, Yilin; Sommer, Werner; Hildebrandt, Andrea; Tian, Liang; Zhou, Changsong",Relationships between classifier-quantified priming effects in ERPs and face cognition abilities: Contributions of task difficulty and latency variability,Cortex,10.1016/j.cortex.2025.06.005,https://www.sciencedirect.com/science/article/pii/S0010945225001625,NA,NA,NA,NA,NA,NA,NA,NA,NA
RQDZSDDH,2020,"Kubik, Veit; Del Missier, Fabio; Mäntylä, Timo",Spatial ability contributes to memory for delayed intentions,Cognitive Research: Principles and Implications,10.1186/s41235-020-00229-2,https://doi.org/10.1186/s41235-020-00229-2,NA,NA,NA,NA,NA,NA,NA,NA,NA
RQU5ULU6,2022,"Gainsburg, Izzy; Earl, Allison","Safe here, but unsafe there? Institutional signals of identity safety also signal prejudice in the broader environment",Journal of Experimental Social Psychology,10.1016/j.jesp.2021.104232,https://www.sciencedirect.com/science/article/pii/S0022103121001359,NA,NA,NA,NA,NA,NA,NA,NA,NA
RRVSYYRB,2021,"De Lillo, Martina; Foley, Rebecca; Fysh, Matthew C.; Stimson, Aimée; Bradford, Elisabeth E. F.; Woodrow-Hill, Camilla; Ferguson, Heather J.","Tracking developmental differences in real-world social attention across adolescence, young adulthood and older adulthood",Nature Human Behaviour,10.1038/s41562-021-01113-9,https://www.nature.com/articles/s41562-021-01113-9,NA,NA,NA,NA,NA,NA,NA,NA,NA
RUSYVYKY,2022,"Li, Jianan; Jongerling, Joran; Dijkstra, Katinka; Zwaan, Rolf",The Influence of Utterance-Related Factors on the Use of Direct and Indirect Speech,Collabra: Psychology,10.1525/collabra.33631,https://doi.org/10.1525/collabra.33631,NA,NA,NA,NA,NA,NA,NA,NA,NA
S2HGYPSE,2024,"Lowes, Judith; Hancock, Peter J. B.; Bobak, Anna K.",A new way of classifying developmental prosopagnosia: Balanced Integration Score,Cortex,10.1016/j.cortex.2023.12.011,https://www.sciencedirect.com/science/article/pii/S0010945224000054,NA,NA,NA,NA,NA,NA,NA,NA,NA
S3GT88LS,2010,"Morewedge, Carey K.; Gilbert, Daniel T.; Myrseth, Kristian Ove R.; Kassam, Karim S.; Wilson, Timothy D.",Consuming experience: Why affective forecasters overestimate comparative value,Journal of Experimental Social Psychology,10.1016/j.jesp.2010.07.010,https://www.sciencedirect.com/science/article/pii/S0022103110001617,NA,NA,NA,NA,NA,NA,NA,NA,NA
S4KDIZY5,2023,"Silas, Jonathan; Jones, Alexander; Yarrow, Kielan; Anderson, Wayne",Spatial attention is not affected by alpha or beta transcranial alternating current stimulation: A registered report,Cortex,10.1016/j.cortex.2023.03.011,,NA,NA,NA,NA,NA,NA,NA,NA,NA
S73NSZ9Z,2024,"Lin, Ting-Yu; Cheng, Hao-Chien; Tsai, Yi-Luen; Liu, Hung-Wen; Hung, Tsung-Min",Effects of resistance exercises on inhibitory control and plasma epinephrine levels: A registered report of a crossover randomized controlled trial,Psychophysiology,10.1111/psyp.14489,,NA,NA,NA,NA,NA,NA,NA,NA,NA
S9X34WM7,2023,"Basanovic, Julian; Dondzilo, Laura; Rudaizky, Daniel; Van Bockstaele, Bram",Reliability and convergence of approach/avoidance bias assessment tasks in the food consumption domain,Quarterly Journal of Experimental Psychology,10.1177/17470218221108270,https://doi.org/10.1177/17470218221108270,NA,NA,NA,NA,NA,NA,NA,NA,NA
SA7CM5A2,2022,"Metcalf, Stacy; Dickerson, Kelli L.; Lavoie, Jennifer; Quas, Jodi A.",The COVID-19 pandemic and lay perceptions of poverty and neglect,Law and Human Behavior,10.1037/lhb0000491,,NA,NA,NA,NA,NA,NA,NA,NA,NA
SAACSQZK,2021,"Rychlowska, Magdalena; van der Schalk, Job; Niedenthal, Paula; Martin, Jared; Carpenter, Stephanie M.; Manstead, Antony S. R.","Dominance, reward, and affiliation smiles modulate the meaning of uncooperative or untrustworthy behaviour",Cognition and Emotion,10.1080/02699931.2021.1948391,https://doi.org/10.1080/02699931.2021.1948391,NA,NA,NA,NA,NA,NA,NA,NA,NA
SCXZNKAE,2026,"Yan, Xiaohui; Xu, Shilin; Feng, Guoyan; Cao, Fan",Abnormal Developmental Trajectories in the Brain in Individuals With Reading Disability,Developmental Science,10.1111/desc.70113,https://onlinelibrary.wiley.com/doi/abs/10.1111/desc.70113,NA,NA,NA,NA,NA,NA,NA,NA,NA
SSUERGTP,2020,"Jensen, Anne; Merz, Simon; Spence, Charles; Frings, Christian",Interference of irrelevant information in multisensory selection depends on attentional set,"Attention, Perception, & Psychophysics",10.3758/s13414-019-01848-8,https://doi.org/10.3758/s13414-019-01848-8,NA,NA,NA,NA,NA,NA,NA,NA,NA
SX98RUKJ,2024,"Schaefer, Martin; Hrysanidis, Caitlin; Lundström, Johan N.; Arshamian, Artin",Phase-locked breathing does not affect episodic visual recognition memory but does shape its corresponding ERPs,Psychophysiology,10.1111/psyp.14493,https://onlinelibrary.wiley.com/doi/abs/10.1111/psyp.14493,NA,NA,NA,NA,NA,NA,NA,NA,NA
SXEPZXKW,2026,"Pillai, Raunak M.; Arshad, Suha; Fazio, Lisa K.",How prior knowledge and statement truth affect retrieval experiences over time,Memory,10.1080/09658211.2025.2584452,,NA,NA,NA,NA,NA,NA,NA,NA,NA
T3GU2BVN,2021,"de Carvalho, Alex; Crimon, Cécile; Barrault, Axel; Trueswell, John; Christophe, Anne",“Look! It is not a bamoule!”: 18- and 24-month-olds can use negative sentences to constrain their interpretation of novel word meanings,Developmental Science,10.1111/desc.13085,https://onlinelibrary.wiley.com/doi/abs/10.1111/desc.13085,NA,NA,NA,NA,NA,NA,NA,NA,NA
T3R973L9,2010,"Palfai, Tibor P.; Ostafin, Brian D.",Action identification of drinking and self-control.,Psychology of Addictive Behaviors,10.1037/a0018249,https://doi.apa.org/doi/10.1037/a0018249,NA,NA,NA,NA,NA,NA,NA,NA,NA
T7FYCHXU,2023,"Vormbrock, Ria; Bruchmann, Maximilian; Menne, Lucas; Straube, Thomas; Schindler, Sebastian",Testing stimulus exposure time as the critical factor of increased EPN and LPP amplitudes for fearful faces during perceptual distraction tasks,Cortex,10.1016/j.cortex.2022.12.011,https://linkinghub.elsevier.com/retrieve/pii/S0010945222003422,NA,NA,NA,NA,NA,NA,NA,NA,NA
TDV3VD37,2020,"Liu, Huanxu; Yang, Jingwen; Yamada, Yuki",Heat and fraud: evaluating how room temperature influences fraud likelihood,Cognitive Research: Principles and Implications,10.1186/s41235-020-00261-2,https://doi.org/10.1186/s41235-020-00261-2,NA,NA,NA,NA,NA,NA,NA,NA,NA
THXTRLHG,2024,"Silverstein, Priya; Pennington, Charlotte R.; Branney, Peter; O'Connor, Daryl B.; Lawlor, Emma; O'Brien, Emer; Lynott, Dermot",A registered report survey of open research practices in psychology departments in the UK and Ireland,British Journal of Psychology,10.1111/bjop.12700,,NA,NA,NA,NA,NA,NA,NA,NA,NA
TIE7N8BF,2019,"Gunnell, Daniel O. A.; Kunar, Melina A.; Norman, Danielle G.; Watson, Derrick G.",The hazards of perception: evaluating a change blindness demonstration within a real-world driver education course,Cognitive Research: Principles and Implications,10.1186/s41235-019-0165-4,https://doi.org/10.1186/s41235-019-0165-4,NA,NA,NA,NA,NA,NA,NA,NA,NA
TJUHF4ZQ,2010,"Armeli, Stephen; Conner, Tamlin S.; Cullum, Jerry; Tennen, Howard",A longitudinal analysis of drinking motives moderating the negative affect-drinking association among college students.,Psychology of Addictive Behaviors,10.1037/a0017530,https://doi.apa.org/doi/10.1037/a0017530,NA,NA,NA,NA,NA,NA,NA,NA,NA
TLYLDNR5,2010,"Kappenman, Emily S.; Luck, Steven J.",The effects of electrode impedance on data quality and statistical significance in ERP recordings,Psychophysiology,10.1111/j.1469-8986.2010.01009.x,https://onlinelibrary.wiley.com/doi/10.1111/j.1469-8986.2010.01009.x,NA,NA,NA,NA,NA,NA,NA,NA,NA
TMRW8L9P,2025,"Fajkowska, Małgorzata; Alessandri, Guido; Cyniak-Cieciura, Maria; Dobrowolski, Paweł; Filosa, Lorenzo; Popiel, Agnieszka; Zawadzki, Bogdan",Personality (in)coherence and protective/vulnerability factors in the context of prolonged stress,Journal of Research in Personality,10.1016/j.jrp.2025.104668,https://www.sciencedirect.com/science/article/pii/S009265662500100X,NA,NA,NA,NA,NA,NA,NA,NA,NA
TQBWJMG8,2024,"Parnes, Jamie E.; Le, Thomas P.; Mereish, Ethan H.; Miranda Jr., Robert","Daily associations between resilience factors, substance use, and affect among sexual minority youth",Psychology of Addictive Behaviors,10.1037/adb0000998,,NA,NA,NA,NA,NA,NA,NA,NA,NA
TS9VDG2C,2026,"Raza, Sumaiyah; Schomaker, Judith; Quent, Jorn Alexander; Anderson, Michael C.; Henson, Richard N.",Proactive and retroactive effects of novelty and rest on memory,Quarterly Journal of Experimental Psychology,10.1177/17470218251346156,,NA,NA,NA,NA,NA,NA,NA,NA,NA
TVUJKPJR,2020,"Bruneau, Emile G.; Kteily, Nour S.; Urbiola, Ana",A collective blame hypocrisy intervention enduringly reduces hostility towards Muslims,Nature Human Behaviour,10.1038/s41562-019-0747-7,https://www.nature.com/articles/s41562-019-0747-7,NA,NA,NA,NA,NA,NA,NA,NA,NA
TVX2QTXF,2020,"Morrison, Alexandra B.; Richmond, Lauren L.",Offloading items from memory: individual differences in cognitive offloading in a short-term memory task,Cognitive Research: Principles and Implications,10.1186/s41235-019-0201-4,https://doi.org/10.1186/s41235-019-0201-4,NA,NA,NA,NA,NA,NA,NA,NA,NA
TWFGSTNN,2021,"Stieger, Mirjam; Liu, Yujun; Graham, Eileen K.; DeFrancisco, Jenna; Lachman, Margie E.",Personality change profiles and changes in cognition among middle-aged and older adults,Journal of Research in Personality,10.1016/j.jrp.2021.104157,https://www.sciencedirect.com/science/article/pii/S0092656621000945,NA,NA,NA,NA,NA,NA,NA,NA,NA
TZJKK545,2022,"Van Cutsem, Jeroen; Van Schuerbeek, Peter; Pattyn, Nathalie; Raeymaekers, Hubert; De Mey, Johan; Meeusen, Romain; Roelands, Bart","A drop in cognitive performance, whodunit? Subjective mental fatigue, brain deactivation or increased parasympathetic activity? It's complicated!",Cortex,10.1016/j.cortex.2022.06.006,https://www.sciencedirect.com/science/article/pii/S0010945222001848,NA,NA,NA,NA,NA,NA,NA,NA,NA
U3MBAJBE,2010,"Hanslmayr, Simon; Leipold, Philipp; Bäuml, Karl-Heinz",Anticipation boosts forgetting of voluntarily suppressed memories,Memory,10.1080/09658210903476548,http://www.tandfonline.com/doi/abs/10.1080/09658210903476548,NA,NA,NA,NA,NA,NA,NA,NA,NA
U4I83D3T,2025,"Pilin, Maya A.; Parnes, Jamie E.; Miranda Jr., Robert; Treloar Padovano, Hayley",Situational correlates of adolescents’ alcohol outcome expectancies in daily life,Psychology of Addictive Behaviors,10.1037/adb0001070,,NA,NA,NA,NA,NA,NA,NA,NA,NA
UAUD2RXY,2010,"Okamura, Hisayoshi; Tsuda, Akira; Yajima, Jumpei; Mark, Hamer; Horiuchi, Satoshi; Toyoshima, Natsuki; Matsuishi, Toyojirou",Short sleeping time and psychobiological responses to acute stress,International Journal of Psychophysiology,10.1016/j.ijpsycho.2010.07.010,https://www.sciencedirect.com/science/article/pii/S0167876010006690,NA,NA,NA,NA,NA,NA,NA,NA,NA
UEEN6M3P,2023,"Murphy, Ellen; North, E.; Nawaz, S.; Omigie, D.",The influence of music liking on episodic memory for rich spatiotemporal contexts,Memory,10.1080/09658211.2022.2154367,https://doi.org/10.1080/09658211.2022.2154367,NA,NA,NA,NA,NA,NA,NA,NA,NA
UUKDPSBL,2024,"Chenot, Quentin; Hamery, Caroline; Truninger, Moritz; Langer, Nicolas; De Boissezon, Xavier; Scannella, Sebastien",Investigating the relationship between resting-state EEG microstates and executive functions: A null finding,Cortex,10.1016/j.cortex.2024.05.019,,NA,NA,NA,NA,NA,NA,NA,NA,NA
UUY9CC3B,2023,"Arslanova, Irena; Meletaki, Vasiliki; Calvo-Merino, Beatriz; Forster, Bettina",Perception of facial expressions involves emotion specific somatosensory cortex activations which are shaped by alexithymia,Cortex,10.1016/j.cortex.2023.06.010,https://www.sciencedirect.com/science/article/pii/S0010945223001703,NA,NA,NA,NA,NA,NA,NA,NA,NA
UV5SURYZ,2010,"Toma, Claudia; Yzerbyt, Vincent; Corneille, Olivier",Anticipated cooperation vs. competition moderates interpersonal projection,Journal of Experimental Social Psychology,10.1016/j.jesp.2009.11.005,https://www.sciencedirect.com/science/article/pii/S0022103109002960,NA,NA,NA,NA,NA,NA,NA,NA,NA
UWEDMZXQ,2022,"Schmidt, Kathleen; Buchanan, Erin M.; Hall, Braeden F.",Registered report: Moderators of the relationship between implicit and explicit measures of evaluation and identification,Journal of Experimental Social Psychology,10.1016/j.jesp.2021.104280,https://linkinghub.elsevier.com/retrieve/pii/S0022103121001839,NA,NA,NA,NA,NA,NA,NA,NA,NA
V342ULES,2024,"Dagan, Or; Nivison, Marissa D.; Bleil, Maria E.; Booth-LaForce, Cathryn; Waters, Theodore E. A.; Roisman, Glenn I.",Longitudinal associations between attachment representations coded in the adult attachment interview in late adolescence and perceptions of romantic relationship adjustment in adulthood,Infant and Child Development,10.1002/icd.2512,https://onlinelibrary.wiley.com/doi/abs/10.1002/icd.2512,NA,NA,NA,NA,NA,NA,NA,NA,NA
V6B5Z7NJ,2025,"Fassi, Luisa; Ferguson, Amanda M.; Przybylski, Andrew K.; Ford, Tamsin J.; Orben, Amy",Social media use in adolescents with and without mental health conditions,Nature Human Behaviour,10.1038/s41562-025-02134-4,,NA,NA,NA,NA,NA,NA,NA,NA,NA
V6HXCZKV,2022,"McMullin, Sara D.; Motschman, Courtney A.; Hatz, Laura E.; McCarthy, Denis M.; Davis-Stober, Clintin P.",Decision strategies while intoxicated relate to alcohol-impaired driving attitudes and intentions,Psychology of Addictive Behaviors,10.1037/adb0000808,,NA,NA,NA,NA,NA,NA,NA,NA,NA
V72DZ4UT,2019,"Bryan, Christopher J.; Yeager, David S.; Hinojosa, Cintia P.",A values-alignment intervention protects adolescents from the effects of food marketing,Nature Human Behaviour,10.1038/s41562-019-0586-6,https://www.nature.com/articles/s41562-019-0586-6,NA,NA,NA,NA,NA,NA,NA,NA,NA
V767EEXZ,2010,"Husnu, Senel; Crisp, Richard J.",Elaboration enhances the imagined contact effect,Journal of Experimental Social Psychology,10.1016/j.jesp.2010.05.014,https://www.sciencedirect.com/science/article/pii/S0022103110001307,NA,NA,NA,NA,NA,NA,NA,NA,NA
VBVMN323,2010,"North, Michael S.; Todorov, Alexander; Osherson, Daniel N.","Inferring the preferences of others from spontaneous, low-emotional facial expressions",Journal of Experimental Social Psychology,10.1016/j.jesp.2010.05.021,https://www.sciencedirect.com/science/article/pii/S0022103110001393,NA,NA,NA,NA,NA,NA,NA,NA,NA
VDVK94YR,2026,"Peterson, Carole; Murphy, Aaron; Hallett, Darcy; Roberts, Pierce D.","Does priming lead to earlier memories, or just earlier dating of memories?",Memory,10.1080/09658211.2026.2633432,https://doi.org/10.1080/09658211.2026.2633432,NA,NA,NA,NA,NA,NA,NA,NA,NA
VE7S6ZTW,2010,"Czernochowski, Daniela; Nessler, Doreen; Friedman, David",On why not to rush older adults-relying on reactive cognitive control can effectively reduce errors at the expense of slowed responses,Psychophysiology,10.1111/j.1469-8986.2009.00973.x,https://onlinelibrary.wiley.com/doi/10.1111/j.1469-8986.2009.00973.x,NA,NA,NA,NA,NA,NA,NA,NA,NA
VFUTCCGT,2020,"Jaeger, Bastian; Todorov, Alexander T.; Evans, Anthony M.; van Beest, Ilja",Can we reduce facial biases? Persistent effects of facial trustworthiness on sentencing decisions,Journal of Experimental Social Psychology,10.1016/j.jesp.2020.104004,https://www.sciencedirect.com/science/article/pii/S0022103119307498,NA,NA,NA,NA,NA,NA,NA,NA,NA
VKY4IYC8,2023,"Lee, Vanessa G",The attentional boost effect overcomes dual-task interference in choice-response tasks,Quarterly Journal of Experimental Psychology,10.1177/17470218231156375,https://doi.org/10.1177/17470218231156375,NA,NA,NA,NA,NA,NA,NA,NA,NA
VMUBW297,2020,"Grasso, Paolo A.; Pietrelli, Mattia; Zanon, Marco; Làdavas, Elisabetta; Bertini, Caterina",Alpha oscillations reveal implicit visual processing of motion in hemianopia,Cortex,10.1016/j.cortex.2018.08.009,https://www.sciencedirect.com/science/article/pii/S0010945218302594,NA,NA,NA,NA,NA,NA,NA,NA,NA
VMULX32M,2011,"Dittner, Antonia J.; Rimes, Katharine; Thorpe, Susan",Negative perfectionism increases the risk of fatigue following a period of stress,Psychology & Health,10.1080/08870440903225892,https://doi.org/10.1080/08870440903225892,NA,NA,NA,NA,NA,NA,NA,NA,NA
VV96QILP,2025,"Sezer, Berke; Ntoumanis, Nikos; Riddell, Hugh; Gucciardi, Daniel F.",An experimental investigation of daily mental contrasting with implementation intentions and goal motives in reducing bedtime procrastination: a registered report,Psychology & Health,10.1080/08870446.2025.2491593,,NA,NA,NA,NA,NA,NA,NA,NA,NA
VZE3DW45,2021,"Aydogan, Gökhan; Daviet, Remi; Karlsson Linnér, Richard; Hare, Todd A.; Kable, Joseph W.; Kranzler, Henry R.; Wetherill, Reagan R.; Ruff, Christian C.; Koellinger, Philipp D.; Nave, Gideon",Genetic underpinnings of risky behaviour relate to altered neuroanatomy,Nature Human Behaviour,10.1038/s41562-020-01027-y,https://www.nature.com/articles/s41562-020-01027-y,NA,NA,NA,NA,NA,NA,NA,NA,NA
W45QIWU3,2020,"Zokaei, Nahid; Sillence, Annie; Kienast, Annika; Drew, Daniel; Plant, Olivia; Slavkova, Ellie; Manohar, Sanjay G.; Husain, Masud","Different patterns of short-term memory deficit in Alzheimer's disease, Parkinson's disease and subjective cognitive impairment",Cortex,10.1016/j.cortex.2020.06.016,https://www.sciencedirect.com/science/article/pii/S0010945220303002,NA,NA,NA,NA,NA,NA,NA,NA,NA
W4TMXYAS,2010,"Gunn, Rachel L.; Smith, Gregory T.","Risk factors for elementary school drinking: Pubertal status, personality, and alcohol expectancies concurrently predict fifth grade alcohol consumption.",Psychology of Addictive Behaviors,10.1037/a0020334,https://doi.apa.org/doi/10.1037/a0020334,NA,NA,NA,NA,NA,NA,NA,NA,NA
W6AW7HDE,2023,"Garcia-Guerrero, Santiago; O’Hora, Denis; Zgonnikov, Arkady; Scherbaum, Stefan",The action dynamics of approach-avoidance conflict during decision-making,Quarterly Journal of Experimental Psychology,10.1177/17470218221087625,https://doi.org/10.1177/17470218221087625,NA,NA,NA,NA,NA,NA,NA,NA,NA
W8ELU4JT,2025,"Grayson, Samantha; Feinberg, Matthew; Willer, Robb; Zaki, Jamil",Ironic effects of prosocial gossip in driving inaccurate social perceptions,Journal of Experimental Social Psychology,10.1016/j.jesp.2024.104682,https://www.sciencedirect.com/science/article/pii/S0022103124000957,NA,NA,NA,NA,NA,NA,NA,NA,NA
WDKV97S6,2019,"Weisberg, Steven M.; Newcombe, Nora S.; Chatterjee, Anjan",Everyday taxi drivers: Do better navigators have larger hippocampi?,Cortex,10.1016/j.cortex.2018.12.024,https://www.sciencedirect.com/science/article/pii/S0010945219300371,NA,NA,NA,NA,NA,NA,NA,NA,NA
WNIL2ZUI,2026,"Ramarushton, Banan; Thompson, Linda; Slavish, Danica C.; Knapp, Ashley A.; Blumenthal, Heidemarie",Short-term prospective and reciprocal relations between social anxiety symptoms and sleep quality among community-recruited adolescents,Psychology & Health,10.1080/08870446.2025.2491586,https://doi.org/10.1080/08870446.2025.2491586,NA,NA,NA,NA,NA,NA,NA,NA,NA
WS67UVKK,2021,"Wang, Ke; Goldenberg, Amit; Dorison, Charles A.; Miller, Jeremy K.; Uusberg, Andero; Lerner, Jennifer S.; Gross, James J.; Agesin, Bamikole Bamikole; Bernardo, Márcia; Campos, Olatz; Eudave, Luis; Grzech, Karolina; Ozery, Daphna Hausman; Jackson, Emily A.; Garcia, Elkin Oswaldo Luis; Drexler, Shira Meir; Jurković, Anita Penić; Rana, Kafeel; Wilson, John Paul; Antoniadi, Maria; Desai, Kermeka; Gialitaki, Zoi; Kushnir, Elizaveta; Nadif, Khaoula; Bravo, Olalla Niño; Nauman, Rafia; Oosterlinck, Marlies; Pantazi, Myrto; Pilecka, Natalia; Szabelska, Anna; Van Steenkiste, I. M. M.; Filip, Katarzyna; Bozdoc, Andreea Ioana; Marcu, Gabriela Mariana; Agadullina, Elena; Adamkovič, Matúš; Roczniewska, Marta; Reyna, Cecilia; Kassianos, Angelos P.; Westerlund, Minja; Ahlgren, Lina; Pöntinen, Sara; Adetula, Gabriel Agboola; Dursun, Pinar; Arinze, Azuka Ikechukwu; Arinze, Nwadiogo Chisom; Ogbonnaya, Chisom Esther; Ndukaihe, Izuchukwu L. G.; Dalgar, Ilker; Akkas, Handan; Macapagal, Paulo Manuel; Lewis, Savannah; Metin-Orta, Irem; Foroni, Francesco; Willis, Megan; Santos, Anabela Caetano; Mokady, Aviv; Reggev, Niv; Kurfali, Merve A.; Vasilev, Martin R.; Nock, Nora L.; Parzuchowski, Michal; Espinoza Barría, Mauricio F.; Vranka, Marek; Kohlová, Markéta Braun; Ropovik, Ivan; Harutyunyan, Mikayel; Wang, Chunhui; Yao, Elvin; Becker, Maja; Manunta, Efisio; Kaminski, Gwenael; Boudesseu, Jordane; Marko, Dafne; Evans, Kortnee; Lewis, David M. G.; Findor, Andrej; Landry, Anais Thibault; Aruta, John Jamir Benzon; Ortiz, Manuel S.; Vally, Zahir; Pronizius, Ekaterina; Voracek, Martin; Lamm, Claus; Grinberg, Maurice; Li, Ranran; Valentova, Jaroslava Varella; Mioni, Giovanna; Cellini, Nicola; Chen, Sau-Chin; Zickfeld, Janis; Moon, Karis; Azab, Habiba; Levy, Neil; Karababa, Alper; Beaudry, Jennifer L.; Boucher, Leanne; Collins, W. Matthew; Todsen, Anna Louise; Van Schie, Kevin; Vintr, Jáchym; Bavolar, Jozef; Kaliska, Lada; Križanić, Valerija; Samojlenko, Lara; Pourafshari, Razieh; Geiger, Sandra J.; Beitner, Julia; Warmelink, Lara; Ross, Robert M.; Stephen, Ian D.; Hostler, Thomas J.; Azouaghe, Soufian; McCarthy, Randy; Szala, Anna; Grano, Caterina; Solorzano, Claudio Singh; Anjum, Gulnaz; Jimenez-Leal, William; Bradford, Maria; Pérez, Laura Calderón; Cruz Vásquez, Julio E.; Galindo-Caballero, Oscar J.; Vargas-Nieto, Juan Camilo; Kácha, Ondřej; Arvanitis, Alexios; Xiao, Qinyu; Cárcamo, Rodrigo; Zorjan, Saša; Tajchman, Zuzanna; Vilares, Iris; Pavlacic, Jeffrey M.; Kunst, Jonas R.; Tamnes, Christian K.; Von Bastian, Claudia C.; Atari, Mohammad; Sharifian, MohammadHasan; Hricova, Monika; Kačmár, Pavol; Schrötter, Jana; Rahal, Rima-Maria; Cohen, Noga; FatahModares, Saeideh; Zrimsek, Miha; Zakharov, Ilya; Koehn, Monica A.; Esteban-Serna, Celia; Calin-Jageman, Robert J.; Krafnick, Anthony J.; Štrukelj, Eva; Isager, Peder Mortvedt; Urban, Jan; Silva, Jaime R.; Martončik, Marcel; Očovaj, Sanja Batić; Šakan, Dušana; Kuzminska, Anna O.; Djordjevic, Jasna Milosevic; Almeida, Inês A. T.; Ferreira, Ana; Lazarevic, Ljiljana B.; Manley, Harry; Ricaurte, Danilo Zambrano; Monteiro, Renan P.; Etabari, Zahra; Musser, Erica; Dunleavy, Daniel; Chou, Weilun; Godbersen, Hendrik; Ruiz-Fernández, Susana; Reeck, Crystal; Batres, Carlota; Kirgizova, Komila; Muminov, Abdumalik; Azevedo, Flavio; Alvarez, Daniela Serrato; Butt, Muhammad Mussaffa; Lee, Jeong Min; Chen, Zhang; Verbruggen, Frederick; Ziano, Ignazio; Tümer, Murat; Charyate, Abdelilah C. A.; Dubrov, Dmitrii; Tejada Rivera, María Del Carmen M. C.; Aberson, Christopher; Pálfi, Bence; Maldonado, Mónica Alarcón; Hubena, Barbora; Sacakli, Asli; Ceary, Chris D.; Richard, Karley L.; Singer, Gage; Perillo, Jennifer T.; Ballantyne, Tonia; Cyrus-Lai, Wilson; Fedotov, Maksim; Du, Hongfei; Wielgus, Magdalena; Pit, Ilse L.; Hruška, Matej; Sousa, Daniela; Aczel, Balazs; Hajdu, Nandor; Szaszi, Barnabas; Adamus, Sylwia; Barzykowski, Krystian; Micheli, Leticia; Schmidt, Nadya-Daniela; Zsido, Andras N.; Paruzel-Czachura, Mariola; Muda, Rafał; Bialek, Michal; Kowal, Marta; Sorokowska, Agnieszka; Misiak, Michal; Mola, Débora; Ortiz, María Victoria; Correa, Pablo Sebastián; Belaus, Anabel; Muchembled, Fany; Ribeiro, Rafael R.; Arriaga, Patricia; Oliveira, Raquel; Vaughn, Leigh Ann; Szwed, Paulina; Kossowska, Małgorzata; Czarnek, Gabriela; Kielińska, Julita; Antazo, Benedict; Betlehem, Ruben; Stieger, Stefan; Nilsonne, Gustav; Simonovic, Nicolle; Taber, Jennifer; Gourdon-Kanhukamwe, Amélie; Domurat, Artur; Ihaya, Keiko; Yamada, Yuki; Urooj, Anum; Gill, Tripat; Čadek, Martin; Bylinina, Lisa; Messerschmidt, Johanna; Kurfalı, Murathan; Adetula, Adeyemi; Baklanova, Ekaterina; Albayrak-Aydemir, Nihan; Kappes, Heather B.; Gjoneska, Biljana; House, Thea; Jones, Marc V.; Berkessel, Jana B.; Chopik, William J.; Çoksan, Sami; Seehuus, Martin; Khaoudi, Ahmed; Bokkour, Ahmed; El Arabi, Kanza Ait; Djamai, Ikhlas; Iyer, Aishwarya; Parashar, Neha; Adiguzel, Arca; Kocalar, Halil Emre; Bundt, Carsten; Norton, James O.; Papadatou-Pastou, Marietta; De La Rosa-Gomez, Anabel; Ankushev, Vladislav; Bogatyreva, Natalia; Grigoryev, Dmitry; Ivanov, Aleksandr; Prusova, Irina; Romanova, Marina; Sarieva, Irena; Terskova, Maria; Hristova, Evgeniya; Kadreva, Veselina Hristova; Janak, Allison; Schei, Vidar; Sverdrup, Therese E.; Askelund, Adrian Dahl; Pineda, Lina Maria Sanabria; Krupić, Dajana; Levitan, Carmel A.; Johannes, Niklas; Ouherrou, Nihal; Say, Nicolas; Sinkolova, Sladjana; Janjić, Kristina; Stojanovska, Marija; Stojanovska, Dragana; Khosla, Meetu; Thomas, Andrew G.; Kung, Franki Y. H.; Bijlstra, Gijsbert; Mosannenzadeh, Farnaz; Balci, Busra Bahar; Reips, Ulf-Dietrich; Baskin, Ernest; Ishkhanyan, Byurakn; Czamanski-Cohen, Johanna; Dixson, Barnaby James Wyld; Moreau, David; Sutherland, Clare A. M.; Chuan-Peng, Hu; Noone, Chris; Flowe, Heather; Anne, Michele; Janssen, Steve M. J.; Topor, Marta; Majeed, Nadyanna M.; Kunisato, Yoshihiko; Yu, Karen; Daches, Shimrit; Hartanto, Andree; Vdovic, Milica; Anton-Boicuk, Lisa; Forbes, Paul A. G.; Kamburidis, Julia; Marinova, Evelina; Nedelcheva-Datsova, Mina; Rachev, Nikolay R.; Stoyanova, Alina; Schmidt, Kathleen; Suchow, Jordan W.; Koptjevskaja-Tamm, Maria; Jernsäther, Teodor; Olofsson, Jonas K.; Bialobrzeska, Olga; Marszalek, Magdalena; Tatachari, Srinivasan; Afhami, Reza; Law, Wilbert; Antfolk, Jan; Žuro, Barbara; Van Doren, Natalia; Soto, Jose A.; Searston, Rachel; Miranda, Jacob; Damnjanović, Kaja; Yeung, Siu Kit; Krupić, Dino; Hoyer, Karlijn; Jaeger, Bastian; Ren, Dongning; Pfuhl, Gerit; Klevjer, Kristoffer; Corral-Frías, Nadia S.; Frias-Armenta, Martha; Lucas, Marc Y.; Torres, Adriana Olaya; Toro, Mónica; Delgado, Lady Grey Javela; Vega, Diego; Solas, Sara Álvarez; Vilar, Roosevelt; Massoni, Sébastien; Frizzo, Thomas; Bran, Alexandre; Vaidis, David C.; Vieira, Luc; Paris, Bastien; Capizzi, Mariagrazia; Coelho, Gabriel Lins De Holanda; Greenburgh, Anna; Whitt, Cassie M.; Tullett, Alexa M.; Du, Xinkai; Volz, Leonhard; Bosma, Minke Jasmijn; Karaarslan, Cemre; Sarıoğuz, Eylül; Allred, Tara Bulut; Korbmacher, Max; Colloff, Melissa F.; Lima, Tiago J. S.; Ribeiro, Matheus Fernando Felix; Verharen, Jeroen P. H.; Karekla, Maria; Karashiali, Christiana; Sunami, Naoyuki; Jaremka, Lisa M.; Storage, Daniel; Habib, Sumaiya; Studzinska, Anna; Hanel, Paul H. P.; Holford, Dawn Liu; Sirota, Miroslav; Wolfe, Kelly; Chiu, Faith; Theodoropoulou, Andriana; Ahn, El Rim; Lin, Yijun; Westgate, Erin C.; Brohmer, Hilmar; Hofer, Gabriela; Dujols, Olivier; Vezirian, Kevin; Feldman, Gilad; Travaglino, Giovanni A.; Ahmed, Afroja; Li, Manyu; Bosch, Jasmijn; Torunsky, Nathan; Bai, Hui; Manavalan, Mathi; Song, Xin; Walczak, Radoslaw B.; Zdybek, Przemysław; Friedemann, Maja; Rosa, Anna Dalla; Kozma, Luca; Alves, Sara G.; Lins, Samuel; Pinto, Isabel R.; Correia, Rita C.; Babinčák, Peter; Banik, Gabriel; Rojas-Berscia, Luis Miguel; Varella, Marco A. C.; Uttley, Jim; Beshears, Julie E.; Thommesen, Katrine Krabbe; Behzadnia, Behzad; Geniole, Shawn N.; Silan, Miguel A.; Maturan, Princess Lovella G.; Vilsmeier, Johannes K.; Tran, Ulrich S.; Izquierdo, Sara Morales; Mensink, Michael C.; Sorokowski, Piotr; Groyecka-Bernard, Agata; Radtke, Theda; Adoric, Vera Cubela; Carpentier, Joelle; Özdoğru, Asil Ali; Joy-Gaba, Jennifer A.; Hedgebeth, Mattie V.; Ishii, Tatsunori; Wichman, Aaron L.; Röer, Jan Philipp; Ostermann, Thomas; Davis, William E.; Suter, Lilian; Papachristopoulos, Konstantinos; Zabel, Chelsea; Onie, Sandersan; Ebersole, Charles R.; Chartier, Christopher R.; Mallik, Peter R.; Urry, Heather L.; Buchanan, Erin M.; Coles, Nicholas A.; Primbs, Maximilian A.; Basnight-Brown, Dana M.; IJzerman, Hans; Forscher, Patrick S.; Moshontz, Hannah",A multi-country test of brief reappraisal interventions on emotions during the COVID-19 pandemic,Nature Human Behaviour,10.1038/s41562-021-01173-x,https://www.nature.com/articles/s41562-021-01173-x,NA,NA,NA,NA,NA,NA,NA,NA,NA
WSDZJKQF,2020,"Hoogeveen, Suzanne; Snoek, Lukas; van Elk, Michiel",Religious belief and cognitive conflict sensitivity: A preregistered fMRI study,Cortex,10.1016/j.cortex.2020.04.011,https://www.sciencedirect.com/science/article/pii/S0010945220301532,NA,NA,NA,NA,NA,NA,NA,NA,NA
WY4LVPMJ,2021,"Diel, Kathi; Broeker, Laura; Raab, Markus; Hofmann, Wilhelm",Motivational and emotional effects of social comparison in sports,Psychology of Sport and Exercise,10.1016/j.psychsport.2021.102048,https://www.sciencedirect.com/science/article/pii/S1469029221001667,NA,NA,NA,NA,NA,NA,NA,NA,NA
WZYALALE,2023,"Bloom, Paul Alexander; Bartlett, Ella; Kathios, Nicholas; Algharazi, Sameah; Siegelman, Matthew; Shen, Fan; Beresford, Lea; DiMaggio-Potter, Michaelle Evangeline; Singh, Anshita; Bennett, Sarah; Natarajan, Nandhini; Lee, Hannah; Sajid, Sumra; Joyce, Erin; Fischman, Rachel; Hutchinson, Samuel; Pan, Sophie; Tottenham, Nim; Aly, Mariam",Effects of familiar music exposure on deliberate retrieval of remote episodic and semantic memories in healthy aging adults,Memory,10.1080/09658211.2023.2166078,https://doi.org/10.1080/09658211.2023.2166078,NA,NA,NA,NA,NA,NA,NA,NA,NA
X3ITIY94,2025,"Junkins, Eleanor J.; Briley, D. A.; Ogolsky, Brian G.; Derringer, Jaime",Registered Report Stage II: Does personality vary by relationship power? An investigation of satisfaction in diverse romantic partnerships,Journal of Research in Personality,10.1016/j.jrp.2025.104597,,NA,NA,NA,NA,NA,NA,NA,NA,NA
X75JA6BQ,2023,"Ward, Emma V",Age and processing effects on perceptual and conceptual priming,Quarterly Journal of Experimental Psychology,10.1177/17470218221090128,https://doi.org/10.1177/17470218221090128,NA,NA,NA,NA,NA,NA,NA,NA,NA
X7G7S4HY,2024,"Clayson, Peter E.; Rocha, Harold A.; McDonald, Julia B.; Baldwin, Scott A.; Larson, Michael J.",A registered report of a two-site study of variations of the flanker task: ERN experimental effects and data quality,Psychophysiology,10.1111/psyp.14607,,NA,NA,NA,NA,NA,NA,NA,NA,NA
X7KVS9VL,2024,"Ambuehl, Sandro",An experimental test of whether financial incentives constitute undue inducement in decision-making,Nature Human Behaviour,10.1038/s41562-024-01817-8,https://www.nature.com/articles/s41562-024-01817-8,NA,NA,NA,NA,NA,NA,NA,NA,NA
XAG83M54,2024,"Šoškić, Anđela; Styles, Suzy J.; Kappenman, Emily S.; Kovic, Vanja",Garden of forking paths in ERP research – Effects of varying pre‐processing and analysis steps in an N400 experiment,Psychophysiology,,https://onlinelibrary.wiley.com/doi/10.1111/psyp.14628,NA,NA,NA,NA,NA,NA,NA,NA,NA
XERZIYCC,2010,"Petersen, Sibylle; Ritz, Thomas",Dependency of illness evaluation on the social comparison context: Findings with implicit measures of affective evaluation of asthma,British Journal of Health Psychology,10.1348/135910709X466676,https://bpspsychub.onlinelibrary.wiley.com/doi/10.1348/135910709X466676,NA,NA,NA,NA,NA,NA,NA,NA,NA
XJ7569SB,2010,"Mitterer, Holger; Jesse, Alexandra",Correlation versus causation in multisensory perception,Psychonomic Bulletin & Review,10.3758/PBR.17.3.329,http://link.springer.com/10.3758/PBR.17.3.329,NA,NA,NA,NA,NA,NA,NA,NA,NA
XLVP58QZ,2009,"Camilleri, Adrian R.; Newell, Ben R.",The role of representation in experience-based choice,Judgment and Decision Making,10.1017/S1930297500001315,https://www.cambridge.org/core/journals/judgment-and-decision-making/article/role-of-representation-in-experiencebased-choice/794BEE2D9EFFA833F0E02DFA7EC97DEE,NA,NA,NA,NA,NA,NA,NA,NA,NA
XMFFK3M8,2021,"Graham, Eileen K.; James, Bryan D.; Jackson, Kathryn L.; Willroth, Emily C.; Luo, Jing; Beam, Christopher R.; Pedersen, Nancy L.; Reynolds, Chandra A.; Katz, Mindy; Lipton, Richard B.; Boyle, Patricia; Wilson, Robert; Bennett, David A.; Mroczek, Daniel K.","A coordinated analysis of the associations among personality traits, cognitive decline, and dementia in older adulthood",Journal of Research in Personality,10.1016/j.jrp.2021.104100,https://linkinghub.elsevier.com/retrieve/pii/S0092656621000374,NA,NA,NA,NA,NA,NA,NA,NA,NA
XRKV26YR,2024,"Riemann, Steffen; van Lück, Jil; Rodríguez-Fornells, Antoni; Flöel, Agnes; Meinzer, Marcus",The role of frontal cortex in novel-word learning and consolidation: Evidence from focal transcranial direct current stimulation,Cortex,10.1016/j.cortex.2024.05.004,https://www.sciencedirect.com/science/article/pii/S0010945224001370,NA,NA,NA,NA,NA,NA,NA,NA,NA
XSQ3NURA,2024,"Zhou, Xinran; Zhang, Mingming; Liang, Lichan; Bian, Yufang",How parent–teacher relationship affects Chinese pupils' school attitudes? The moderation of students' perceptions of academic performance,Infant and Child Development,10.1002/icd.2533,https://onlinelibrary.wiley.com/doi/abs/10.1002/icd.2533,NA,NA,NA,NA,NA,NA,NA,NA,NA
XV9RCYPJ,2010,"Fahim, Cherine; Yoon, Uicheul; Das, Samir; Lyttelton, Oliver; Chen, John; Arnaoutelis, Rozie; Rouleau, Guy; Sandor, Paul; Frey, Kirk; Brandner, Catherine; Evans, Alan C.","Somatosensory–motor bodily representation cortical thinning in Tourette: Effects of tic severity, age and gender",Cortex,10.1016/j.cortex.2009.06.008,https://www.sciencedirect.com/science/article/pii/S0010945209001865,NA,NA,NA,NA,NA,NA,NA,NA,NA
XZUZHV4U,2025,"Clayson, Peter E.; Carbine, Kaylie A.; Shuford, John L.; Mcdonald, Julia B.; Larson, Michael J.","A registered report of preregistration practices in studies of electroencephalogram (EEG) and event-related potentials (ERPs): A first look at accessibility, adherence, transparency, and selection bias",Cortex,10.1016/j.cortex.2025.02.008,,NA,NA,NA,NA,NA,NA,NA,NA,NA
Y3EREH5S,2021,"Vomfell, Lara; Stewart, Neil","Officer bias, over-patrolling and ethnic disparities in stop and search",Nature Human Behaviour,10.1038/s41562-020-01029-w,https://www.nature.com/articles/s41562-020-01029-w,NA,NA,NA,NA,NA,NA,NA,NA,NA
YBI9DBQ2,2010,"Rule, Nicholas O.; Garrett, James V.; Ambady, Nalini",Places and faces: Geographic environment influences the ingroup memory advantage.,Journal of Personality and Social Psychology,10.1037/a0018589,https://doi.apa.org/doi/10.1037/a0018589,NA,NA,NA,NA,NA,NA,NA,NA,NA
YC7ARG76,2021,"Mukherjee, Sumitava; Srinivasan, Narayanan",Hedonic impacts of gains versus losses of time: are we loss averse?,Cognition and Emotion,10.1080/02699931.2021.1907741,https://doi.org/10.1080/02699931.2021.1907741,NA,NA,NA,NA,NA,NA,NA,NA,NA
YCAAJA5G,2020,"Morriss, Jayne; Biagi, Nicolò; Dodd, Helen",Your guess is as good as mine: A registered report assessing physiological markers of fear and anxiety to the unknown in individuals with varying levels of intolerance of uncertainty,International Journal of Psychophysiology,10.1016/j.ijpsycho.2020.07.009,https://linkinghub.elsevier.com/retrieve/pii/S0167876020301847,NA,NA,NA,NA,NA,NA,NA,NA,NA
YKUFYJS7,2021,"Blekić, Wivine; Rossignol, Mandy; Wauthia, Erika; Felmingham, Kim L.",Influence of acute stress on attentional bias toward threat: How a previous trauma exposure disrupts threat apprehension,International Journal of Psychophysiology,10.1016/j.ijpsycho.2021.09.009,https://www.sciencedirect.com/science/article/pii/S0167876021008874,NA,NA,NA,NA,NA,NA,NA,NA,NA
YUIY36QE,2022,"Goedderz, Alexandra; Hahn, Adam",Biases left unattended: People are surprised at racial bias feedback until they pay attention to their biased reactions,Journal of Experimental Social Psychology,10.1016/j.jesp.2022.104374,https://www.sciencedirect.com/science/article/pii/S0022103122000932,NA,NA,NA,NA,NA,NA,NA,NA,NA
YUM9X39I,2011,"Schirillo, James A.",Cross-modal detection using various temporal and spatial configurations,"Attention, Perception, & Psychophysics",10.3758/s13414-010-0012-7,https://doi.org/10.3758/s13414-010-0012-7,NA,NA,NA,NA,NA,NA,NA,NA,NA
YVYGUA8G,2024,"Goldenhaus-Manning, David T.; Cooper, Nicholas R.; Loaiza, Vanessa M.",Examining the role of attention during feature binding in visuospatial working memory,"Attention, Perception, & Psychophysics",10.3758/s13414-023-02655-y,https://doi.org/10.3758/s13414-023-02655-y,NA,NA,NA,NA,NA,NA,NA,NA,NA
Z3I2PMMK,2010,"Basu, Madhavi; Krishnan, Ananthanarayan; Weber‐Fox, Christine",Brainstem correlates of temporal auditory processing in children with specific language impairment,Developmental Science,10.1111/j.1467-7687.2009.00849.x,https://onlinelibrary.wiley.com/doi/10.1111/j.1467-7687.2009.00849.x,NA,NA,NA,NA,NA,NA,NA,NA,NA
Z5X4K7SK,2019,"Jach, Hayley K.; Smillie, Luke D.",To fear or fly to the unknown: Tolerance for ambiguity and Big Five personality traits,Journal of Research in Personality,10.1016/j.jrp.2019.02.003,https://www.sciencedirect.com/science/article/pii/S0092656619300236,NA,NA,NA,NA,NA,NA,NA,NA,NA
ZFIKQPXG,2022,"Liu, Jie; Ilmarinen, Ville-Juhani; Lehane, Christina",Seeing you in me: Moderating role of relationship satisfaction and commitment on assumed similarity in honesty-humility and openness to experience,Journal of Research in Personality,10.1016/j.jrp.2022.104209,https://www.sciencedirect.com/science/article/pii/S0092656622000228,NA,NA,NA,NA,NA,NA,NA,NA,NA
ZHMRAF7I,2010,"Angelelli, Paola; Notarnicola, Alessandra; Judica, Anna; Zoccolotti, Pierluigi; Luzzatti, Claudio",Spelling impairments in Italian dyslexic children: Phenomenological changes in primary school,Cortex,10.1016/j.cortex.2010.06.015,https://www.sciencedirect.com/science/article/pii/S0010945210001875,NA,NA,NA,NA,NA,NA,NA,NA,NA
ZKZKDMM7,2010,"DeBruine, Lisa M.; Jones, Benedict C.; Tybur, Joshua M.; Lieberman, Debra; Griskevicius, Vladas","Women's preferences for masculinity in male faces are predicted by pathogen disgust, but not by moral or sexual disgust",Evolution and Human Behavior,10.1016/j.evolhumbehav.2009.09.003,https://www.sciencedirect.com/science/article/pii/S1090513809000907,NA,NA,NA,NA,NA,NA,NA,NA,NA
ZNYQ8S8E,2023,"Anning, Kate L.; Langley, Kate; Hobson, Christopher; Van Goozen, Stephanie H. M.","Dimensional associations between executive function processes and symptoms of ADHD, ASD, oppositional defiance and anxiety in young school-referred children",Cortex,10.1016/j.cortex.2023.06.005,https://www.sciencedirect.com/science/article/pii/S0010945223001600,NA,NA,NA,NA,NA,NA,NA,NA,NA
ZYEHU8VY,2020,"Fabius, Jasper H.; Nijboer, Tanja C. W.; Fracasso, Alessio; Van der Stigchel, Stefan",Intra-saccadic displacement sensitivity after a lesion to the posterior parietal cortex,Cortex,10.1016/j.cortex.2020.01.027,https://www.sciencedirect.com/science/article/pii/S0010945220300654,NA,NA,NA,NA,NA,NA,NA,NA,NA
ZYK945GM,2022,"Schleider, Jessica L.; Mullarkey, Michael C.; Fox, Kathryn R.; Dobias, Mallory L.; Shroff, Akash; Hart, Erica A.; Roulston, Chantelle A.",A randomized trial of online single-session interventions for adolescent depression during COVID-19,Nature Human Behaviour,10.1038/s41562-021-01235-0,https://www.nature.com/articles/s41562-021-01235-0,NA,NA,NA,NA,NA,NA,NA,NA,NA
